seed,rho,num_agents,trace_lrv,effective_participation
20260930,0.0,1,2.7622513106764877,1.0
20260930,0.0,2,1.2413010530701634,2.2252871725553542
20260930,0.0,4,0.6619226976032547,4.173072355243715
20260930,0.0,8,0.3313133111780918,8.33727839323572
20260930,0.0,16,0.15214000946651796,18.15598224531718
20260930,0.0,32,0.08259809026147433,33.44207235218447
20260930,0.25,1,2.5140771687583054,1.0
20260930,0.25,2,1.4852562440703907,1.6926891765614795
20260930,0.25,4,1.1177137606197496,2.249303227119885
20260930,0.25,8,0.8202362626760535,3.0650646443696945
20260930,0.25,16,0.695938094181456,3.612501154596655
20260930,0.25,32,0.6434477574514663,3.907197032927628
20260930,0.5,1,2.647335004359059,1.0
20260930,0.5,2,1.8411879459215243,1.437840721379508
20260930,0.5,4,1.6171577804100878,1.6370295072183576
20260930,0.5,8,1.3732625052649892,1.927770542201049
20260930,0.5,16,1.2580171177502715,2.104371210062167
20260930,0.5,32,1.2188709013243009,2.171956850789312
20260930,0.75,1,2.687359399585241,1.0
20260930,0.75,2,2.204915702914187,1.2188036921472414
20260930,0.75,4,1.9907288406879013,1.3499374423372585
20260930,0.75,8,1.8839197847224414,1.4264723059751565
20260930,0.75,16,1.81546133973892,1.4802625320414193
20260930,0.75,32,1.7751660117980053,1.513863707239024
20260930,0.9,1,2.4861841170701418,1.0
20260930,0.9,2,2.3382383036939354,1.063272341891963
20260930,0.9,4,2.237956994590073,1.1109168420484044
20260930,0.9,8,2.2040408860631526,1.1280117954213418
20260930,0.9,16,2.170065811762927,1.1456722204431236
20260930,0.9,32,2.1440853439158873,1.1595546437202244
20260930,1.0,1,2.394701186486227,1.0
20260930,1.0,2,2.394701186486227,1.0
20260930,1.0,4,2.394701186486227,1.0
20260930,1.0,8,2.3947011864862273,0.9999999999999998
20260930,1.0,16,2.3947011864862273,0.9999999999999998
20260930,1.0,32,2.394701186486227,1.0
20260931,0.0,1,2.6729309108205936,1.0
20260931,0.0,2,1.2977578878448224,2.0596529875534118
20260931,0.0,4,0.6769395933031308,3.9485515949480976
20260931,0.0,8,0.3313894221115786,8.06583050777227
20260931,0.0,16,0.16989009433800015,15.733294641079766
20260931,0.0,32,0.08483097563575488,31.508902152647135
20260931,0.25,1,2.9166655551459826,1.0
20260931,0.25,2,1.6302767441282184,1.7890616213786779
20260931,0.25,4,1.1411185951540355,2.5559705779330257
20260931,0.25,8,0.8377396696318108,3.4815894016668283
20260931,0.25,16,0.7478693577236448,3.899966651961369
20260931,0.25,32,0.7105711170024445,4.104677892692828
20260931,0.5,1,2.7506784364582706,1.0
20260931,0.5,2,2.0276580308854637,1.3565790653846443
20260931,0.5,4,1.6849509202255153,1.6324976611723014
20260931,0.5,8,1.4454027547712165,1.9030532682869128
20260931,0.5,16,1.3646903154784296,2.015606328600599
20260931,0.5,32,1.3435664147356963,2.047296215721036
20260931,0.75,1,2.564556176068243,1.0
20260931,0.75,2,2.3924476462981477,1.0719382637427408
20260931,0.75,4,2.1896514580557156,1.1712166183495802
20260931,0.75,8,2.0208340033888716,1.2690583055152316
20260931,0.75,16,1.9862554605762894,1.291151227508352
20260931,0.75,32,1.9731320383757824,1.2997387535095226
20260931,0.9,1,2.6683936967798796,1.0
20260931,0.9,2,2.5425254485799353,1.0495052068289994
20260931,0.9,4,2.511171546957883,1.0626090838009297
20260931,0.9,8,2.430146509541122,1.0980381990564616
20260931,0.9,16,2.3913121302533273,1.1158700961790375
20260931,0.9,32,2.3930252034097856,1.1150712884167393
20260931,1.0,1,2.6610942565656885,1.0
20260931,1.0,2,2.6610942565656885,1.0
20260931,1.0,4,2.6610942565656885,1.0
20260931,1.0,8,2.661094256565689,0.9999999999999998
20260931,1.0,16,2.661094256565689,0.9999999999999998
20260931,1.0,32,2.661094256565689,0.9999999999999998
20260932,0.0,1,2.5363005241509535,1.0
20260932,0.0,2,1.2970796198747447,1.955393088664732
20260932,0.0,4,0.7152842688738051,3.545863699958461
20260932,0.0,8,0.3572915710323896,7.09868558282062
20260932,0.0,16,0.1532474147644784,16.55036418101357
20260932,0.0,32,0.07380973026328236,34.36268517855118
20260932,0.25,1,2.296414126509927,1.0
20260932,0.25,2,1.5094501291616091,1.521358064201445
20260932,0.25,4,1.1132603455110988,2.062782650769476
20260932,0.25,8,0.8749901946942122,2.6245026977844796
20260932,0.25,16,0.7953924591407006,2.8871459618700053
20260932,0.25,32,0.7061611310426854,3.251969027407592
20260932,0.5,1,2.1993347635953495,1.0
20260932,0.5,2,1.8031475862207211,1.2197197724702118
20260932,0.5,4,1.5955196115842667,1.3784442056538098
20260932,0.5,8,1.3977252640602842,1.5735100596282072
20260932,0.5,16,1.4056677833301419,1.5646191722377998
20260932,0.5,32,1.3512778707154336,1.6275962266968174
20260932,0.75,1,2.5180821217337748,1.0
20260932,0.75,2,2.216897672465497,1.1358585256365572
20260932,0.75,4,2.2135954048313096,1.1375530127311901
20260932,0.75,8,2.1106777229375457,1.1930206560522285
20260932,0.75,16,2.0412022209764427,1.2336269752485418
20260932,0.75,32,2.016978593573135,1.2484426606000416
20260932,0.9,1,2.616072476838573,1.0
20260932,0.9,2,2.4624685117960685,1.0623780423208211
20260932,0.9,4,2.489011601082288,1.0510487278167107
20260932,0.9,8,2.4504694692901916,1.0675801145958983
20260932,0.9,16,2.408207823487185,1.0863150810009377
20260932,0.9,32,2.401549750706142,1.089326788283005
20260932,1.0,1,2.647982693690147,1.0
20260932,1.0,2,2.647982693690147,1.0
20260932,1.0,4,2.647982693690147,1.0
20260932,1.0,8,2.647982693690147,1.0
20260932,1.0,16,2.647982693690147,1.0
20260932,1.0,32,2.6479826936901465,1.0000000000000002
20260933,0.0,1,2.593578995091579,1.0
20260933,0.0,2,1.404985546235153,1.845982687894136
20260933,0.0,4,0.6579197829925671,3.942089996586833
20260933,0.0,8,0.3302633996708194,7.853062124584966
20260933,0.0,16,0.17033937155000786,15.225951413881797
20260933,0.0,32,0.07327439825285743,35.39543219640755
20260933,0.25,1,2.63522271267425,1.0
20260933,0.25,2,1.7716246473230552,1.487461080797279
20260933,0.25,4,1.1935304329881828,2.2079225127729454
20260933,0.25,8,0.9190666593921276,2.8672813726233866
20260933,0.25,16,0.744533431094259,3.5394283219776965
20260933,0.25,32,0.6976197910280498,3.7774483272483494
20260933,0.5,1,2.4316310271989297,1.0
20260933,0.5,2,1.9984118151203605,1.2167817507886767
20260933,0.5,4,1.6173799922832894,1.5034383007088796
20260933,0.5,8,1.3554967127836581,1.7939040384725937
20260933,0.5,16,1.2754115079796713,1.9065462495714656
20260933,0.5,32,1.2794379703957441,1.90054624254023
20260933,0.75,1,2.644552701700608,1.0
20260933,0.75,2,2.261794861972792,1.169227477771333
20260933,0.75,4,2.0812480647198526,1.2706571343078121
20260933,0.75,8,1.944919409075637,1.3597235388573174
20260933,0.75,16,1.922786531970695,1.375375091165301
20260933,0.75,32,1.8870686934929488,1.401407755223559
20260933,0.9,1,2.6716121583120076,1.0
20260933,0.9,2,2.4654428196379303,1.0836236545548255
20260933,0.9,4,2.326346800018671,1.1484152570418846
20260933,0.9,8,2.2714648730169005,1.176162656111711
20260933,0.9,16,2.285418200173981,1.1689817461454657
20260933,0.9,32,2.25767175034711,1.1833483578386697
20260933,1.0,1,2.486987110692986,1.0
20260933,1.0,2,2.486987110692986,1.0
20260933,1.0,4,2.486987110692986,1.0
20260933,1.0,8,2.4869871106929864,0.9999999999999998
20260933,1.0,16,2.486987110692986,1.0
20260933,1.0,32,2.486987110692986,1.0
20260934,0.0,1,2.792538796158639,1.0
20260934,0.0,2,1.2422916350804107,2.2478931011862477
20260934,0.0,4,0.6869585756554831,4.0650759669082674
20260934,0.0,8,0.342359723297634,8.156738676093964
20260934,0.0,16,0.1832597477177078,15.23814602462647
20260934,0.0,32,0.08697671127440071,32.10674162361148
20260934,0.25,1,2.7161281795386936,1.0
20260934,0.25,2,1.7929989099708343,1.5148521086289313
20260934,0.25,4,1.1497753765431367,2.3623120088941922
20260934,0.25,8,0.9037308216624267,3.0054614874618686
20260934,0.25,16,0.7989112809348461,3.3997869905659814
20260934,0.25,32,0.7655793996558449,3.5478072957026923
20260934,0.5,1,2.7749354141434885,1.0
20260934,0.5,2,2.1987360277576493,1.2620593737091161
20260934,0.5,4,1.7171695555347404,1.6159938342718587
20260934,0.5,8,1.5201132986075525,1.8254793354451755
20260934,0.5,16,1.456305740888685,1.9054621129558502
20260934,0.5,32,1.4547098284343685,1.9075525303420908
20260934,0.75,1,2.8064412258170326,1.0
20260934,0.75,2,2.5853867312998817,1.0855015196917983
20260934,0.75,4,2.2999049269457412,1.2202422773814257
20260934,0.75,8,2.2182968247667008,1.265133319618842
20260934,0.75,16,2.1578648049924016,1.3005639738523447
20260934,0.75,32,2.1506960438224993,1.3048990506482994
20260934,0.9,1,2.866652049072968,1.0
20260934,0.9,2,2.686325462044307,1.0671276022122174
20260934,0.9,4,2.6160150772122215,1.0958086878183593
20260934,0.9,8,2.5580814518858954,1.120625790456979
20260934,0.9,16,2.5417710466295946,1.1278167846290357
20260934,0.9,32,2.518476740073442,1.1382483719064933
20260934,1.0,1,2.7701060042471344,1.0
20260934,1.0,2,2.7701060042471344,1.0
20260934,1.0,4,2.7701060042471344,1.0
20260934,1.0,8,2.7701060042471344,1.0
20260934,1.0,16,2.7701060042471344,1.0
20260934,1.0,32,2.770106004247135,0.9999999999999999
20260935,0.0,1,2.3774449758542944,1.0
20260935,0.0,2,1.2930469778924296,1.8386377420945315
20260935,0.0,4,0.627753325968068,3.7872280042292092
20260935,0.0,8,0.31097325883918847,7.645174973336619
20260935,0.0,16,0.15364146239052587,15.473980388258116
20260935,0.0,32,0.07680663561004444,30.953640358950736
20260935,0.25,1,2.715557074157029,1.0
20260935,0.25,2,1.7267538980009292,1.5726370024708454
20260935,0.25,4,1.1373817374481894,2.3875511490536216
20260935,0.25,8,0.8766579026050405,3.0976245877526356
20260935,0.25,16,0.7667559226049604,3.541618648254131
20260935,0.25,32,0.7105549878468633,3.821740921678362
20260935,0.5,1,2.602248091336282,1.0
20260935,0.5,2,2.1022083393311215,1.2378640321464345
20260935,0.5,4,1.61724061142983,1.60906674798105
20260935,0.5,8,1.4168153346265866,1.8366882597456682
20260935,0.5,16,1.3593664487198382,1.9143094886495895
20260935,0.5,32,1.33167252553056,1.954120131974266
20260935,0.75,1,2.5182529415888397,1.0
20260935,0.75,2,2.4392854497731005,1.032373206597483
20260935,0.75,4,2.1233909768992016,1.1859582003434228
20260935,0.75,8,1.9909435566925584,1.2648540101118038
20260935,0.75,16,1.9837033754529796,1.2694705129559984
20260935,0.75,32,1.978775285614705,1.2726320971845706
20260935,0.9,1,2.546680711828456,1.0
20260935,0.9,2,2.5460681620099557,1.0002405865748767
20260935,0.9,4,2.399437403959749,1.0613657633350693
20260935,0.9,8,2.334600111300616,1.0908423671794008
20260935,0.9,16,2.34199872776845,1.0873962831974016
20260935,0.9,32,2.3486710561417583,1.084307104295812
20260935,1.0,1,2.614479868863392,1.0
20260935,1.0,2,2.614479868863392,1.0
20260935,1.0,4,2.614479868863392,1.0
20260935,1.0,8,2.614479868863392,1.0
20260935,1.0,16,2.614479868863392,1.0
20260935,1.0,32,2.6144798688633926,0.9999999999999998
20260936,0.0,1,2.4883052231592555,1.0
20260936,0.0,2,1.2263836248854214,2.0289778603263176
20260936,0.0,4,0.6467129964585241,3.8476190161408623
20260936,0.0,8,0.3380622948000227,7.360493203275412
20260936,0.0,16,0.1801635173063313,13.81137124964318
20260936,0.0,32,0.08378803131926854,29.69762129483314
20260936,0.25,1,2.3756509040048015,1.0
20260936,0.25,2,1.5188082349093666,1.5641546110964866
20260936,0.25,4,1.1415454110425969,2.0810831360927384
20260936,0.25,8,0.8543302338479759,2.7807173501336457
20260936,0.25,16,0.7403345821335923,3.208888199114436
20260936,0.25,32,0.6658645040627804,3.56776925261782
20260936,0.5,1,2.698508810827755,1.0
20260936,0.5,2,1.8890727662973865,1.4284832532506815
20260936,0.5,4,1.5494102172651738,1.7416361275781613
20260936,0.5,8,1.4272276660769307,1.890734656402253
20260936,0.5,16,1.3882061731051991,1.9438818693563469
20260936,0.5,32,1.3156578365888638,2.05107189406042
20260936,0.75,1,2.692448956144948,1.0
20260936,0.75,2,2.340776128500877,1.1502377025133521
20260936,0.75,4,2.138787778163175,1.2588668140124055
20260936,0.75,8,2.071930854582352,1.2994878425552847
20260936,0.75,16,2.067785867694151,1.3020927351376945
20260936,0.75,32,2.0288580934525884,1.3270760359405425
20260936,0.9,1,2.737124637225683,1.0
20260936,0.9,2,2.5390827393268887,1.077997418056292
20260936,0.9,4,2.483443373127453,1.1021490028092584
20260936,0.9,8,2.4454292615342594,1.1192818701729341
20260936,0.9,16,2.44625893094408,1.118902256258437
20260936,0.9,32,2.4330478909626114,1.1249777069298732
20260936,1.0,1,2.737039869317867,1.0
20260936,1.0,2,2.737039869317867,1.0
20260936,1.0,4,2.737039869317867,1.0
20260936,1.0,8,2.737039869317867,1.0
20260936,1.0,16,2.7370398693178677,0.9999999999999997
20260936,1.0,32,2.737039869317867,1.0
20260937,0.0,1,2.5097723829786447,1.0
20260937,0.0,2,1.3095734543027628,1.9164808012353047
20260937,0.0,4,0.6070715898736805,4.134228029845505
20260937,0.0,8,0.32685176005791505,7.6786258777799965
20260937,0.0,16,0.1760452199929355,14.256407433722764
20260937,0.0,32,0.08685451870403188,28.896278747810715
20260937,0.25,1,2.55066729479356,1.0
20260937,0.25,2,1.4831439256160683,1.7197705837847557
20260937,0.25,4,1.0880837523520772,2.3441828712908
20260937,0.25,8,0.9455649637832709,2.6975061391743655
20260937,0.25,16,0.8818462303295769,2.8924173025497724
20260937,0.25,32,0.8300917962980546,3.072753286044658
20260937,0.5,1,2.6534013384867543,1.0
20260937,0.5,2,1.9834273201955093,1.3377860189125583
20260937,0.5,4,1.7259437769806008,1.5373625571562162
20260937,0.5,8,1.6385759187256772,1.6193337813424649
20260937,0.5,16,1.5996504882034372,1.6587381794049159
20260937,0.5,32,1.5632914749993687,1.697317090843744
20260937,0.75,1,2.7840663298147668,1.0
20260937,0.75,2,2.535364892555463,1.0980929561616795
20260937,0.75,4,2.3478967992926205,1.1857703160775876
20260937,0.75,8,2.291614325952964,1.2148930552077157
20260937,0.75,16,2.287682164758801,1.2169812628269108
20260937,0.75,32,2.2682490952043635,1.227407666865587
20260937,0.9,1,2.8427058173684343,1.0
20260937,0.9,2,2.7198760995142433,1.0451600416195899
20260937,0.9,4,2.7126885468843964,1.0479293026961634
20260937,0.9,8,2.694561388104998,1.0549790514765824
20260937,0.9,16,2.6867708760944264,1.0580380495640476
20260937,0.9,32,2.694288258731477,1.0550859983730305
20260937,1.0,1,2.988688095634512,1.0
20260937,1.0,2,2.988688095634512,1.0
20260937,1.0,4,2.988688095634512,1.0
20260937,1.0,8,2.9886880956345117,1.0000000000000002
20260937,1.0,16,2.9886880956345125,0.9999999999999999
20260937,1.0,32,2.9886880956345125,0.9999999999999999
20260938,0.0,1,2.148085359569641,1.0
20260938,0.0,2,1.0815130748322603,1.9861852894407248
20260938,0.0,4,0.5452248912537984,3.9398152836161007
20260938,0.0,8,0.2935709097341204,7.317092015401344
20260938,0.0,16,0.15199212008050642,14.13287319389883
20260938,0.0,32,0.07932276638928332,27.080313223415924
20260938,0.25,1,3.0084613966886646,1.0
20260938,0.25,2,1.977346954596399,1.5214635902391387
20260938,0.25,4,1.4061291600749455,2.139534178018409
20260938,0.25,8,1.1109217316988715,2.70807682561758
20260938,0.25,16,0.9279627490446616,3.2420066428160808
20260938,0.25,32,0.8445862140855397,3.5620536382375376
20260938,0.5,1,3.0214159775539855,1.0
20260938,0.5,2,2.337477383140273,1.2925968821545895
20260938,0.5,4,1.9507207996111964,1.5488715648883185
20260938,0.5,8,1.755758617253427,1.720860685440038
20260938,0.5,16,1.6349329777884538,1.8480365975864061
20260938,0.5,32,1.6039589385797894,1.8837240186642623
20260938,0.75,1,3.0643483116440793,1.0
20260938,0.75,2,2.672148058486739,1.1467733989932605
20260938,0.75,4,2.4940068927386534,1.228684780529671
20260938,0.75,8,2.4134393730662245,1.2697017981234344
20260938,0.75,16,2.3456598375029785,1.3063907488419826
20260938,0.75,32,2.3699423950793377,1.293005398783752
20260938,0.9,1,3.110627821085761,1.0
20260938,0.9,2,2.903429780587115,1.0713632001311042
20260938,0.9,4,2.8503569875987695,1.0913116618793255
20260938,0.9,8,2.810348911090331,1.106847555052846
20260938,0.9,16,2.7705268591675387,1.1227567820874376
20260938,0.9,32,2.80557108651812,1.108732491589167
20260938,1.0,1,3.065885580059338,1.0
20260938,1.0,2,3.065885580059338,1.0
20260938,1.0,4,3.065885580059338,1.0
20260938,1.0,8,3.065885580059337,1.0000000000000002
20260938,1.0,16,3.0658855800593376,1.0000000000000002
20260938,1.0,32,3.065885580059338,1.0
20260939,0.0,1,2.658152279508817,1.0
20260939,0.0,2,1.2586755363768316,2.111864577236845
20260939,0.0,4,0.6767403117075681,3.927876370777589
20260939,0.0,8,0.33647957609425166,7.899891905368541
20260939,0.0,16,0.16057108057209776,16.55436502038911
20260939,0.0,32,0.07867459434905547,33.78666647730519
20260939,0.25,1,2.5296943500961455,1.0
20260939,0.25,2,1.6106982689266296,1.5705575643177014
20260939,0.25,4,1.2209783681099116,2.071858450704693
20260939,0.25,8,0.972120985358093,2.602242301316333
20260939,0.25,16,0.8892512337604982,2.8447465171327133
20260939,0.25,32,0.7638900272315323,3.3115949415705677
20260939,0.5,1,2.7166291529293547,1.0
20260939,0.5,2,2.0442581368611235,1.3289071003041866
20260939,0.5,4,1.739318234892546,1.5618931018090467
20260939,0.5,8,1.5739941385989449,1.7259461686099418
20260939,0.5,16,1.5561959191771138,1.7456858223647416
20260939,0.5,32,1.4890992461481933,1.824343917946621
20260939,0.75,1,2.909609724073156,1.0
20260939,0.75,2,2.5467678736970436,1.1424715044207736
20260939,0.75,4,2.348995522142338,1.2386612476040504
20260939,0.75,8,2.2114067466158844,1.3157279765586913
20260939,0.75,16,2.2215833456677005,1.3097009075743986
20260939,0.75,32,2.1824865122481967,1.3331627516341185
20260939,0.9,1,2.825465566453027,1.0
20260939,0.9,2,2.7384433941044537,1.031777970118324
20260939,0.9,4,2.693038783612542,1.0491737377294073
20260939,0.9,8,2.6330767973025537,1.0730661442718137
20260939,0.9,16,2.637779397344477,1.0711530954019501
20260939,0.9,32,2.6202767421435493,1.0783080737272126
20260939,1.0,1,2.858410810306688,1.0
20260939,1.0,2,2.858410810306688,1.0
20260939,1.0,4,2.858410810306688,1.0
20260939,1.0,8,2.858410810306688,1.0
20260939,1.0,16,2.858410810306688,1.0
20260939,1.0,32,2.858410810306688,1.0
20260940,0.0,1,2.4941622214161416,1.0
20260940,0.0,2,1.3604969754688976,1.833272889531066
20260940,0.0,4,0.7076090531500627,3.524774323212629
20260940,0.0,8,0.31238669527127966,7.984213985970775
20260940,0.0,16,0.15944438974056824,15.64283463014528
20260940,0.0,32,0.08350205222872387,29.86947212488
20260940,0.25,1,2.7314166004604017,1.0
20260940,0.25,2,1.6764175823543759,1.6293175573978267
20260940,0.25,4,1.071692275320067,2.5486948663921725
20260940,0.25,8,0.8145455127823464,3.353301390281257
20260940,0.25,16,0.6781664314439146,4.027649370147708
20260940,0.25,32,0.6478305906837496,4.216251346787347
20260940,0.5,1,2.501133649042333,1.0
20260940,0.5,2,1.6729220250074224,1.4950688744929614
20260940,0.5,4,1.4153823800170242,1.7671080863760995
20260940,0.5,8,1.2495389162998065,2.0016452600362444
20260940,0.5,16,1.1832686076386842,2.113749687007723
20260940,0.5,32,1.2234598850300609,2.044311938336155
20260940,0.75,1,2.381083144977744,1.0
20260940,0.75,2,2.051020609465085,1.1609259965450764
20260940,0.75,4,1.9354674680216941,1.2302367176501956
20260940,0.75,8,1.8602364559416062,1.2799895074481258
20260940,0.75,16,1.7807516554278182,1.3371225222338476
20260940,0.75,32,1.803329164540405,1.3203818758094474
20260940,0.9,1,2.3672090802230192,1.0
20260940,0.9,2,2.274524568524023,1.0407489604560045
20260940,0.9,4,2.164653133015185,1.0935743210394593
20260940,0.9,8,2.1464554255265966,1.1028456738822165
20260940,0.9,16,2.1205062054830806,1.1163415009595488
20260940,0.9,32,2.1455376716496177,1.1033174161901185
20260940,1.0,1,2.3554492138033183,1.0
20260940,1.0,2,2.3554492138033183,1.0
20260940,1.0,4,2.3554492138033183,1.0
20260940,1.0,8,2.3554492138033174,1.0000000000000004
20260940,1.0,16,2.355449213803318,1.0000000000000002
20260940,1.0,32,2.355449213803318,1.0000000000000002
20260941,0.0,1,2.515031057424383,1.0
20260941,0.0,2,1.0755478587893905,2.3383720555729046
20260941,0.0,4,0.5598217149450011,4.4925571664748105
20260941,0.0,8,0.27175011382649494,9.254940216989796
20260941,0.0,16,0.14258177252647958,17.63921862422705
20260941,0.0,32,0.07917085253390047,31.76713369794095
20260941,0.25,1,2.7147800711644474,1.0
20260941,0.25,2,1.6187568151881848,1.6770771530922308
20260941,0.25,4,1.228655687023248,2.20955317249354
20260941,0.25,8,1.0756100283423515,2.5239445520494637
20260941,0.25,16,0.8732609814190551,3.1087843484692415
20260941,0.25,32,0.8272340368019542,3.281755767279176
20260941,0.5,1,2.8428240663731277,1.0
20260941,0.5,2,2.041490185547705,1.3925239937464777
20260941,0.5,4,1.7845116414377347,1.5930543686914467
20260941,0.5,8,1.7060932111422589,1.666277110656696
20260941,0.5,16,1.5690129310022076,1.8118550906761952
20260941,0.5,32,1.5078302081201227,1.8853741297021762
20260941,0.75,1,3.061321072596198,1.0
20260941,0.75,2,2.616361211242256,1.170068207494436
20260941,0.75,4,2.407151764990207,1.2717607244878688
20260941,0.75,8,2.4320069966194167,1.258763267067715
20260941,0.75,16,2.2542763009650955,1.358006146489493
20260941,0.75,32,2.225869761730949,1.375337014424222
20260941,0.9,1,2.9101991027297616,1.0
20260941,0.9,2,2.687916131548016,1.082697137969751
20260941,0.9,4,2.622301460852269,1.1097881560054974
20260941,0.9,8,2.666760876665908,1.0912861097498212
20260941,0.9,16,2.6135619910930594,1.113499168050206
20260941,0.9,32,2.6181014280320922,1.1115685097491528
20260941,1.0,1,2.916027049121826,1.0
20260941,1.0,2,2.916027049121826,1.0
20260941,1.0,4,2.916027049121826,1.0
20260941,1.0,8,2.9160270491218254,1.0000000000000002
20260941,1.0,16,2.9160270491218254,1.0000000000000002
20260941,1.0,32,2.9160270491218254,1.0000000000000002
20260942,0.0,1,2.598292371886772,1.0
20260942,0.0,2,1.3882601836416049,1.871617728797119
20260942,0.0,4,0.7091507028386904,3.6639495124039976
20260942,0.0,8,0.337632760297548,7.695616887404398
20260942,0.0,16,0.1603019213238836,16.208741295352453
20260942,0.0,32,0.0876450716530019,29.645618662664177
20260942,0.25,1,2.7512751009965553,1.0
20260942,0.25,2,1.638776634781427,1.67885912125145
20260942,0.25,4,1.118589534554645,2.4595931000659212
20260942,0.25,8,0.9237600435895655,2.978343910942061
20260942,0.25,16,0.7405798725369159,3.715028186725952
20260942,0.25,32,0.6803526481067412,4.043895630674322
20260942,0.5,1,2.63969256656599,1.0
20260942,0.5,2,1.8638818313962338,1.416233863167493
20260942,0.5,4,1.488091622986393,1.7738777141077469
20260942,0.5,8,1.4295068937989708,1.8465756115039802
20260942,0.5,16,1.3079356231337165,2.0182129149762607
20260942,0.5,32,1.2859328936055832,2.052745193541668
20260942,0.75,1,2.50800061640358,1.0
20260942,0.75,2,2.1789117387536114,1.1510335970920123
20260942,0.75,4,2.0320847369020365,1.2342008041589296
20260942,0.75,8,2.05882380551884,1.218171564599499
20260942,0.75,16,1.9574626755200955,1.281250798683662
20260942,0.75,32,1.931366609580286,1.2985626881830608
20260942,0.9,1,2.6102904481882385,1.0
20260942,0.9,2,2.4709928410548754,1.0563731326206096
20260942,0.9,4,2.4177323544068217,1.0796440902279525
20260942,0.9,8,2.4100840294075176,1.0830703064033576
20260942,0.9,16,2.3257603742409647,1.1223385165121034
20260942,0.9,32,2.3154828678705623,1.1273201302451425
20260942,1.0,1,2.601700173725573,1.0
20260942,1.0,2,2.601700173725573,1.0
20260942,1.0,4,2.601700173725573,1.0
20260942,1.0,8,2.601700173725573,1.0
20260942,1.0,16,2.6017001737255736,0.9999999999999998
20260942,1.0,32,2.601700173725573,1.0
20260943,0.0,1,2.955862166281884,1.0
20260943,0.0,2,1.4737070048782022,2.00573258897292
20260943,0.0,4,0.7566344139874138,3.9065922876871064
20260943,0.0,8,0.35837844621131393,8.247879295003674
20260943,0.0,16,0.17004788639773127,17.38252811545278
20260943,0.0,32,0.08519385571892182,34.69572002978823
20260943,0.25,1,2.3855459721877024,1.0
20260943,0.25,2,1.7036060063770921,1.4002920647484869
20260943,0.25,4,1.1019125370160912,2.1649140853298654
20260943,0.25,8,0.9266662785275449,2.5743312640860196
20260943,0.25,16,0.8006719365193012,2.9794299804714033
20260943,0.25,32,0.732400943267971,3.257158519681041
20260943,0.5,1,2.4720516080358257,1.0
20260943,0.5,2,2.107130552299608,1.1731838852310137
20260943,0.5,4,1.554636822445148,1.5901151782496434
20260943,0.5,8,1.485640351605199,1.6639636944196035
20260943,0.5,16,1.38803121987175,1.780976949685783
20260943,0.5,32,1.363687271320471,1.8127701710100403
20260943,0.75,1,2.373160804631103,1.0
20260943,0.75,2,2.2301221715518085,1.0641393708846734
20260943,0.75,4,2.1058976617108733,1.126911743044104
20260943,0.75,8,2.018205244893119,1.1758768394028138
20260943,0.75,16,1.9671590544451867,1.206389894741086
20260943,0.75,32,1.9717766378204789,1.2035647238696863
20260943,0.9,1,2.469343271938458,1.0
20260943,0.9,2,2.4076994174469992,1.025602803258898
20260943,0.9,4,2.390176849947549,1.0331215750803737
20260943,0.9,8,2.378890648751243,1.038023026924208
20260943,0.9,16,2.3477724751119546,1.0517813366138498
20260943,0.9,32,2.353734170649206,1.0491173144065646
20260943,1.0,1,2.6315767340087826,1.0
20260943,1.0,2,2.6315767340087826,1.0
20260943,1.0,4,2.6315767340087826,1.0
20260943,1.0,8,2.6315767340087826,1.0
20260943,1.0,16,2.6315767340087826,1.0
20260943,1.0,32,2.6315767340087826,1.0
20260944,0.0,1,2.8056518177700167,1.0
20260944,0.0,2,1.3530567994688953,2.073565440025354
20260944,0.0,4,0.7034966309400439,3.9881524578461427
20260944,0.0,8,0.33312047364177205,8.422333779421592
20260944,0.0,16,0.17323375415019104,16.195757181002723
20260944,0.0,32,0.076603990537787,36.62540029668627
20260944,0.25,1,2.548579541210911,1.0
20260944,0.25,2,1.6059098536356275,1.5870003757939268
20260944,0.25,4,1.0841420205177303,2.35078014962822
20260944,0.25,8,0.927027250921341,2.749195925662341
20260944,0.25,16,0.8032762354570114,3.1727311586168567
20260944,0.25,32,0.7736306949092395,3.294310267135799
20260944,0.5,1,2.5975983821689788,1.0
20260944,0.5,2,2.0332144174523434,1.2775821181829998
20260944,0.5,4,1.6276201860102257,1.5959487382228
20260944,0.5,8,1.5538590166395927,1.671707892641765
20260944,0.5,16,1.4866270934749164,1.747309996952378
20260944,0.5,32,1.4583594333984744,1.7811784411170086
20260944,0.75,1,2.7659969807819653,1.0
20260944,0.75,2,2.407346810373328,1.1489815131177623
20260944,0.75,4,2.1799307873762466,1.268846238972158
20260944,0.75,8,2.1696642602564213,1.2748502298024058
20260944,0.75,16,2.1678124773049126,1.2759392289413949
20260944,0.75,32,2.203640986365424,1.2551940165825575
20260944,0.9,1,3.0124163380162274,1.0
20260944,0.9,2,2.7638366784454065,1.089940068278796
20260944,0.9,4,2.61784099049392,1.1507254829285338
20260944,0.9,8,2.609899468742138,1.1542269631818753
20260944,0.9,16,2.6088778096121503,1.1546789684504501
20260944,0.9,32,2.623175379661319,1.1483854115789862
20260944,1.0,1,2.9240557519493415,1.0
20260944,1.0,2,2.9240557519493415,1.0
20260944,1.0,4,2.9240557519493415,1.0
20260944,1.0,8,2.9240557519493415,1.0
20260944,1.0,16,2.924055751949341,1.0000000000000002
20260944,1.0,32,2.924055751949341,1.0000000000000002
20260945,0.0,1,2.5669114738648817,1.0
20260945,0.0,2,1.192682908039939,2.1522161980868466
20260945,0.0,4,0.6013521581779839,4.268566162034369
20260945,0.0,8,0.34444195385305104,7.45237752007411
20260945,0.0,16,0.1641359706383957,15.638933159386417
20260945,0.0,32,0.08583484261882426,29.905238893068553
20260945,0.25,1,2.3035266966330696,1.0
20260945,0.25,2,1.712752860574125,1.344926492115689
20260945,0.25,4,1.2015496441399545,1.9171298563214079
20260945,0.25,8,1.0251226706813636,2.247074191717948
20260945,0.25,16,0.8675824825577685,2.6551097364736016
20260945,0.25,32,0.8011283332651278,2.8753529253480212
20260945,0.5,1,2.5869290165609833,1.0
20260945,0.5,2,2.0832546335146214,1.2417728370519074
20260945,0.5,4,1.8008343464664536,1.4365169243006624
20260945,0.5,8,1.6236411067713492,1.5932886927857821
20260945,0.5,16,1.549379026011013,1.6696553736248883
20260945,0.5,32,1.536860192754195,1.683255919281095
20260945,0.75,1,3.0887531244358217,1.0
20260945,0.75,2,2.6912168209246077,1.147716193069362
20260945,0.75,4,2.4275889758616183,1.272354239184802
20260945,0.75,8,2.333000671234778,1.3239400924822922
20260945,0.75,16,2.3218268556055506,1.3303115677978714
20260945,0.75,32,2.299757912589798,1.343077507213584
20260945,0.9,1,2.976032260474005,1.0
20260945,0.9,2,2.8451565799306113,1.045999465008912
20260945,0.9,4,2.777165103954639,1.0716079703854058
20260945,0.9,8,2.707245179790796,1.0992843510036205
20260945,0.9,16,2.7392168178572978,1.0864537049688354
20260945,0.9,32,2.7231837070317058,1.0928503474772573
20260945,1.0,1,3.0025561561590384,1.0
20260945,1.0,2,3.0025561561590384,1.0
20260945,1.0,4,3.0025561561590384,1.0
20260945,1.0,8,3.002556156159039,0.9999999999999999
20260945,1.0,16,3.002556156159039,0.9999999999999999
20260945,1.0,32,3.0025561561590393,0.9999999999999997
20260946,0.0,1,2.6262989073965586,1.0
20260946,0.0,2,1.1954502274514245,2.196911964286087
20260946,0.0,4,0.6983045997532551,3.7609646396780967
20260946,0.0,8,0.3385782480221682,7.756844755202949
20260946,0.0,16,0.16709625613570853,15.717281572506264
20260946,0.0,32,0.08860845550725431,29.639371235644045
20260946,0.25,1,2.726593003714398,1.0
20260946,0.25,2,1.6413747441696052,1.661164224318451
20260946,0.25,4,1.2173878327041718,2.2397077828992615
20260946,0.25,8,0.8995481647673498,3.0310694974510644
20260946,0.25,16,0.7243959250291481,3.763954088511315
20260946,0.25,32,0.6749281648630728,4.039826970722966
20260946,0.5,1,2.4578135593270405,1.0
20260946,0.5,2,1.9666935566986359,1.2497186208576474
20260946,0.5,4,1.6975707186079503,1.4478416318010645
20260946,0.5,8,1.5062374960225047,1.6317569877375555
20260946,0.5,16,1.3752002273172363,1.7872405126937656
20260946,0.5,32,1.3141661353668193,1.8702456966302805
20260946,0.75,1,2.4238674785726193,1.0
20260946,0.75,2,2.323286406396898,1.043292584116527
20260946,0.75,4,2.137559393131606,1.1339415813946396
20260946,0.75,8,2.024773132528938,1.1971057100827949
20260946,0.75,16,1.961365198786012,1.2358063047477714
20260946,0.75,32,1.9192713241608572,1.2629102764469122
20260946,0.9,1,2.484533154947987,1.0
20260946,0.9,2,2.4156490765473344,1.0285157637628013
20260946,0.9,4,2.3373514306400134,1.0629694458345413
20260946,0.9,8,2.3097445162762753,1.0756744468663153
20260946,0.9,16,2.299233966206169,1.0805917063967045
20260946,0.9,32,2.281129207245319,1.0891680958082588
20260946,1.0,1,2.5141564632231583,1.0
20260946,1.0,2,2.5141564632231583,1.0
20260946,1.0,4,2.5141564632231583,1.0
20260946,1.0,8,2.514156463223159,0.9999999999999997
20260946,1.0,16,2.5141564632231588,0.9999999999999998
20260946,1.0,32,2.5141564632231583,1.0
20260947,0.0,1,2.8096997649520272,1.0
20260947,0.0,2,1.3940744413335706,2.0154589178640063
20260947,0.0,4,0.6651283943302317,4.224296825850184
20260947,0.0,8,0.36422859921469103,7.714110783749512
20260947,0.0,16,0.17715389720944397,15.860219894740446
20260947,0.0,32,0.09052346664640834,31.038357997566884
20260947,0.25,1,2.833010641241148,1.0
20260947,0.25,2,1.8190201244245303,1.5574377672910058
20260947,0.25,4,1.1981479141685414,2.3644915688119568
20260947,0.25,8,0.9378953143093625,3.0206043233378246
20260947,0.25,16,0.7748284968285326,3.6563067218578116
20260947,0.25,32,0.7267342329542437,3.8982760310116267
20260947,0.5,1,2.532161609927581,1.0
20260947,0.5,2,1.9085984906659474,1.3267125706696228
20260947,0.5,4,1.582083010123169,1.6005238623543818
20260947,0.5,8,1.4197621175782003,1.7835111802017145
20260947,0.5,16,1.3366615226454148,1.8943925347055155
20260947,0.5,32,1.306211671875048,1.9385538075101563
20260947,0.75,1,2.478341140228102,1.0
20260947,0.75,2,2.2039961522968774,1.124476164645441
20260947,0.75,4,2.067935736244106,1.1984613916143234
20260947,0.75,8,1.930116552946996,1.2840370372680603
20260947,0.75,16,1.9388118244085975,1.2782783295558242
20260947,0.75,32,1.9327286294282615,1.2823016653720514
20260947,0.9,1,2.4404632904130685,1.0
20260947,0.9,2,2.4280193463421926,1.0051251420585354
20260947,0.9,4,2.337897347623585,1.0438710206390112
20260947,0.9,8,2.2719989296195955,1.0741480810563935
20260947,0.9,16,2.301143168004403,1.0605438741690665
20260947,0.9,32,2.296808713136888,1.0625452944577098
20260947,1.0,1,2.557784441364782,1.0
20260947,1.0,2,2.557784441364782,1.0
20260947,1.0,4,2.557784441364782,1.0
20260947,1.0,8,2.557784441364782,1.0
20260947,1.0,16,2.557784441364782,1.0
20260947,1.0,32,2.5577844413647814,1.0000000000000002
20260948,0.0,1,2.4241929871113754,1.0
20260948,0.0,2,1.5226495347303357,1.5920886138389718
20260948,0.0,4,0.6716351043889395,3.6093899369910556
20260948,0.0,8,0.3509630532348543,6.90725979491971
20260948,0.0,16,0.15979216056577936,15.170913131958326
20260948,0.0,32,0.08052999591677756,30.102981622110338
20260948,0.25,1,2.369242299604757,1.0
20260948,0.25,2,1.5539560266680659,1.524652087282545
20260948,0.25,4,1.030142109726042,2.299917921261211
20260948,0.25,8,0.8705361749298796,2.7215897142879744
20260948,0.25,16,0.7228305306641974,3.2777285948722974
20260948,0.25,32,0.6696253475607179,3.53816101531301
20260948,0.5,1,2.6032907801179763,1.0
20260948,0.5,2,1.9816301540151013,1.3137117311438216
20260948,0.5,4,1.5462801045335635,1.6835829242614881
20260948,0.5,8,1.4039015940531612,1.8543256814760751
20260948,0.5,16,1.315407912550669,1.9790748978163064
20260948,0.5,32,1.3177963984884276,1.9754878546519548
20260948,0.75,1,2.719298901861882,1.0
20260948,0.75,2,2.3261172193885793,1.1690291784077202
20260948,0.75,4,2.041615458150455,1.3319349101741986
20260948,0.75,8,1.977651038825226,1.3750145240371694
20260948,0.75,16,1.9192545891765995,1.4168515824826127
20260948,0.75,32,1.928602429761964,1.4099841729420142
20260948,0.9,1,2.4643324108706373,1.0
20260948,0.9,2,2.4100632449879296,1.022517735165485
20260948,0.9,4,2.303294113437867,1.0699165150005123
20260948,0.9,8,2.2998953658038053,1.071497620070799
20260948,0.9,16,2.2773086188451495,1.0821249217070674
20260948,0.9,32,2.2795856730661255,1.0810439984718894
20260948,1.0,1,2.5200396795318993,1.0
20260948,1.0,2,2.5200396795318993,1.0
20260948,1.0,4,2.5200396795318993,1.0
20260948,1.0,8,2.520039679531899,1.0000000000000002
20260948,1.0,16,2.5200396795319,0.9999999999999998
20260948,1.0,32,2.5200396795318993,1.0
20260949,0.0,1,2.6365202550567073,1.0
20260949,0.0,2,1.1765578113836068,2.2408760789716027
20260949,0.0,4,0.6350826601044749,4.151459992031564
20260949,0.0,8,0.32577944286061056,8.092960783240029
20260949,0.0,16,0.15147285526392684,17.40589262982351
20260949,0.0,32,0.08752783874760406,30.12207650481805
20260949,0.25,1,2.848153670664361,1.0
20260949,0.25,2,1.7217064733155891,1.6542620445513616
20260949,0.25,4,1.2542244108396234,2.2708485387855775
20260949,0.25,8,0.9948906533797237,2.862780609094028
20260949,0.25,16,0.8525378134260879,3.340794538154859
20260949,0.25,32,0.7501448450931844,3.796804962794296
20260949,0.5,1,2.6325282300438873,1.0
20260949,0.5,2,2.0059022238961655,1.3123911019603909
20260949,0.5,4,1.7470835822899262,1.5068129863560373
20260949,0.5,8,1.5184527195951318,1.7336912740660135
20260949,0.5,16,1.4592822282908853,1.8039884122532694
20260949,0.5,32,1.3749260914836494,1.9146689020958136
20260949,0.75,1,2.5778501722985983,1.0
20260949,0.75,2,2.319762873893468,1.1112558965873778
20260949,0.75,4,2.152185960281205,1.1977822641133558
20260949,0.75,8,2.0366669849291217,1.2657200177417862
20260949,0.75,16,2.006055656289116,1.2850342233610863
20260949,0.75,32,1.9808929220457956,1.3013576572509968
20260949,0.9,1,2.602734583773165,1.0
20260949,0.9,2,2.509156623515789,1.037294587105629
20260949,0.9,4,2.391202174112807,1.0884627874424049
20260949,0.9,8,2.358754543567761,1.1034359598249546
20260949,0.9,16,2.3633295161251695,1.1012999101540928
20260949,0.9,32,2.342924277818233,1.110891465172264
20260949,1.0,1,2.577940846128622,1.0
20260949,1.0,2,2.577940846128622,1.0
20260949,1.0,4,2.577940846128622,1.0
20260949,1.0,8,2.5779408461286217,1.0000000000000002
20260949,1.0,16,2.577940846128622,1.0
20260949,1.0,32,2.5779408461286213,1.0000000000000004
20260950,0.0,1,2.2420436678322573,1.0
20260950,0.0,2,1.1585356193644145,1.935239305859467
20260950,0.0,4,0.553220808868226,4.052710295585246
20260950,0.0,8,0.29966184687920816,7.481912332790271
20260950,0.0,16,0.14405998680077645,15.563264426317254
20260950,0.0,32,0.07343306468260824,30.53180032077919
20260950,0.25,1,2.615312965897889,1.0
20260950,0.25,2,1.7729366351359315,1.475130534316796
20260950,0.25,4,1.3357054840348053,1.958001218949656
20260950,0.25,8,1.0012878651614978,2.611949127612832
20260950,0.25,16,0.8075826334468706,3.2384462686318347
20260950,0.25,32,0.7484990374121414,3.49407659218917
20260950,0.5,1,2.8656369491116602,1.0
20260950,0.5,2,2.1885260103493147,1.3093913143185676
20260950,0.5,4,1.885147446979487,1.5201128981731273
20260950,0.5,8,1.6479376355501922,1.7389231772444582
20260950,0.5,16,1.505667488874072,1.903233595921344
20260950,0.5,32,1.4631765625349862,1.958503862409387
20260950,0.75,1,2.8088026508422046,1.0
20260950,0.75,2,2.48351111360467,1.1309805039549
20260950,0.75,4,2.330301540819625,1.2053387090214422
20260950,0.75,8,2.256914572335921,1.2445321082468248
20260950,0.75,16,2.1809855779134963,1.287859341797816
20260950,0.75,32,2.1600391570090096,1.3003480245846715
20260950,0.9,1,2.7912413734951307,1.0
20260950,0.9,2,2.6703945307359,1.045254302826155
20260950,0.9,4,2.574557861881882,1.0841633877495622
20260950,0.9,8,2.5810867099782593,1.08142100097003
20260950,0.9,16,2.5487204285868343,1.0951540004890865
20260950,0.9,32,2.550732456811822,1.0942901385212005
20260950,1.0,1,2.8277697053242563,1.0
20260950,1.0,2,2.8277697053242563,1.0
20260950,1.0,4,2.8277697053242563,1.0
20260950,1.0,8,2.827769705324256,1.0000000000000002
20260950,1.0,16,2.8277697053242563,1.0
20260950,1.0,32,2.8277697053242568,0.9999999999999999
20260951,0.0,1,2.668355077141206,1.0
20260951,0.0,2,1.3461679331334269,1.9821858859244785
20260951,0.0,4,0.6166277526923349,4.327335358310698
20260951,0.0,8,0.3066488437598444,8.701663585045045
20260951,0.0,16,0.15141816802650632,17.62242346423119
20260951,0.0,32,0.08093680623981411,32.96837620741945
20260951,0.25,1,2.9919443215423596,1.0
20260951,0.25,2,1.813919156646202,1.6494364209010484
20260951,0.25,4,1.2230902515994015,2.4462171271742834
20260951,0.25,8,1.0257509334267534,2.9168331453982614
20260951,0.25,16,0.8241439691945566,3.6303660930339805
20260951,0.25,32,0.7712474426291254,3.8793572025899277
20260951,0.5,1,2.987068799408755,1.0
20260951,0.5,2,2.2900870285104427,1.3043472855927467
20260951,0.5,4,1.7899280375276767,1.6688206099808454
20260951,0.5,8,1.643148484726707,1.8178934084009897
20260951,0.5,16,1.4841212124123646,2.012685200121508
20260951,0.5,32,1.4706471816851947,2.031125368890935
20260951,0.75,1,2.906479799494724,1.0
20260951,0.75,2,2.553191156781094,1.1383714030871994
20260951,0.75,4,2.3892532641932425,1.2164804137982954
20260951,0.75,8,2.2768170580255713,1.2765539458911066
20260951,0.75,16,2.16971297143457,1.339568799080838
20260951,0.75,32,2.1441625318602036,1.3555314750198342
20260951,0.9,1,2.741024867549184,1.0
20260951,0.9,2,2.6829068877724342,1.0216623171089638
20260951,0.9,4,2.620488173405896,1.0459978012366393
20260951,0.9,8,2.576052264145341,1.0640408603893665
20260951,0.9,16,2.5226619593212956,1.0865605109796943
20260951,0.9,32,2.541914457849106,1.0783308852448794
20260951,1.0,1,2.7966624709446357,1.0
20260951,1.0,2,2.7966624709446357,1.0
20260951,1.0,4,2.7966624709446357,1.0
20260951,1.0,8,2.796662470944636,0.9999999999999999
20260951,1.0,16,2.7966624709446366,0.9999999999999997
20260951,1.0,32,2.7966624709446366,0.9999999999999997
20260952,0.0,1,3.1020885222068726,1.0
20260952,0.0,2,1.4185432790273789,2.18681274520846
20260952,0.0,4,0.666904997104835,4.651469903020138
20260952,0.0,8,0.3310550454471361,9.370310360372454
20260952,0.0,16,0.15427415174600523,20.10763622485578
20260952,0.0,32,0.07748704533943197,40.033640573313576
20260952,0.25,1,3.095486333158478,1.0
20260952,0.25,2,1.9087149821576046,1.621764570454281
20260952,0.25,4,1.3649560087216832,2.2678286431058545
20260952,0.25,8,1.1130140167795135,2.781174618191434
20260952,0.25,16,0.98922602138483,3.1292002699494983
20260952,0.25,32,0.9588423814596814,3.2283578542347118
20260952,0.5,1,3.610453488782962,1.0
20260952,0.5,2,2.6125636431352737,1.3819581001480006
20260952,0.5,4,2.2046881845115864,1.6376254538610866
20260952,0.5,8,1.9703182318604808,1.8324214994314785
20260952,0.5,16,1.8509021190053623,1.9506452835675325
20260952,0.5,32,1.8467001143661648,1.9550838063505307
20260952,0.75,1,3.452639135425378,1.0
20260952,0.75,2,3.040789762698712,1.135441580927038
20260952,0.75,4,2.845972923274621,1.2131665439222512
20260952,0.75,8,2.7405572428688405,1.2598310596903
20260952,0.75,16,2.689418286355896,1.2837865916735585
20260952,0.75,32,2.6715316938183675,1.2923818734452628
20260952,0.9,1,3.589353047534136,1.0
20260952,0.9,2,3.4140070623924297,1.0513607564182452
20260952,0.9,4,3.2530699123017714,1.1033740879532532
20260952,0.9,8,3.193547884359026,1.1239390100000182
20260952,0.9,16,3.1769452729676058,1.1298126782591056
20260952,0.9,32,3.1676489373630403,1.1331284237962778
20260952,1.0,1,3.53160283233254,1.0
20260952,1.0,2,3.53160283233254,1.0
20260952,1.0,4,3.53160283233254,1.0
20260952,1.0,8,3.5316028323325397,1.0000000000000002
20260952,1.0,16,3.531602832332541,0.9999999999999998
20260952,1.0,32,3.5316028323325392,1.0000000000000002
20260953,0.0,1,2.5108004497571716,1.0
20260953,0.0,2,1.2846204027863593,1.9545076851583636
20260953,0.0,4,0.6767465014576661,3.7101048093327083
20260953,0.0,8,0.3327604538481783,7.54536911078599
20260953,0.0,16,0.15874499040222015,15.81656494101282
20260953,0.0,32,0.07666918666286082,32.74849465663399
20260953,0.25,1,2.5504440656724596,1.0
20260953,0.25,2,1.6890445824418403,1.5099921530699325
20260953,0.25,4,1.1903091901943184,2.142673589923387
20260953,0.25,8,0.9565944596419558,2.6661706431240115
20260953,0.25,16,0.8394898194403866,3.038088141881952
20260953,0.25,32,0.7719181970474891,3.304034126190646
20260953,0.5,1,2.842255436296547,1.0
20260953,0.5,2,2.067540127584584,1.3747038804112734
20260953,0.5,4,1.7572626659141497,1.6174334613874988
20260953,0.5,8,1.6261504222213246,1.7478428793899772
20260953,0.5,16,1.5286583480135816,1.8593137178035382
20260953,0.5,32,1.4744898044013737,1.9276195927651538
20260953,0.75,1,2.683615837623406,1.0
20260953,0.75,2,2.4035939670553925,1.1165013202754308
20260953,0.75,4,2.311542579017701,1.1609631862216523
20260953,0.75,8,2.28209056649207,1.1759462472817384
20260953,0.75,16,2.195776185802843,1.2221718474654983
20260953,0.75,32,2.1519385212508646,1.2470690083021012
20260953,0.9,1,2.861263495497832,1.0
20260953,0.9,2,2.6302549527588157,1.087827433799418
20260953,0.9,4,2.6009190605319676,1.100097092184259
20260953,0.9,8,2.6021463776713123,1.0995782251336708
20260953,0.9,16,2.558224093830521,1.118456941437667
20260953,0.9,32,2.545342038337126,1.124117486924114
20260953,1.0,1,2.835907533023306,1.0
20260953,1.0,2,2.835907533023306,1.0
20260953,1.0,4,2.835907533023306,1.0
20260953,1.0,8,2.835907533023306,1.0
20260953,1.0,16,2.835907533023306,1.0
20260953,1.0,32,2.8359075330233057,1.0000000000000002
20260954,0.0,1,2.6504940099423475,1.0
20260954,0.0,2,1.4004263472771894,1.8926336362462977
20260954,0.0,4,0.5576670111021949,4.752825534190749
20260954,0.0,8,0.30789938040252884,8.608312256027451
20260954,0.0,16,0.1468574449400869,18.048073838024784
20260954,0.0,32,0.07908787589984967,33.513278486562385
20260954,0.25,1,2.365264439729082,1.0
20260954,0.25,2,1.5821856563200827,1.4949348265679
20260954,0.25,4,0.9642244683637136,2.4530226283750394
20260954,0.25,8,0.7400551884460144,3.1960649376646098
20260954,0.25,16,0.6621356931657552,3.5721748036576173
20260954,0.25,32,0.6274999103720825,3.7693462590720914
20260954,0.5,1,2.35189178071615,1.0
20260954,0.5,2,1.7612240522972145,1.3353734169417633
20260954,0.5,4,1.2965106293843411,1.8140165822111043
20260954,0.5,8,1.1617799492684582,2.0243866165852435
20260954,0.5,16,1.126193443886162,2.088355063230047
20260954,0.5,32,1.1470599967766444,2.0503650962680298
20260954,0.75,1,2.2058834070292117,1.0
20260954,0.75,2,1.8535086443769329,1.1901122844618464
20260954,0.75,4,1.667337458787124,1.322997570410158
20260954,0.75,8,1.6231162399435848,1.3590421639215946
20260954,0.75,16,1.6423602415261436,1.3431178807515585
20260954,0.75,32,1.6556031090770362,1.3323745255944495
20260954,0.9,1,2.1667763966997424,1.0
20260954,0.9,2,2.036504272051184,1.0639685005508714
20260954,0.9,4,1.9843116048349536,1.0919536989151286
20260954,0.9,8,1.9562471656148253,1.107618932201111
20260954,0.9,16,1.9534983170465596,1.1091775087759645
20260954,0.9,32,1.9504670451754735,1.1109013105652388
20260954,1.0,1,2.149282147161244,1.0
20260954,1.0,2,2.149282147161244,1.0
20260954,1.0,4,2.149282147161244,1.0
20260954,1.0,8,2.1492821471612436,1.0000000000000002
20260954,1.0,16,2.1492821471612444,0.9999999999999998
20260954,1.0,32,2.149282147161244,1.0
20260955,0.0,1,2.477925236207413,1.0
20260955,0.0,2,1.2689734827364936,1.952700564604282
20260955,0.0,4,0.6890769811855398,3.596006402570877
20260955,0.0,8,0.357630770222183,6.928724937924017
20260955,0.0,16,0.18561865346990164,13.349548603471648
20260955,0.0,32,0.08696447815679967,28.493533092208484
20260955,0.25,1,2.795606991239226,1.0
20260955,0.25,2,1.55443546022658,1.7984709322262429
20260955,0.25,4,1.129324119130858,2.475469126959548
20260955,0.25,8,0.9574514485558486,2.9198420405086023
20260955,0.25,16,0.8232397739787674,3.3958599664443923
20260955,0.25,32,0.7624738671952874,3.666495484655352
20260955,0.5,1,2.7576078756156064,1.0
20260955,0.5,2,2.013401508486672,1.3696264078436597
20260955,0.5,4,1.6997493774935282,1.6223614564177748
20260955,0.5,8,1.5991471664229715,1.724424076480666
20260955,0.5,16,1.4852836151196147,1.856620410771533
20260955,0.5,32,1.4247406281030692,1.9355157150864335
20260955,0.75,1,2.759804954966175,1.0
20260955,0.75,2,2.476035654429924,1.1146063062656444
20260955,0.75,4,2.2548153874067847,1.2239604937857764
20260955,0.75,8,2.1867887526789644,1.2620354625407812
20260955,0.75,16,2.1221872131465114,1.3004531069972307
20260955,0.75,32,2.1150916445026686,1.3048157805072795
20260955,0.9,1,2.7401125380857563,1.0
20260955,0.9,2,2.6615350259419572,1.029523380822685
20260955,0.9,4,2.557541081685015,1.0713855420380798
20260955,0.9,8,2.558332316471677,1.0710541865275662
20260955,0.9,16,2.5222307256571304,1.0863845683157556
20260955,0.9,32,2.5196126513012675,1.0875134067415522
20260955,1.0,1,2.79281595626623,1.0
20260955,1.0,2,2.79281595626623,1.0
20260955,1.0,4,2.79281595626623,1.0
20260955,1.0,8,2.79281595626623,1.0
20260955,1.0,16,2.7928159562662307,0.9999999999999997
20260955,1.0,32,2.7928159562662307,0.9999999999999997
20260956,0.0,1,2.9541575265191606,1.0
20260956,0.0,2,1.577816835767854,1.8723070127981631
20260956,0.0,4,0.6768236840466573,4.364737222043657
20260956,0.0,8,0.3504596960884214,8.42937878304221
20260956,0.0,16,0.1524150430301692,19.382322556799142
20260956,0.0,32,0.07847157474066274,37.646211845272965
20260956,0.25,1,2.6070528441910907,1.0
20260956,0.25,2,1.664824747106383,1.5659623325051997
20260956,0.25,4,1.1003250273190295,2.3693479467092033
20260956,0.25,8,0.9488451888549356,2.7476061161645102
20260956,0.25,16,0.7597219078302657,3.4315883447888527
20260956,0.25,32,0.6783391880966909,3.843287974421846
20260956,0.5,1,2.699766006085349,1.0
20260956,0.5,2,1.9555201479215831,1.3805871593574655
20260956,0.5,4,1.5870859857619095,1.701083640272507
20260956,0.5,8,1.4397186699900262,1.8752038591706615
20260956,0.5,16,1.328954099864929,2.0314968036591674
20260956,0.5,32,1.2705373178816088,2.124900991170193
20260956,0.75,1,2.5069309427217545,1.0
20260956,0.75,2,2.1238117189962944,1.1803922731467555
20260956,0.75,4,1.9166217317864378,1.3079946351151426
20260956,0.75,8,1.9480745966983735,1.2868762556477762
20260956,0.75,16,1.9164552206743308,1.3081082801609405
20260956,0.75,32,1.872005160080577,1.3391688207813746
20260956,0.9,1,2.470766376187207,1.0
20260956,0.9,2,2.2621995911397286,1.0921964559910469
20260956,0.9,4,2.2491619385184523,1.098527559920709
20260956,0.9,8,2.272366275455081,1.0873099125238483
20260956,0.9,16,2.2442107475904542,1.1009511378733032
20260956,0.9,32,2.2108847275016332,1.1175464489183242
20260956,1.0,1,2.4597636359057398,1.0
20260956,1.0,2,2.4597636359057398,1.0
20260956,1.0,4,2.4597636359057398,1.0
20260956,1.0,8,2.4597636359057393,1.0000000000000002
20260956,1.0,16,2.4597636359057398,1.0
20260956,1.0,32,2.4597636359057393,1.0000000000000002
20260957,0.0,1,2.2558491255187336,1.0
20260957,0.0,2,1.2482881864818647,1.8071541090816106
20260957,0.0,4,0.6600695197149898,3.4175932354712915
20260957,0.0,8,0.31609175393255723,7.136690841989038
20260957,0.0,16,0.16393983711402033,13.760225490219245
20260957,0.0,32,0.08112264414083815,27.80788458524999
20260957,0.25,1,2.4198047367563906,1.0
20260957,0.25,2,1.5544794159725988,1.556665666905843
20260957,0.25,4,1.1222861616647497,2.156138799009122
20260957,0.25,8,0.8635167651451714,2.8022672337456953
20260957,0.25,16,0.7354243925764001,3.2903514775721927
20260957,0.25,32,0.7075422946088483,3.4200142594926213
20260957,0.5,1,2.6867866540530025,1.0
20260957,0.5,2,1.8906061198225848,1.4211244880055354
20260957,0.5,4,1.5085322670617796,1.7810601156620598
20260957,0.5,8,1.4031481358924367,1.9148275120246945
20260957,0.5,16,1.3081985050359488,2.053806546720653
20260957,0.5,32,1.329320848486911,2.021172433360401
20260957,0.75,1,2.7104719089350873,1.0
20260957,0.75,2,2.359706579435535,1.1486478584059627
20260957,0.75,4,2.129851353373816,1.272610834855462
20260957,0.75,8,2.0469249499112543,1.3241677029011745
20260957,0.75,16,1.9830278566517263,1.366835014366175
20260957,0.75,32,1.9940676104897053,1.3592678075090174
20260957,0.9,1,2.7646576619148098,1.0
20260957,0.9,2,2.5771393472345974,1.0727621945943393
20260957,0.9,4,2.4778229326627863,1.115760785595675
20260957,0.9,8,2.449373954584517,1.1287201191717473
20260957,0.9,16,2.3703588879811233,1.1663456010534834
20260957,0.9,32,2.3838671934257007,1.1597364440180493
20260957,1.0,1,2.6417652732428714,1.0
20260957,1.0,2,2.6417652732428714,1.0
20260957,1.0,4,2.6417652732428714,1.0
20260957,1.0,8,2.6417652732428714,1.0
20260957,1.0,16,2.6417652732428722,0.9999999999999997
20260957,1.0,32,2.641765273242872,0.9999999999999998
20260958,0.0,1,2.5018080307966852,1.0
20260958,0.0,2,1.4617783268800024,1.7114825037367372
20260958,0.0,4,0.7837793110933859,3.1919801854767242
20260958,0.0,8,0.378297858478137,6.613328557717099
20260958,0.0,16,0.1804783714396973,13.862093340268236
20260958,0.0,32,0.08540668755076299,29.292882121317387
20260958,0.25,1,2.5045078171992383,1.0
20260958,0.25,2,1.6746362196152909,1.4955533553278761
20260958,0.25,4,1.2950611239770282,1.9338915907753427
20260958,0.25,8,0.938328878503833,2.6691151413699217
20260958,0.25,16,0.8243928722411478,3.0380027551555915
20260958,0.25,32,0.754676755273722,3.3186497393719923
20260958,0.5,1,2.5895563710522893,1.0
20260958,0.5,2,1.9437802909340367,1.3322268895976614
20260958,0.5,4,1.8138541284881975,1.427654148357906
20260958,0.5,8,1.5487455949549276,1.6720346966524557
20260958,0.5,16,1.4709786232509945,1.760431001593441
20260958,0.5,32,1.404914771274087,1.843212431102761
20260958,0.75,1,2.7548007459161052,1.0
20260958,0.75,2,2.401796960051656,1.1469748657925094
20260958,0.75,4,2.293435139204065,1.2011679331259209
20260958,0.75,8,2.1350891840912327,1.290250902136738
20260958,0.75,16,2.107606639058611,1.3070753787085105
20260958,0.75,32,2.0471589381596793,1.3456701844521022
20260958,0.9,1,2.7755664829077187,1.0
20260958,0.9,2,2.5797756511275285,1.0758945188488065
20260958,0.9,4,2.5434293879260474,1.0912693295452403
20260958,0.9,8,2.4741478040090743,1.1218272725704705
20260958,0.9,16,2.464458215941421,1.1262379962272782
20260958,0.9,32,2.4466386078835534,1.134440727765962
20260958,1.0,1,2.711810230404054,1.0
20260958,1.0,2,2.711810230404054,1.0
20260958,1.0,4,2.711810230404054,1.0
20260958,1.0,8,2.7118102304040548,0.9999999999999997
20260958,1.0,16,2.7118102304040548,0.9999999999999997
20260958,1.0,32,2.7118102304040548,0.9999999999999997
20260959,0.0,1,2.27046591550834,1.0
20260959,0.0,2,1.3136341017457336,1.7283853338544117
20260959,0.0,4,0.6344430830551486,3.5786754969018726
20260959,0.0,8,0.29888323862265515,7.596497970148267
20260959,0.0,16,0.16319640463290197,13.912475097815925
20260959,0.0,32,0.08123977039603338,27.94771457920317
20260959,0.25,1,2.5601627000383225,1.0
20260959,0.25,2,1.6243913710079174,1.5760750430789157
20260959,0.25,4,1.1455248801735778,2.2349254427807708
20260959,0.25,8,0.9078282314141544,2.820095929436201
20260959,0.25,16,0.8026578935867781,3.189606332279263
20260959,0.25,32,0.751947555244294,3.404709121245261
20260959,0.5,1,2.4470647035809447,1.0
20260959,0.5,2,1.8511617805748122,1.321907533560409
20260959,0.5,4,1.5850129254367964,1.5438768128068008
20260959,0.5,8,1.459171687165293,1.6770231530018334
20260959,0.5,16,1.3854540745472623,1.766254651479945
20260959,0.5,32,1.3755193658585794,1.7790114514698396
20260959,0.75,1,2.499911430333689,1.0
20260959,0.75,2,2.2081232326296147,1.1321430767052747
20260959,0.75,4,2.132931843473088,1.1720540616352009
20260959,0.75,8,2.131497908397749,1.1728425444305866
20260959,0.75,16,2.0536187365220693,1.217320131470676
20260959,0.75,32,2.0551878273279063,1.216390734263933
20260959,0.9,1,2.6166253298399673,1.0
20260959,0.9,2,2.4770060991652767,1.0563661230877635
20260959,0.9,4,2.436143782110425,1.0740849325293895
20260959,0.9,8,2.4524765509058053,1.0669318444139801
20260959,0.9,16,2.4476088853150904,1.0690536978922263
20260959,0.9,32,2.4437923863465882,1.0707232514754497
20260959,1.0,1,2.706737652513544,1.0
20260959,1.0,2,2.706737652513544,1.0
20260959,1.0,4,2.706737652513544,1.0
20260959,1.0,8,2.706737652513544,1.0
20260959,1.0,16,2.7067376525135436,1.0000000000000002
20260959,1.0,32,2.706737652513544,1.0
20260960,0.0,1,2.8631168577520043,1.0
20260960,0.0,2,1.349224182313589,2.1220467994002745
20260960,0.0,4,0.7214055493035892,3.9688034844144484
20260960,0.0,8,0.32475462473636046,8.816246604883043
20260960,0.0,16,0.19386804836523835,14.768379224399194
20260960,0.0,32,0.0950951743816724,30.107909011877368
20260960,0.25,1,2.5743064585639406,1.0
20260960,0.25,2,1.6608987255562355,1.5499478799959971
20260960,0.25,4,1.0619951264781802,2.4240285048208574
20260960,0.25,8,0.8909499062437942,2.889395285327661
20260960,0.25,16,0.8076948330005049,3.1872266026522063
20260960,0.25,32,0.7498010239983859,3.4333194756606287
20260960,0.5,1,2.599211269324618,1.0
20260960,0.5,2,2.092475194789646,1.2421706483291974
20260960,0.5,4,1.6636054386759371,1.5623964726836486
20260960,0.5,8,1.5702473486085464,1.6552877937529231
20260960,0.5,16,1.4762171269093822,1.7607242335457411
20260960,0.5,32,1.433945732302687,1.8126287562854289
20260960,0.75,1,2.773726509272815,1.0
20260960,0.75,2,2.472921838479127,1.1216393765921393
20260960,0.75,4,2.2530813884587952,1.231081364162421
20260960,0.75,8,2.1721647603488377,1.2769411233922099
20260960,0.75,16,2.115608647960519,1.3110773166609677
20260960,0.75,32,2.093750284972567,1.32476471964237
20260960,0.9,1,2.8410266710841254,1.0
20260960,0.9,2,2.6722193044045572,1.063171224907075
20260960,0.9,4,2.590925246798585,1.096529772363974
20260960,0.9,8,2.5687271871574655,1.1060056067020432
20260960,0.9,16,2.540215006498012,1.1184197651839
20260960,0.9,32,2.5189760294861196,1.1278498238284964
20260960,1.0,1,2.8036669333123405,1.0
20260960,1.0,2,2.8036669333123405,1.0
20260960,1.0,4,2.8036669333123405,1.0
20260960,1.0,8,2.8036669333123405,1.0
20260960,1.0,16,2.8036669333123405,1.0
20260960,1.0,32,2.80366693331234,1.0000000000000002
20260961,0.0,1,2.725710520437354,1.0
20260961,0.0,2,1.2713365306460085,2.1439724689200346
20260961,0.0,4,0.660451792205144,4.127039327634554
20260961,0.0,8,0.30463201496110504,8.947551099595913
20260961,0.0,16,0.1500663742552022,18.1633662701947
20260961,0.0,32,0.0775850014453496,35.131925883346504
20260961,0.25,1,2.689560905180154,1.0
20260961,0.25,2,1.6969063168655516,1.5849790164893658
20260961,0.25,4,1.2591178270290964,2.1360676875858435
20260961,0.25,8,0.9759191668852003,2.7559258967772005
20260961,0.25,16,0.8318237115109053,3.23333041359797
20260961,0.25,32,0.7499748322662951,3.586201548994335
20260961,0.5,1,2.6506109428074787,1.0
20260961,0.5,2,1.870251704156467,1.4172482436009726
20260961,0.5,4,1.650942723436493,1.6055135682055295
20260961,0.5,8,1.4811363448030765,1.7895792997773536
20260961,0.5,16,1.3874246989853452,1.9104539112976222
20260961,0.5,32,1.3474290292547517,1.967161820963218
20260961,0.75,1,2.6582018349482146,1.0
20260961,0.75,2,2.2022309295577394,1.2070495420214833
20260961,0.75,4,2.086339989508483,1.2740981088007883
20260961,0.75,8,2.015537876510729,1.3188548158420403
20260961,0.75,16,1.9374838368004121,1.3719865861374132
20260961,0.75,32,1.9226301643145352,1.3825861490610332
20260961,0.9,1,2.548449726665975,1.0
20260961,0.9,2,2.355808331921122,1.0817729490699939
20260961,0.9,4,2.2858733362961416,1.1148691776576267
20260961,0.9,8,2.267008406093936,1.124146571232598
20260961,0.9,16,2.243808395625609,1.135769761640199
20260961,0.9,32,2.2562789700091095,1.129492301501922
20260961,1.0,1,2.4982730364577295,1.0
20260961,1.0,2,2.4982730364577295,1.0
20260961,1.0,4,2.4982730364577295,1.0
20260961,1.0,8,2.49827303645773,0.9999999999999998
20260961,1.0,16,2.49827303645773,0.9999999999999998
20260961,1.0,32,2.49827303645773,0.9999999999999998
