cell_id,rho,state_signal,noise_scale,delay_curvature,resource_price,mean_normalized_regret,mean_observable_score,oracle_score,q_only_score,eta_only_score,fixed_score,median_observable_q,median_observable_eta
R0-S0.1-N0.1-D0-P0.0001,0.0,0.1,0.1,0.0,0.0001,2.318249258159499e-05,-0.018532291666666676,-0.01853333333333334,-0.0044750000000000015,-0.018500000000000006,-0.003968750000000001,6.0,0.2
R0-S0.1-N0.1-D0-P0.001,0.0,0.1,0.1,0.0,0.001,0.0,-0.014,-0.014,-0.0017500000000000007,-0.009500000000000003,0.005031249999999999,2.0,0.2
R0-S0.1-N0.1-D0-P0.01,0.0,0.1,0.1,0.0,0.01,0.0,0.013999999999999997,0.013999999999999997,0.02525,0.0805,0.09503125,1.0,0.2
R0-S0.1-N0.1-D0.5-P0.0001,0.0,0.1,0.1,0.5,0.0001,6.585514640637903e-05,-0.01653050595238096,-0.016533333333333337,-0.0043500000000000014,-0.016500000000000004,-0.0038437500000000004,6.0,0.2
R0-S0.1-N0.1-D0.5-P0.001,0.0,0.1,0.1,0.5,0.001,0.0,-0.012000000000000004,-0.012000000000000004,-0.0016250000000000006,-0.0075000000000000015,0.005156249999999999,2.0,0.2
R0-S0.1-N0.1-D0.5-P0.01,0.0,0.1,0.1,0.5,0.01,0.0,0.016,0.016,0.025375,0.0825,0.09515625000000001,1.0,0.2
R0-S0.1-N0.1-D2-P0.0001,0.0,0.1,0.1,2.0,0.0001,4.2305956678702304e-05,-0.010531770833333336,-0.010533333333333336,-0.003975000000000001,-0.0105,-0.0034687500000000005,6.0,0.2
R0-S0.1-N0.1-D2-P0.001,0.0,0.1,0.1,2.0,0.001,5.694081177429899e-05,-0.005994875326940315,-0.006000000000000002,-0.0012500000000000002,-0.0015000000000000013,0.00553125,2.0,0.1982583482638528
R0-S0.1-N0.1-D2-P0.01,0.0,0.1,0.1,2.0,0.01,3.8924981371730484e-05,0.0216932005289684,0.021666666666666667,0.025750000000000002,0.08850000000000001,0.09553125,1.0,0.16588071935024587
R0-S0.1-N1-D0-P0.0001,0.0,0.1,1.0,0.0,0.0001,0.028871136599422392,-0.014581638035504378,-0.0158,-0.0038,-0.014000000000000002,-0.0036875000000000007,20.0,0.2
R0-S0.1-N1-D0-P0.001,0.0,0.1,1.0,0.0,0.001,0.02143187566605143,-0.0034187524404994075,-0.005333333333333336,0.00024999999999999935,-0.005000000000000003,0.0053124999999999995,6.0,0.2
R0-S0.1-N1-D0-P0.01,0.0,0.1,1.0,0.0,0.01,0.0008614273665413564,0.028092231314497184,0.0275,0.0275,0.085,0.09531250000000001,1.0,0.050025173591264946
R0-S0.1-N1-D0.5-P0.0001,0.0,0.1,1.0,0.5,0.0001,0.028195779618443315,-0.012666529659338583,-0.013800000000000003,-0.0036750000000000003,-0.012000000000000004,-0.0035625000000000006,20.0,0.2
R0-S0.1-N1-D0.5-P0.001,0.0,0.1,1.0,0.5,0.001,0.018320632667792845,-0.0017333314136794265,-0.0033333333333333357,0.00037499999999999947,-0.0030000000000000044,0.0054375,6.0,0.2
R0-S0.1-N1-D0.5-P0.01,0.0,0.1,1.0,0.5,0.01,0.0012279313485237856,0.028463396603461116,0.02761904761904762,0.027625,0.08700000000000001,0.09543750000000001,1.0,0.047379760826880904
R0-S0.1-N1-D2-P0.0001,0.0,0.1,1.0,2.0,0.0001,0.019030244860011418,-0.007149165625787612,-0.007800000000000002,-0.003300000000000001,-0.006692307692307693,-0.003187500000000001,19.0,0.1962252680897735
R0-S0.1-N1-D2-P0.001,0.0,0.1,1.0,2.0,0.001,0.01008638181867992,0.00116290806708745,0.0003124999999999994,0.0007499999999999989,0.0023076923076923075,0.005812499999999999,2.5,0.07972105625107773
R0-S0.1-N1-D2-P0.01,0.0,0.1,1.0,2.0,0.01,0.0007122690534114671,0.028406648419659303,0.027916666666666666,0.028,0.09230769230769231,0.09581250000000001,1.0,0.036699956101149823
R0-S0.1-N10-D0-P0.0001,0.0,0.1,10.0,0.0,0.0001,0.11164108308991755,-0.003405146709092722,-0.007150793650793655,-0.0016375000000000007,-0.001,-0.0008750000000000009,2.0,0.005
R0-S0.1-N10-D0-P0.001,0.0,0.1,10.0,0.0,0.001,0.09388675816217804,0.010894676270568945,0.00275,0.007,0.008,0.008125,1.0,0.005458684172393652
R0-S0.1-N10-D0-P0.01,0.0,0.1,10.0,0.0,0.01,0.027192018007331367,0.04850569442055681,0.02975,0.0475,0.098,0.098125,1.0,0.005
R0-S0.1-N10-D0.5-P0.0001,0.0,0.1,10.0,0.5,0.0001,0.08488426399533103,-0.0024726277532774723,-0.005150793650793655,-0.0015125000000000006,-0.0009230769230769233,-0.0007500000000000007,2.0,0.005431996376567711
R0-S0.1-N10-D0.5-P0.001,0.0,0.1,10.0,0.5,0.001,0.07274520727994838,0.00906198766304462,0.0027512500000000002,0.007124999999999999,0.008076923076923077,0.00825,1.0,0.005
R0-S0.1-N10-D0.5-P0.01,0.0,0.1,10.0,0.5,0.01,0.01697720087714723,0.0414612955265134,0.02975125,0.047625,0.09807692307692308,0.09825,1.0,0.005
R0-S0.1-N10-D2-P0.0001,0.0,0.1,10.0,2.0,0.0001,0.05360726980414285,6.424516866930832e-06,-0.0014886075949367087,-0.0011375000000000007,-0.0007241379310344829,-0.0003750000000000012,2.0,0.005
R0-S0.1-N10-D2-P0.001,0.0,0.1,10.0,2.0,0.001,0.06940547277103412,0.008776271790251065,0.002755,0.007500000000000001,0.008275862068965517,0.008624999999999999,1.0,0.006049659768683352
R0-S0.1-N10-D2-P0.01,0.0,0.1,10.0,2.0,0.01,0.0072077729577653665,0.03472659743648345,0.029755,0.048,0.09827586206896552,0.098625,1.0,0.006316546202640444
R0-S1-N0.1-D0-P0.0001,0.0,1.0,0.1,0.0,0.0001,4.042405569422283e-06,-0.19853169642857144,-0.19853333333333334,-0.049475000000000005,-0.1985,-0.048968750000000005,6.0,0.2
R0-S1-N0.1-D0-P0.001,0.0,1.0,0.1,0.0,0.001,0.0,-0.19399999999999998,-0.194,-0.04675,-0.1895,-0.039968750000000004,2.0,0.2
R0-S1-N0.1-D0-P0.01,0.0,1.0,0.1,0.0,0.01,0.0,-0.166,-0.166,-0.01975,-0.0995,0.05003125,1.0,0.2
R0-S1-N0.1-D0.5-P0.0001,0.0,1.0,0.1,0.5,0.0001,3.2859740709718023e-06,-0.17853206845238098,-0.17853333333333335,-0.048225000000000004,-0.17850000000000002,-0.047718750000000004,6.0,0.2
R0-S1-N0.1-D0.5-P0.001,0.0,1.0,0.1,0.5,0.001,0.0,-0.17399999999999996,-0.174,-0.0455,-0.1695,-0.03871875,2.0,0.2
R0-S1-N0.1-D0.5-P0.01,0.0,1.0,0.1,0.5,0.01,0.0,-0.14600000000000002,-0.14600000000000002,-0.0185,-0.07950000000000002,0.05128125,1.0,0.2
R0-S1-N0.1-D2-P0.0001,0.0,1.0,0.1,2.0,0.0001,4.1217246028536304e-06,-0.11853199404761905,-0.11853333333333334,-0.04447500000000001,-0.1185,-0.04396875,6.0,0.2
R0-S1-N0.1-D2-P0.001,0.0,1.0,0.1,2.0,0.001,0.0,-0.114,-0.114,-0.041749999999999995,-0.10949999999999999,-0.03496875,2.0,0.2
R0-S1-N0.1-D2-P0.01,0.0,1.0,0.1,2.0,0.01,0.0,-0.08599999999999998,-0.086,-0.014749999999999996,-0.019499999999999993,0.055031250000000004,1.0,0.2
R0-S1-N1-D0-P0.0001,0.0,1.0,1.0,0.0,0.0001,1.862272411160128e-05,-0.19579250994036235,-0.1958,-0.0488,-0.194,-0.0486875,20.0,0.2
R0-S1-N1-D0-P0.001,0.0,1.0,1.0,0.0,0.001,3.146195421790643e-05,-0.18531919642857145,-0.18533333333333335,-0.04475,-0.185,-0.0396875,6.0,0.2
R0-S1-N1-D0-P0.01,0.0,1.0,1.0,0.0,0.01,0.0,-0.14,-0.14,-0.017499999999999998,-0.095,0.050312499999999996,2.0,0.2
R0-S1-N1-D0.5-P0.0001,0.0,1.0,1.0,0.5,0.0001,1.4099827430456622e-05,-0.17579461104595606,-0.17579999999999998,-0.04755,-0.17400000000000002,-0.0474375,20.0,0.2
R0-S1-N1-D0.5-P0.001,0.0,1.0,1.0,0.5,0.001,3.466060337178256e-05,-0.16531845238095239,-0.16533333333333333,-0.0435,-0.165,-0.0384375,6.0,0.2
R0-S1-N1-D0.5-P0.01,0.0,1.0,1.0,0.5,0.01,0.0,-0.12000000000000001,-0.12000000000000001,-0.016249999999999997,-0.07500000000000001,0.0515625,2.0,0.2
R0-S1-N1-D2-P0.0001,0.0,1.0,1.0,2.0,0.0001,1.677362948522327e-05,-0.11579459553657986,-0.1158,-0.0438,-0.11399999999999999,-0.043687500000000004,20.0,0.2
R0-S1-N1-D2-P0.001,0.0,1.0,1.0,2.0,0.001,4.432052604436155e-05,-0.10531696428571427,-0.10533333333333333,-0.03975,-0.10499999999999998,-0.0346875,6.0,0.2
R0-S1-N1-D2-P0.01,0.0,1.0,1.0,2.0,0.01,4.1451090171525174e-05,-0.05996269401884562,-0.06,-0.0125,-0.014999999999999989,0.0553125,2.0,0.2
R0-S1-N10-D0-P0.0001,0.0,1.0,10.0,0.0,0.0001,0.014520306774452998,-0.1814363153956547,-0.18715079365079365,-0.046637500000000005,-0.14900000000000002,-0.045875,63.0,0.2
R0-S1-N10-D0-P0.001,0.0,1.0,10.0,0.0,0.001,0.022846490978235188,-0.14835878080718473,-0.158,-0.038,-0.14,-0.036875,19.0,0.2
R0-S1-N10-D0-P0.01,0.0,1.0,10.0,0.0,0.01,0.02494148711421731,-0.031052271511299204,-0.05333333333333333,0.0024999999999999953,-0.05000000000000002,0.053125000000000006,6.0,0.2
R0-S1-N10-D0.5-P0.0001,0.0,1.0,10.0,0.5,0.0001,0.020440524608811184,-0.15951521946053365,-0.16715079365079366,-0.045387500000000004,-0.129,-0.044625,62.5,0.2
R0-S1-N10-D0.5-P0.001,0.0,1.0,10.0,0.5,0.001,0.017334213615791735,-0.13103164612645174,-0.138,-0.036750000000000005,-0.12,-0.035625,20.0,0.2
R0-S1-N10-D0.5-P0.01,0.0,1.0,10.0,0.5,0.01,0.017352880512133573,-0.018178484352736675,-0.033333333333333326,0.0037499999999999964,-0.030000000000000002,0.05437500000000001,6.0,0.2
R0-S1-N10-D2-P0.0001,0.0,1.0,10.0,2.0,0.0001,0.01562235956218573,-0.10225239041137224,-0.10715079365079365,-0.04163750000000001,-0.07592307692307693,-0.040875,62.0,0.2
R0-S1-N10-D2-P0.001,0.0,1.0,10.0,2.0,0.001,0.019724554433585645,-0.0712542023837137,-0.078,-0.033,-0.06692307692307692,-0.031875,19.0,0.19213493933260628
R0-S1-N10-D2-P0.01,0.0,1.0,10.0,2.0,0.01,0.009559455253040253,0.011184815710219568,0.0031250000000000062,0.0075,0.023076923076923075,0.058124999999999996,3.0,0.09242276343856456
R0-S10-N0.1-D0-P0.0001,0.0,10.0,0.1,0.0,0.0001,3.7156554536354434e-07,-1.9985318452380958,-1.9985333333333335,-0.49947500000000006,-1.9985000000000002,-0.49896875,6.0,0.2
R0-S10-N0.1-D0-P0.001,0.0,10.0,0.1,0.0,0.001,0.0,-1.994,-1.994,-0.49675,-1.9895,-0.48996875,2.0,0.2
R0-S10-N0.1-D0-P0.01,0.0,10.0,0.1,0.0,0.01,0.0,-1.9659999999999997,-1.966,-0.46975,-1.8995,-0.39996875,1.0,0.2
R0-S10-N0.1-D0.5-P0.0001,0.0,10.0,0.1,0.5,0.0001,3.715414574512439e-07,-1.798531919642857,-1.7985333333333333,-0.48697500000000005,-1.7985,-0.48646875,6.0,0.2
R0-S10-N0.1-D0.5-P0.001,0.0,10.0,0.1,0.5,0.001,0.0,-1.7940000000000003,-1.794,-0.48425,-1.7894999999999999,-0.47746875,2.0,0.2
R0-S10-N0.1-D0.5-P0.01,0.0,10.0,0.1,0.5,0.01,0.0,-1.766,-1.766,-0.45725,-1.6994999999999998,-0.38746875,1.0,0.2
R0-S10-N0.1-D2-P0.0001,0.0,10.0,0.1,2.0,0.0001,5.803924307307847e-07,-1.198531473214286,-1.1985333333333335,-0.449475,-1.1985000000000001,-0.44896874999999997,6.0,0.2
R0-S10-N0.1-D2-P0.001,0.0,10.0,0.1,2.0,0.001,0.0,-1.194,-1.194,-0.44675,-1.1895,-0.43996874999999996,2.0,0.2
R0-S10-N0.1-D2-P0.01,0.0,10.0,0.1,2.0,0.01,0.0,-1.1659999999999997,-1.1659999999999997,-0.41974999999999996,-1.0995,-0.34996874999999994,1.0,0.2
R0-S10-N1-D0-P0.0001,0.0,10.0,1.0,0.0,0.0001,1.6168140038544593e-06,-1.995793529186994,-1.9958,-0.4988,-1.9940000000000002,-0.4986875,20.0,0.2
R0-S10-N1-D0-P0.001,0.0,10.0,1.0,0.0,0.001,2.9399313232059245e-06,-1.9853214285714285,-1.9853333333333334,-0.49475,-1.985,-0.4896875,6.0,0.2
R0-S10-N1-D0-P0.01,0.0,10.0,1.0,0.0,0.01,0.0,-1.9399999999999997,-1.94,-0.46749999999999997,-1.895,-0.3996875,2.0,0.2
R0-S10-N1-D0.5-P0.0001,0.0,10.0,1.0,0.5,0.0001,1.491685070912312e-06,-1.7957943283150233,-1.7958,-0.4863,-1.794,-0.4861875,20.0,0.2
R0-S10-N1-D0.5-P0.001,0.0,10.0,1.0,0.5,0.001,3.672559255762046e-06,-1.7853191964285715,-1.7853333333333332,-0.48225,-1.785,-0.4771875,6.0,0.2
R0-S10-N1-D0.5-P0.01,0.0,10.0,1.0,0.5,0.01,0.0,-1.74,-1.74,-0.45499999999999996,-1.6949999999999998,-0.38718749999999996,2.0,0.2
R0-S10-N1-D2-P0.0001,0.0,10.0,1.0,2.0,0.0001,1.7567456554817171e-06,-1.1957943745490622,-1.1958,-0.44880000000000003,-1.194,-0.4486875,20.0,0.2
R0-S10-N1-D2-P0.001,0.0,10.0,1.0,2.0,0.001,5.953602204062918e-06,-1.185313988095238,-1.1853333333333331,-0.44475,-1.1849999999999998,-0.4396875,6.0,0.2
R0-S10-N1-D2-P0.01,0.0,10.0,1.0,2.0,0.01,0.0,-1.1399999999999997,-1.1399999999999997,-0.4175,-1.0949999999999998,-0.3496875,2.0,0.2
R0-S10-N10-D0-P0.0001,0.0,10.0,10.0,0.0,0.0001,1.8179787712590913e-06,-1.9871435334602288,-1.9871507936507937,-0.4966375,-1.949,-0.495875,63.0,0.2
R0-S10-N10-D0-P0.001,0.0,10.0,10.0,0.0,0.001,1.365565781833694e-05,-1.9579450769442548,-1.958,-0.488,-1.94,-0.486875,20.0,0.2
R0-S10-N10-D0-P0.01,0.0,10.0,10.0,0.0,0.01,2.6494277236119377e-05,-1.8532142857142857,-1.8533333333333333,-0.44749999999999995,-1.8499999999999999,-0.396875,6.0,0.2
R0-S10-N10-D0.5-P0.0001,0.0,10.0,10.0,0.5,0.0001,2.6591911614971833e-06,-1.7871407058740525,-1.7871507936507935,-0.48413750000000005,-1.749,-0.483375,63.0,0.2
R0-S10-N10-D0.5-P0.001,0.0,10.0,10.0,0.5,0.001,1.4455717839763935e-05,-1.7579447502464163,-1.758,-0.4755,-1.74,-0.474375,20.0,0.2
R0-S10-N10-D0.5-P0.01,0.0,10.0,10.0,0.5,0.01,4.332575421473326e-05,-1.653147321428571,-1.6533333333333333,-0.43499999999999994,-1.65,-0.38437499999999997,6.0,0.2
R0-S10-N10-D2-P0.0001,0.0,10.0,10.0,2.0,0.0001,5.057024955077959e-06,-1.1871346437847348,-1.1871507936507937,-0.4466375,-1.149,-0.445875,62.0,0.2
R0-S10-N10-D2-P0.001,0.0,10.0,10.0,2.0,0.001,1.947449695654138e-05,-1.1579372531708056,-1.1579999999999997,-0.438,-1.14,-0.436875,20.0,0.2
R0-S10-N10-D2-P0.01,0.0,10.0,10.0,2.0,0.01,4.230595667870416e-05,-1.0531770833333332,-1.0533333333333332,-0.39749999999999996,-1.0499999999999998,-0.346875,6.0,0.2
R0.3-S0.1-N0.1-D0-P0.0001,0.3,0.1,0.1,0.0,0.0001,4.978379608556056e-05,-0.017537812500000003,-0.017540000000000004,-0.004450000000000001,-0.017450000000000007,-0.0039031250000000008,5.0,0.2
R0.3-S0.1-N0.1-D0-P0.001,0.3,0.1,0.1,0.0,0.001,0.0,-0.013399999999999999,-0.013400000000000002,-0.0017500000000000007,-0.008450000000000004,0.005096874999999999,2.0,0.2
R0.3-S0.1-N0.1-D0-P0.01,0.3,0.1,0.1,0.0,0.01,0.0,0.013999999999999997,0.013999999999999997,0.02525,0.08155,0.09509687500000001,1.0,0.2
R0.3-S0.1-N0.1-D0.5-P0.0001,0.3,0.1,0.1,0.5,0.0001,4.470672389128692e-05,-0.015538125000000002,-0.015540000000000003,-0.004325000000000001,-0.015450000000000004,-0.0037781250000000007,5.0,0.2
R0.3-S0.1-N0.1-D0.5-P0.001,0.3,0.1,0.1,0.5,0.001,0.0,-0.011400000000000006,-0.011400000000000004,-0.0016250000000000006,-0.006450000000000003,0.005221874999999999,2.0,0.2
R0.3-S0.1-N0.1-D0.5-P0.01,0.3,0.1,0.1,0.5,0.01,0.0,0.015999999999999997,0.015999999999999997,0.025375,0.08355,0.095221875,1.0,0.2
R0.3-S0.1-N0.1-D2-P0.0001,0.3,0.1,0.1,2.0,0.0001,0.00012030243284815809,-0.00953567633056344,-0.009540000000000002,-0.003950000000000001,-0.00945,-0.0034031250000000008,5.0,0.2
R0.3-S0.1-N0.1-D2-P0.001,0.3,0.1,0.1,2.0,0.001,0.0005174669588536346,-0.005387683143679884,-0.005433962264150945,-0.0012500000000000011,-0.00045000000000000075,0.005596874999999999,2.0,0.18733752438236478
R0.3-S0.1-N0.1-D2-P0.01,0.3,0.1,0.1,2.0,0.01,3.471693401871234e-05,0.02169033204335609,0.021666666666666667,0.02575,0.08955,0.09559687500000001,1.0,0.16642509324330879
R0.3-S0.1-N1-D0-P0.0001,0.3,0.1,1.0,0.0,0.0001,0.051456591388178166,-0.0039313299265408145,-0.005576744186046512,-0.0032125000000000005,-0.005451612903225808,-0.003031250000000001,11.5,0.13383777293033766
R0.3-S0.1-N1-D0-P0.001,0.3,0.1,1.0,0.0,0.001,0.018099651596169636,0.0016770014497084285,0.00015384615384615285,0.0004999999999999996,0.003548387096774192,0.005968749999999999,2.5,0.09986627853021707
R0.3-S0.1-N1-D0-P0.01,0.3,0.1,1.0,0.0,0.01,0.0013319586018777766,0.02841572153879097,0.0275,0.0275,0.0935483870967742,0.09596875,1.0,0.054524810021268286
R0.3-S0.1-N1-D0.5-P0.0001,0.3,0.1,1.0,0.5,0.0001,0.04346109193174753,-0.003398464459916704,-0.004752380952380953,-0.003087500000000001,-0.004714285714285715,-0.002906250000000001,10.5,0.12345469372031882
R0.3-S0.1-N1-D0.5-P0.001,0.3,0.1,1.0,0.5,0.001,0.015111571945035679,0.0017044198599308691,0.0004285714285714279,0.0006249999999999988,0.004285714285714285,0.006093749999999999,1.0,0.04421245765758288
R0.3-S0.1-N1-D0.5-P0.01,0.3,0.1,1.0,0.5,0.01,0.0011346375863220243,0.028399246035547145,0.02761904761904762,0.027625,0.09428571428571429,0.09609375,1.0,0.04614446887290735
R0.3-S0.1-N1-D2-P0.0001,0.3,0.1,1.0,2.0,0.0001,0.024609667864443338,-0.002536579853354848,-0.0032666666666666673,-0.0027125000000000005,-0.0032553191489361703,-0.0025312500000000005,7.0,0.08183826429416302
R0.3-S0.1-N1-D2-P0.001,0.3,0.1,1.0,2.0,0.001,0.005875444541095625,0.00141558983228137,0.0009166666666666663,0.0009999999999999992,0.00574468085106383,0.00646875,1.0,0.04128940425082624
R0.3-S0.1-N1-D2-P0.01,0.3,0.1,1.0,2.0,0.01,0.0005517408809769524,0.028296218414372062,0.027916666666666666,0.028,0.09574468085106383,0.09646875,1.0,0.040306736727357434
R0.3-S0.1-N10-D0-P0.0001,0.3,0.1,10.0,0.0,0.0001,0.466773335692746,0.012345381805914537,1.538461538461535e-05,0.005346153846153846,0.0003548387096774194,0.005687500000000001,6.0,0.02409837403065769
R0.3-S0.1-N10-D0-P0.001,0.3,0.1,10.0,0.0,0.001,0.12356417924001593,0.013469192549071383,0.00275,0.012875000000000001,0.00935483870967742,0.014687500000000001,1.0,0.005
R0.3-S0.1-N10-D0-P0.01,0.3,0.1,10.0,0.0,0.01,0.005906837938110732,0.03382424146781188,0.02975,0.05,0.09935483870967743,0.1046875,1.0,0.005
R0.3-S0.1-N10-D0.5-P0.0001,0.3,0.1,10.0,0.5,0.0001,0.4260363070204145,0.011273484361345426,1.832061068702287e-05,0.005471153846153844,0.0003630573248407643,0.005812500000000001,5.5,0.021486338468625264
R0.3-S0.1-N10-D0.5-P0.001,0.3,0.1,10.0,0.5,0.001,0.05788036685838578,0.00777244417542354,0.0027512500000000002,0.013,0.009363057324840765,0.014812500000000001,1.0,0.005
R0.3-S0.1-N10-D0.5-P0.01,0.3,0.1,10.0,0.5,0.01,0.005927599786259192,0.03383981936207201,0.02975125,0.050125,0.09936305732484077,0.1048125,1.0,0.006068040758197835
R0.3-S0.1-N10-D2-P0.0001,0.3,0.1,10.0,2.0,0.0001,0.2755944347332164,0.0073099627781885515,2.686567164179106e-05,0.005846153846153846,0.00038650306748466256,0.006187500000000001,5.0,0.019151770288503393
R0.3-S0.1-N10-D2-P0.001,0.3,0.1,10.0,2.0,0.001,0.05906186606703189,0.007878912190645352,0.002755,0.013375000000000001,0.009386503067484663,0.015187500000000001,1.0,0.006305709774364843
R0.3-S0.1-N10-D2-P0.01,0.3,0.1,10.0,2.0,0.01,0.0044173305715851045,0.03280187584840369,0.029755,0.0505,0.09938650306748467,0.1051875,1.0,0.00852574279049715
R0.3-S1-N0.1-D0-P0.0001,0.3,1.0,0.1,0.0,0.0001,4.126025317284021e-06,-0.19753833333333334,-0.19754,-0.04945,-0.19745000000000001,-0.048903125,5.0,0.2
R0.3-S1-N0.1-D0-P0.001,0.3,1.0,0.1,0.0,0.001,0.0,-0.19340000000000002,-0.19340000000000002,-0.04675,-0.18845,-0.039903125,2.0,0.2
R0.3-S1-N0.1-D0-P0.01,0.3,1.0,0.1,0.0,0.01,0.0,-0.166,-0.166,-0.01975,-0.09845000000000001,0.050096875,1.0,0.2
R0.3-S1-N0.1-D0.5-P0.0001,0.3,1.0,0.1,0.5,0.0001,3.5270267923744915e-06,-0.17753864583333334,-0.17754,-0.0482,-0.17745,-0.047653125000000005,5.0,0.2
R0.3-S1-N0.1-D0.5-P0.001,0.3,1.0,0.1,0.5,0.001,1.4288980338362471e-05,-0.17339375,-0.1734,-0.0455,-0.16845,-0.038653125,2.0,0.2
R0.3-S1-N0.1-D0.5-P0.01,0.3,1.0,0.1,0.5,0.01,0.0,-0.14600000000000002,-0.14600000000000002,-0.0185,-0.07844999999999999,0.051346875,1.0,0.2
R0.3-S1-N0.1-D2-P0.0001,0.3,1.0,0.1,2.0,0.0001,6.752793727235505e-06,-0.1175378125,-0.11754,-0.04445,-0.11745,-0.043903125,5.0,0.2
R0.3-S1-N0.1-D2-P0.001,0.3,1.0,0.1,2.0,0.001,0.0,-0.11339999999999997,-0.1134,-0.04175,-0.10844999999999999,-0.034903125,2.0,0.2
R0.3-S1-N0.1-D2-P0.01,0.3,1.0,0.1,2.0,0.01,0.0,-0.08600000000000002,-0.08600000000000002,-0.014750000000000003,-0.018449999999999998,0.055096875000000003,1.0,0.2
R0.3-S1-N1-D0-P0.0001,0.3,1.0,1.0,0.0,0.0001,1.6414226425671418e-05,-0.18444652562779498,-0.1844529411764706,-0.048212500000000005,-0.1835,-0.048031250000000004,17.0,0.2
R0.3-S1-N1-D0-P0.001,0.3,1.0,1.0,0.0,0.001,2.370656956455512e-05,-0.17538958333333332,-0.1754,-0.0445,-0.1745,-0.03903125,5.0,0.2
R0.3-S1-N1-D0-P0.01,0.3,1.0,1.0,0.0,0.01,0.0,-0.13400000000000004,-0.13400000000000004,-0.017499999999999998,-0.08449999999999999,0.05096874999999999,2.0,0.2
R0.3-S1-N1-D0.5-P0.0001,0.3,1.0,1.0,0.5,0.0001,1.601241849431791e-05,-0.1644470029239766,-0.16445294117647058,-0.046962500000000004,-0.1635,-0.04678125,16.0,0.2
R0.3-S1-N1-D0.5-P0.001,0.3,1.0,1.0,0.5,0.001,5.712525830550952e-05,-0.15537604166666666,-0.15539999999999998,-0.04325,-0.1545,-0.03778125,5.0,0.2
R0.3-S1-N1-D0.5-P0.01,0.3,1.0,1.0,0.5,0.01,0.0,-0.11400000000000002,-0.11400000000000003,-0.016249999999999997,-0.0645,0.052218749999999994,2.0,0.2
R0.3-S1-N1-D2-P0.0001,0.3,1.0,1.0,2.0,0.0001,1.6292625538990472e-05,-0.10444787656590229,-0.10445294117647058,-0.04321250000000001,-0.10350000000000001,-0.04303125,17.0,0.2
R0.3-S1-N1-D2-P0.001,0.3,1.0,1.0,2.0,0.001,0.00018649505391496872,-0.09533297367762296,-0.0954,-0.0395,-0.0945,-0.03403125,5.0,0.2
R0.3-S1-N1-D2-P0.01,0.3,1.0,1.0,2.0,0.01,0.00032683195789472434,-0.05404732387161869,-0.05433962264150943,-0.0125,-0.0045000000000000075,0.05596875,2.0,0.18899627642504338
R0.3-S1-N10-D0-P0.0001,0.3,1.0,10.0,0.0,0.0001,0.03747504255170165,-0.0640188538346851,-0.07454736842105264,-0.03965384615384615,-0.06351612903225806,-0.0393125,40.0,0.15505545013603994
R0.3-S1-N10-D0-P0.001,0.3,1.0,10.0,0.0,0.001,0.05261049602943953,-0.038944318130121086,-0.05576744186046512,-0.032125,-0.05451612903225806,-0.0303125,10.5,0.12272080115074492
R0.3-S1-N10-D0-P0.01,0.3,1.0,10.0,0.0,0.01,0.018788526916189704,0.017349729574085794,0.0015384615384615372,0.004999999999999999,0.03548387096774194,0.059687500000000004,2.0,0.07688701611643135
R0.3-S1-N10-D0.5-P0.0001,0.3,1.0,10.0,0.5,0.0001,0.052067266756550726,-0.04979699580919081,-0.06386917293233081,-0.038403846153846156,-0.05614285714285714,-0.0380625,39.5,0.14980489346135767
R0.3-S1-N10-D0.5-P0.001,0.3,1.0,10.0,0.5,0.001,0.048133005212380384,-0.0325292323762194,-0.04752380952380952,-0.030875,-0.04714285714285714,-0.029062499999999998,9.0,0.11586844825161624
R0.3-S1-N10-D0.5-P0.01,0.3,1.0,10.0,0.5,0.01,0.017089724409054593,0.01871432446535895,0.0042857142857142885,0.00625,0.04285714285714286,0.060937500000000006,2.0,0.06884143416429431
R0.3-S1-N10-D2-P0.0001,0.3,1.0,10.0,2.0,0.0001,0.029783433721491774,-0.03717139893911907,-0.04464848484848485,-0.03465384615384615,-0.0415531914893617,-0.0343125,26.0,0.09811491374094466
R0.3-S1-N10-D2-P0.001,0.3,1.0,10.0,2.0,0.001,0.02285943520942331,-0.025885034221204417,-0.03266666666666666,-0.027125000000000003,-0.0325531914893617,-0.0253125,7.5,0.09041617022090681
R0.3-S1-N10-D2-P0.01,0.3,1.0,10.0,2.0,0.01,0.007347150801500817,0.015405622222274443,0.009166666666666668,0.010000000000000004,0.0574468085106383,0.0646875,1.0,0.04175358058939825
R0.3-S10-N0.1-D0-P0.0001,0.3,10.0,0.1,0.0,0.0001,3.9024061299875526e-07,-1.9975384375000003,-1.99754,-0.49945000000000006,-1.9974500000000002,-0.498903125,5.0,0.2
R0.3-S10-N0.1-D0-P0.001,0.3,10.0,0.1,0.0,0.001,0.0,-1.9933999999999998,-1.9934,-0.49675,-1.98845,-0.489903125,2.0,0.2
R0.3-S10-N0.1-D0-P0.01,0.3,10.0,0.1,0.0,0.01,0.0,-1.9659999999999997,-1.966,-0.46975,-1.89845,-0.39990312499999997,1.0,0.2
R0.3-S10-N0.1-D0.5-P0.0001,0.3,10.0,0.1,0.5,0.0001,6.024455345261366e-07,-1.7975377083333335,-1.79754,-0.48695000000000005,-1.79745,-0.486403125,5.0,0.2
R0.3-S10-N0.1-D0.5-P0.001,0.3,10.0,0.1,0.5,0.001,0.0,-1.7933999999999999,-1.7933999999999999,-0.48425,-1.7884499999999999,-0.477403125,2.0,0.2
R0.3-S10-N0.1-D0.5-P0.01,0.3,10.0,0.1,0.5,0.01,0.0,-1.7659999999999998,-1.7659999999999998,-0.45725,-1.6984499999999998,-0.38740312499999996,1.0,0.2
R0.3-S10-N0.1-D2-P0.0001,0.3,10.0,0.1,2.0,0.0001,8.778254274471293e-07,-1.1975371875,-1.19754,-0.44945,-1.19745,-0.44890312499999996,5.0,0.2
R0.3-S10-N0.1-D2-P0.001,0.3,10.0,0.1,2.0,0.001,0.0,-1.1933999999999998,-1.1933999999999998,-0.44675,-1.1884499999999998,-0.43990312499999995,2.0,0.2
R0.3-S10-N0.1-D2-P0.01,0.3,10.0,0.1,2.0,0.01,0.0,-1.1659999999999997,-1.1659999999999997,-0.41974999999999996,-1.0984499999999997,-0.3499031249999999,1.0,0.2
R0.3-S10-N1-D0-P0.0001,0.3,10.0,1.0,0.0,0.0001,1.3753716735934925e-06,-1.9844474522703819,-1.9844529411764706,-0.4982125,-1.9835,-0.49803125,16.5,0.2
R0.3-S10-N1-D0-P0.001,0.3,10.0,1.0,0.0,0.001,3.868148734960212e-06,-1.9753843750000002,-1.9754,-0.4945,-1.9745,-0.48903125,5.0,0.2
R0.3-S10-N1-D0-P0.01,0.3,10.0,1.0,0.0,0.01,0.0,-1.9339999999999997,-1.934,-0.46749999999999997,-1.8844999999999998,-0.39903124999999995,2.0,0.2
R0.3-S10-N1-D0.5-P0.0001,0.3,10.0,1.0,0.5,0.0001,1.5213093736332575e-06,-1.784447174116357,-1.7844529411764705,-0.4857125,-1.7835,-0.48553124999999997,17.0,0.2
R0.3-S10-N1-D0.5-P0.001,0.3,10.0,1.0,0.5,0.001,6.511434078257844e-06,-1.775375,-1.7754,-0.482,-1.7745,-0.47653124999999996,5.0,0.2
R0.3-S10-N1-D0.5-P0.01,0.3,10.0,1.0,0.5,0.01,0.0,-1.734,-1.734,-0.45499999999999996,-1.6844999999999999,-0.38653124999999994,2.0,0.2
R0.3-S10-N1-D2-P0.0001,0.3,10.0,1.0,2.0,0.0001,1.845863156191687e-06,-1.1844470512985894,-1.1844529411764704,-0.4482125,-1.1835,-0.44803125,17.0,0.2
R0.3-S10-N1-D2-P0.001,0.3,10.0,1.0,2.0,0.001,4.5018624848367905e-06,-1.1753854166666664,-1.1754,-0.4445,-1.1744999999999999,-0.43903125,5.0,0.2
R0.3-S10-N1-D2-P0.01,0.3,10.0,1.0,2.0,0.01,0.0,-1.1340000000000001,-1.134,-0.4175,-1.0844999999999998,-0.34903124999999996,2.0,0.2
R0.3-S10-N10-D0-P0.0001,0.3,10.0,10.0,0.0,0.0001,4.0997422428374755e-06,-1.8692010921014206,-1.8692169811320754,-0.48965384615384616,-1.844,-0.4893125,53.0,0.2
R0.3-S10-N10-D0-P0.001,0.3,10.0,10.0,0.0,0.001,1.3644600753658998e-05,-1.8444760814413486,-1.844529411764706,-0.48212499999999997,-1.835,-0.4803125,17.0,0.2
R0.3-S10-N10-D0-P0.01,0.3,10.0,10.0,0.0,0.01,4.267182521619923e-05,-1.7538125,-1.7539999999999998,-0.44499999999999995,-1.7449999999999999,-0.39031249999999995,5.0,0.2
R0.3-S10-N10-D0.5-P0.0001,0.3,10.0,10.0,0.5,0.0001,4.947894844701937e-06,-1.6691987945657634,-1.6692169811320754,-0.47715384615384615,-1.6440000000000001,-0.4768125,53.0,0.2
R0.3-S10-N10-D0.5-P0.001,0.3,10.0,10.0,0.5,0.001,1.5234117559231206e-05,-1.6444729155916755,-1.644529411764706,-0.469625,-1.635,-0.46781249999999996,17.0,0.2
R0.3-S10-N10-D0.5-P0.01,0.3,10.0,10.0,0.5,0.01,6.954379271975402e-05,-1.5537083333333335,-1.5539999999999998,-0.4325,-1.545,-0.37781249999999994,5.0,0.2
R0.3-S10-N10-D2-P0.0001,0.3,10.0,10.0,2.0,0.0001,6.838393091474498e-06,-1.0691959488541594,-1.0692169811320753,-0.4396538461538461,-1.044,-0.4393125,52.0,0.2
R0.3-S10-N10-D2-P0.001,0.3,10.0,10.0,2.0,0.001,2.429568781681398e-05,-1.0444538879045484,-1.044529411764706,-0.432125,-1.035,-0.4303125,16.0,0.2
R0.3-S10-N10-D2-P0.01,0.3,10.0,10.0,2.0,0.01,0.00012647047731200475,-0.9535454651045405,-0.954,-0.39499999999999996,-0.945,-0.34031249999999996,5.0,0.2
R0.6-S0.1-N0.1-D0-P0.0001,0.6,0.1,0.1,0.0,0.0001,4.602713178294469e-05,-0.016598020833333338,-0.016600000000000004,-0.004450000000000001,-0.016400000000000005,-0.0038375,4.0,0.2
R0.6-S0.1-N0.1-D0-P0.001,0.6,0.1,0.1,0.0,0.001,0.00012886597938144363,-0.012987500000000003,-0.013000000000000003,-0.0017500000000000007,-0.007400000000000002,0.0051624999999999996,1.0,0.2
R0.6-S0.1-N0.1-D0-P0.01,0.6,0.1,0.1,0.0,0.01,0.0,0.013999999999999997,0.013999999999999997,0.02525,0.0826,0.09516250000000001,1.0,0.2
R0.6-S0.1-N0.1-D0.5-P0.0001,0.6,0.1,0.1,0.5,0.0001,3.556910569106052e-05,-0.01459854166666667,-0.014600000000000004,-0.004325000000000001,-0.014400000000000003,-0.0037125,4.0,0.2
R0.6-S0.1-N0.1-D0.5-P0.001,0.6,0.1,0.1,0.5,0.001,3.289473684210478e-05,-0.010996875,-0.011000000000000001,-0.0016250000000000006,-0.005400000000000004,0.0052875,1.0,0.2
R0.6-S0.1-N0.1-D0.5-P0.01,0.6,0.1,0.1,0.5,0.01,0.0,0.016,0.016,0.025375,0.0846,0.09528750000000001,1.0,0.2
R0.6-S0.1-N0.1-D2-P0.0001,0.6,0.1,0.1,2.0,0.0001,0.0007991984875612354,-0.008631239952284243,-0.008659259259259259,-0.00395,-0.008433962264150944,-0.003337500000000001,4.0,0.18318117477928855
R0.6-S0.1-N0.1-D2-P0.001,0.6,0.1,0.1,2.0,0.001,0.0003108760109593639,-0.005305561743020963,-0.005333333333333333,-0.0012500000000000002,0.0005660377358490554,0.005662499999999999,1.0,0.17190662869468398
R0.6-S0.1-N0.1-D2-P0.01,0.6,0.1,0.1,2.0,0.01,2.563675658723163e-05,0.02168414238907363,0.021666666666666667,0.025750000000000002,0.09056603773584906,0.0956625,1.0,0.16708620807350139
R0.6-S0.1-N1-D0-P0.0001,0.6,0.1,1.0,0.0,0.0001,0.056853301697353545,-0.0013063212430789195,-0.002976470588235294,-0.0026666666666666674,-0.0028461538461538463,-0.002375000000000001,4.0,0.06714047304702153
R0.6-S0.1-N1-D0-P0.001,0.6,0.1,1.0,0.0,0.001,0.011591988126488477,0.001479522996688276,0.0004999999999999996,0.0004999999999999996,0.006153846153846154,0.006624999999999999,1.0,0.052471783109405104
R0.6-S0.1-N1-D0-P0.01,0.6,0.1,1.0,0.0,0.01,0.0012132018697132213,0.02833407628542784,0.0275,0.0275,0.09615384615384616,0.096625,1.0,0.043341823370598144
R0.6-S0.1-N1-D0.5-P0.0001,0.6,0.1,1.0,0.5,0.0001,0.03720098972128125,-0.0016495444994533395,-0.0027333333333333333,-0.0025416666666666673,-0.0025714285714285713,-0.0022500000000000007,4.0,0.06276529561648038
R0.6-S0.1-N1-D0.5-P0.001,0.6,0.1,1.0,0.5,0.001,0.009167263616970069,0.001394772735588372,0.0006190476190476189,0.0006249999999999997,0.006428571428571429,0.006749999999999999,1.0,0.04975823598623502
R0.6-S0.1-N1-D0.5-P0.01,0.6,0.1,1.0,0.5,0.01,0.0009356808249540851,0.028262439576777952,0.02761904761904762,0.027625,0.09642857142857143,0.09675,1.0,0.050122285767871685
R0.6-S0.1-N1-D2-P0.0001,0.6,0.1,1.0,2.0,0.0001,0.021549737386015125,-0.0015627107194182395,-0.002178571428571429,-0.0021666666666666674,-0.0019411764705882352,-0.0018750000000000004,4.0,0.058275344912329816
R0.6-S0.1-N1-D2-P0.001,0.6,0.1,1.0,2.0,0.001,0.0059988517461217,0.0014260691607748343,0.0009166666666666668,0.001,0.007058823529411765,0.007124999999999999,1.0,0.04367862855034746
R0.6-S0.1-N1-D2-P0.01,0.6,0.1,1.0,2.0,0.01,0.0007754030586416489,0.028450079354090566,0.027916666666666666,0.028,0.09705882352941177,0.097125,1.0,0.04495294040929998
R0.6-S0.1-N10-D0-P0.0001,0.6,0.1,10.0,0.0,0.0001,0.27327664081099534,0.007278167149450828,4.9999999999999996e-05,0.012200000000000004,0.0006153846153846154,0.01225,2.5,0.013223667839309141
R0.6-S0.1-N10-D0-P0.001,0.6,0.1,10.0,0.0,0.001,0.047862960159885864,0.006902111793870099,0.00275,0.018333333333333333,0.009615384615384616,0.021249999999999998,1.0,0.005
R0.6-S0.1-N10-D0-P0.01,0.6,0.1,10.0,0.0,0.01,0.007326820558540482,0.034803674480253295,0.02975,0.05,0.09961538461538462,0.11125,1.0,0.008490289892657519
R0.6-S0.1-N10-D0.5-P0.0001,0.6,0.1,10.0,0.5,0.0001,0.21827253995965698,0.005824831522607878,5.125e-05,0.012325000000000001,0.0006183206106870229,0.012375,1.0,0.005184554379585762
R0.6-S0.1-N10-D0.5-P0.001,0.6,0.1,10.0,0.5,0.001,0.07276190184089237,0.009063435937074715,0.0027512500000000002,0.018458333333333334,0.009618320610687023,0.021374999999999998,1.0,0.006772646987588064
R0.6-S0.1-N10-D0.5-P0.01,0.6,0.1,10.0,0.5,0.01,0.0059675352637022505,0.03386736490755771,0.02975125,0.050125,0.09961832061068703,0.111375,1.0,0.006933523447436991
R0.6-S0.1-N10-D2-P0.0001,0.6,0.1,10.0,2.0,0.0001,0.1632210791513497,0.0043730136489489565,5.4999999999999955e-05,0.012700000000000005,0.0006268656716417911,0.012750000000000001,1.0,0.00562015178829635
R0.6-S0.1-N10-D2-P0.001,0.6,0.1,10.0,2.0,0.001,0.03627078043813774,0.00590167155691064,0.002755,0.018833333333333334,0.009626865671641791,0.02175,1.0,0.005
R0.6-S0.1-N10-D2-P0.01,0.6,0.1,10.0,2.0,0.01,0.0027446403650623285,0.03164812941500357,0.029755,0.0505,0.09962686567164179,0.11175,1.0,0.005
R0.6-S1-N0.1-D0-P0.0001,0.6,1.0,0.1,0.0,0.0001,2.8432588916452447e-06,-0.19659885416666667,-0.1966,-0.04945,-0.19640000000000002,-0.0488375,4.0,0.2
R0.6-S1-N0.1-D0-P0.001,0.6,1.0,0.1,0.0,0.001,1.3676148796499298e-05,-0.19299375000000002,-0.193,-0.04675,-0.1874,-0.0398375,1.0,0.2
R0.6-S1-N0.1-D0-P0.01,0.6,1.0,0.1,0.0,0.01,0.0,-0.166,-0.166,-0.01975,-0.09740000000000001,0.0501625,1.0,0.2
R0.6-S1-N0.1-D0.5-P0.0001,0.6,1.0,0.1,0.5,0.0001,4.351610095732225e-06,-0.1765983333333333,-0.17659999999999998,-0.0482,-0.1764,-0.047587500000000005,4.0,0.2
R0.6-S1-N0.1-D0.5-P0.001,0.6,1.0,0.1,0.5,0.001,1.4302059496565931e-05,-0.17299375,-0.173,-0.0455,-0.1674,-0.038587500000000004,1.0,0.2
R0.6-S1-N0.1-D0.5-P0.01,0.6,1.0,0.1,0.5,0.01,0.0,-0.146,-0.146,-0.0185,-0.0774,0.0514125,1.0,0.2
R0.6-S1-N0.1-D2-P0.0001,0.6,1.0,0.1,2.0,0.0001,8.707430340562627e-06,-0.11659718750000002,-0.11660000000000001,-0.044449999999999996,-0.1164,-0.0438375,4.0,0.2
R0.6-S1-N0.1-D2-P0.001,0.6,1.0,0.1,2.0,0.001,3.31564986737387e-05,-0.11298749999999999,-0.11299999999999999,-0.041749999999999995,-0.1074,-0.0348375,1.0,0.2
R0.6-S1-N0.1-D2-P0.01,0.6,1.0,0.1,2.0,0.01,0.0,-0.08599999999999998,-0.086,-0.014749999999999996,-0.017400000000000002,0.0551625,1.0,0.2
R0.6-S1-N1-D0-P0.0001,0.6,1.0,1.0,0.0,0.0001,1.560928519114308e-05,-0.1732633044039294,-0.1732692307692308,-0.04766666666666667,-0.17300000000000001,-0.047375,13.0,0.2
R0.6-S1-N1-D0-P0.001,0.6,1.0,1.0,0.0,0.001,9.44767441860472e-05,-0.16595937500000002,-0.166,-0.0445,-0.164,-0.038375,4.0,0.2
R0.6-S1-N1-D0-P0.01,0.6,1.0,1.0,0.0,0.01,6.443298969072081e-05,-0.1299375,-0.13,-0.017499999999999998,-0.07400000000000001,0.051625000000000004,1.0,0.2
R0.6-S1-N1-D0.5-P0.0001,0.6,1.0,1.0,0.5,0.0001,1.800781363201037e-05,-0.1532627539127539,-0.15326923076923077,-0.04641666666666667,-0.153,-0.046125,13.0,0.2
R0.6-S1-N1-D0.5-P0.001,0.6,1.0,1.0,0.5,0.001,6.859756097560961e-05,-0.145971875,-0.146,-0.04325,-0.144,-0.037125,4.0,0.2
R0.6-S1-N1-D0.5-P0.01,0.6,1.0,1.0,0.5,0.01,3.2894736842104836e-05,-0.10996875,-0.11,-0.016249999999999997,-0.05399999999999999,0.052875000000000005,1.0,0.2
R0.6-S1-N1-D2-P0.0001,0.6,1.0,1.0,2.0,0.0001,0.0005459335198626713,-0.0933729633575551,-0.09353670886075949,-0.042666666666666665,-0.09333962264150944,-0.042375,12.0,0.19258776712797404
R0.6-S1-N1-D2-P0.001,0.6,1.0,1.0,2.0,0.001,0.0004500363531567307,-0.08643481318077845,-0.08659259259259258,-0.0395,-0.08433962264150943,-0.033375,4.0,0.18691022539926183
R0.6-S1-N1-D2-P0.01,0.6,1.0,1.0,2.0,0.01,0.00030974016494570274,-0.05305663211931517,-0.05333333333333333,-0.0125,0.005660377358490561,0.056624999999999995,1.0,0.16857114759815517
R0.6-S1-N10-D0-P0.0001,0.6,1.0,10.0,0.0,0.0001,0.07580393428963726,-0.019658357672754728,-0.038200000000000005,-0.0328,-0.03746153846153846,-0.03275,14.5,0.07525358060378864
R0.6-S1-N10-D0-P0.001,0.6,1.0,10.0,0.0,0.001,0.05787182731587019,-0.01276400555203202,-0.029764705882352943,-0.026666666666666665,-0.02846153846153846,-0.02375,5.0,0.07597584606627711
R0.6-S1-N10-D0-P0.01,0.6,1.0,10.0,0.0,0.01,0.012148406071281403,0.015265403130232783,0.004999999999999999,0.004999999999999999,0.06153846153846154,0.06625,1.0,0.052438808706312984
R0.6-S1-N10-D0.5-P0.0001,0.6,1.0,10.0,0.5,0.0001,0.046566269012993794,-0.02399326888280641,-0.03524581280788178,-0.03155,-0.03471428571428571,-0.0315,15.0,0.075989535605124
R0.6-S1-N10-D0.5-P0.001,0.6,1.0,10.0,0.5,0.001,0.03511100056802727,-0.01710432850118139,-0.027333333333333334,-0.02541666666666667,-0.02571428571428571,-0.0225,4.0,0.058151124479285055
R0.6-S1-N10-D0.5-P0.01,0.6,1.0,10.0,0.5,0.01,0.010103779852461428,0.014740198475154266,0.006190476190476192,0.00625,0.0642857142857143,0.0675,1.0,0.04374229286347349
R0.6-S1-N10-D2-P0.0001,0.6,1.0,10.0,2.0,0.0001,0.01989250944538168,-0.023925260280335304,-0.0286,-0.0278,-0.028411764705882355,-0.02775,12.5,0.06360546926684117
R0.6-S1-N10-D2-P0.001,0.6,1.0,10.0,2.0,0.001,0.02523256082728302,-0.014574608866431471,-0.021785714285714283,-0.021666666666666667,-0.01941176470588235,-0.018749999999999996,3.5,0.055691170739530685
R0.6-S1-N10-D2-P0.01,0.6,1.0,10.0,2.0,0.01,0.00789014903542895,0.015866718222585084,0.009166666666666668,0.010000000000000004,0.07058823529411765,0.07125000000000001,1.0,0.03922500889658545
R0.6-S10-N0.1-D0-P0.0001,0.6,10.0,0.1,0.0,0.0001,6.765759014082434e-07,-1.996597291666667,-1.9966000000000002,-0.49945000000000006,-1.9964000000000002,-0.4988375,4.0,0.2
R0.6-S10-N0.1-D0-P0.001,0.6,10.0,0.1,0.0,0.001,2.3108208035517316e-06,-1.992990625,-1.993,-0.49675,-1.9874,-0.4898375,1.0,0.2
R0.6-S10-N0.1-D0-P0.01,0.6,10.0,0.1,0.0,0.01,0.0,-1.9659999999999997,-1.966,-0.46975,-1.8974,-0.39983749999999996,1.0,0.2
R0.6-S10-N0.1-D0.5-P0.0001,0.6,10.0,0.1,0.5,0.0001,2.1912525199365073e-07,-1.7965991666666667,-1.7966,-0.48695000000000005,-1.7964000000000002,-0.4863375,4.0,0.2
R0.6-S10-N0.1-D0.5-P0.001,0.6,10.0,0.1,0.5,0.001,1.6204303863122245e-06,-1.7929937499999997,-1.7930000000000001,-0.48425,-1.7874,-0.47733749999999997,1.0,0.2
R0.6-S10-N0.1-D0.5-P0.01,0.6,10.0,0.1,0.5,0.01,0.0,-1.766,-1.766,-0.45725,-1.6974,-0.38733749999999995,1.0,0.2
R0.6-S10-N0.1-D2-P0.0001,0.6,10.0,0.1,2.0,0.0001,6.179102924328084e-07,-1.1965980208333336,-1.1966,-0.44945,-1.1964000000000001,-0.4488375,4.0,0.2
R0.6-S10-N0.1-D2-P0.001,0.6,10.0,0.1,2.0,0.001,3.83788762665413e-06,-1.1929875,-1.1930000000000003,-0.44675,-1.1874,-0.4398375,1.0,0.2
R0.6-S10-N0.1-D2-P0.01,0.6,10.0,0.1,2.0,0.01,0.0,-1.1660000000000001,-1.1660000000000001,-0.41974999999999996,-1.0974,-0.34983749999999997,1.0,0.2
R0.6-S10-N1-D0-P0.0001,0.6,10.0,1.0,0.0,0.0001,1.6447441774807079e-06,-1.9732626852314352,-1.9732692307692308,-0.49766666666666665,-1.973,-0.497375,13.0,0.2
R0.6-S10-N1-D0-P0.001,0.6,10.0,1.0,0.0,0.001,3.877171215876162e-06,-1.9659843749999997,-1.966,-0.4945,-1.964,-0.488375,4.0,0.2
R0.6-S10-N1-D0-P0.01,0.6,10.0,1.0,0.0,0.01,2.051422319474838e-05,-1.92990625,-1.93,-0.46749999999999997,-1.8739999999999999,-0.398375,1.0,0.2
R0.6-S10-N1-D0.5-P0.0001,0.6,10.0,1.0,0.5,0.0001,1.4442014797889937e-06,-1.7732637721653344,-1.7732692307692308,-0.4851666666666667,-1.7730000000000001,-0.484875,13.0,0.2
R0.6-S10-N1-D0.5-P0.001,0.6,10.0,1.0,0.5,0.001,5.1675369886852446e-06,-1.7659802083333334,-1.766,-0.482,-1.764,-0.475875,4.0,0.2
R0.6-S10-N1-D0.5-P0.01,0.6,10.0,1.0,0.5,0.01,2.8604118993135037e-05,-1.7298750000000003,-1.73,-0.45499999999999996,-1.674,-0.38587499999999997,1.0,0.2
R0.6-S10-N1-D2-P0.0001,0.6,10.0,1.0,2.0,0.0001,2.3243065879204353e-06,-1.1732618402430899,-1.1732692307692305,-0.44766666666666666,-1.173,-0.44737499999999997,12.0,0.2
R0.6-S10-N1-D2-P0.001,0.6,10.0,1.0,2.0,0.001,1.031991744064645e-05,-1.1659666666666664,-1.1659999999999997,-0.4445,-1.164,-0.43837499999999996,4.0,0.2
R0.6-S10-N1-D2-P0.01,0.6,10.0,1.0,2.0,0.01,1.6578249336870042e-05,-1.1299375,-1.13,-0.4175,-1.0739999999999998,-0.34837499999999993,1.0,0.2
R0.6-S10-N10-D0-P0.0001,0.6,10.0,10.0,0.0,0.0001,6.763638297978361e-06,-1.7517745808945486,-1.7518,-0.4828,-1.739,-0.48275,40.0,0.2
R0.6-S10-N10-D0-P0.001,0.6,10.0,10.0,0.0,0.001,1.4880212344618322e-05,-1.7326358121045622,-1.7326923076923078,-0.4766666666666667,-1.73,-0.47375,13.0,0.2
R0.6-S10-N10-D0-P0.01,0.6,10.0,10.0,0.0,0.01,5.329457364341144e-05,-1.6597708333333332,-1.66,-0.44499999999999995,-1.64,-0.38375,4.0,0.2
R0.6-S10-N10-D0.5-P0.0001,0.6,10.0,10.0,0.5,0.0001,6.146534625454908e-06,-1.5517781294004958,-1.5518,-0.4703,-1.5390000000000001,-0.47025,40.0,0.2
R0.6-S10-N10-D0.5-P0.001,0.6,10.0,10.0,0.5,0.001,2.2885894252771376e-05,-1.532609994172494,-1.5326923076923078,-0.46416666666666667,-1.53,-0.46125,13.0,0.2
R0.6-S10-N10-D0.5-P0.01,0.6,10.0,10.0,0.5,0.01,4.0650406504065644e-05,-1.4598333333333333,-1.46,-0.4325,-1.44,-0.37124999999999997,4.0,0.2
R0.6-S10-N10-D2-P0.0001,0.6,10.0,10.0,2.0,0.0001,0.0004460149637215417,-0.9523410586935639,-0.9536612903225806,-0.4328,-0.9423962264150944,-0.43274999999999997,38.0,0.1898362220036979
R0.6-S10-N10-D2-P0.001,0.6,10.0,10.0,2.0,0.001,0.00047744625976191605,-0.9339350520094862,-0.935367088607595,-0.42666666666666664,-0.9333962264150943,-0.42374999999999996,12.0,0.1875703513445972
R0.6-S10-N10-D2-P0.01,0.6,10.0,10.0,2.0,0.01,0.0006678863264401695,-0.8635843659384878,-0.8659259259259258,-0.39499999999999996,-0.8433962264150944,-0.33374999999999994,4.0,0.18466637044004625
R0.9-S0.1-N0.1-D0-P0.0001,0.9,0.1,0.1,0.0,0.0001,0.00011107819905213585,-0.015795312500000006,-0.015800000000000005,-0.004450000000000001,-0.015350000000000003,-0.0037718750000000005,2.0,0.2
R0.9-S0.1-N0.1-D0-P0.001,0.9,0.1,0.1,0.0,0.001,0.0,-0.013000000000000001,-0.013000000000000003,-0.0017500000000000007,-0.006350000000000003,0.005228124999999999,1.0,0.2
R0.9-S0.1-N0.1-D0-P0.01,0.9,0.1,0.1,0.0,0.01,0.0,0.013999999999999997,0.013999999999999997,0.02525,0.08365,0.09522812500000001,1.0,0.2
R0.9-S0.1-N0.1-D0.5-P0.0001,0.9,0.1,0.1,0.5,0.0001,0.00014251658374792478,-0.013794270833333337,-0.013800000000000002,-0.004325000000000001,-0.01335,-0.003646875000000001,2.0,0.2
R0.9-S0.1-N0.1-D0.5-P0.001,0.9,0.1,0.1,0.5,0.001,0.0,-0.011,-0.011000000000000001,-0.0016250000000000006,-0.0043500000000000014,0.005353124999999999,1.0,0.2
R0.9-S0.1-N0.1-D0.5-P0.01,0.9,0.1,0.1,0.5,0.01,0.0,0.016,0.016,0.025375,0.08565,0.09535312500000001,1.0,0.2
R0.9-S0.1-N0.1-D2-P0.0001,0.9,0.1,0.1,2.0,0.0001,0.0010104785118493055,-0.008039740452659296,-0.00807457627118644,-0.00395,-0.0075836909871244635,-0.0032718750000000013,2.0,0.1690729653487729
R0.9-S0.1-N0.1-D2-P0.001,0.9,0.1,0.1,2.0,0.001,0.00025282020746050934,-0.005310748061466862,-0.005333333333333333,-0.0012500000000000002,0.0014163090128755367,0.005728124999999999,1.0,0.16766911358983588
R0.9-S0.1-N0.1-D2-P0.01,0.9,0.1,0.1,2.0,0.01,3.325538581532402e-05,0.021689335754664113,0.021666666666666667,0.025750000000000002,0.09141630901287555,0.09572812500000001,1.0,0.16598246601296962
R0.9-S0.1-N1-D0-P0.0001,0.9,0.1,1.0,0.0,0.0001,0.039857391424091906,-0.0010903988981733688,-0.0022315789473684212,-0.0022250000000000004,-0.0017397260273972607,-0.001718750000000001,2.0,0.05390099616396418
R0.9-S0.1-N1-D0-P0.001,0.9,0.1,1.0,0.0,0.001,0.010027558010416748,0.0013473286518802148,0.0004999999999999996,0.0004999999999999996,0.007260273972602739,0.0072812499999999995,1.0,0.056101283605735616
R0.9-S0.1-N1-D0-P0.01,0.9,0.1,1.0,0.0,0.01,0.0015554192082367464,0.028569350705662765,0.0275,0.0275,0.09726027397260274,0.09728125,1.0,0.049098663664347404
R0.9-S0.1-N1-D0.5-P0.0001,0.9,0.1,1.0,0.5,0.0001,0.026013780818901617,-0.0013586072466613042,-0.0021000000000000003,-0.0021000000000000003,-0.0015974025974025978,-0.0015937500000000005,2.0,0.048646537877515134
R0.9-S0.1-N1-D0.5-P0.001,0.9,0.1,1.0,0.5,0.001,0.009337852363727524,0.0014092077928735145,0.0006190476190476189,0.0006249999999999997,0.007402597402597402,0.00740625,1.0,0.05134410668806999
R0.9-S0.1-N1-D0.5-P0.01,0.9,0.1,1.0,0.5,0.01,0.0007203292341201692,0.02811435972098549,0.02761904761904762,0.027625,0.09740259740259741,0.09740625,1.0,0.0501462802630326
R0.9-S0.1-N1-D2-P0.0001,0.9,0.1,1.0,2.0,0.0001,0.013753156747650295,-0.0013957235323287225,-0.0017833333333333334,-0.001725,-0.0012471910112359552,-0.0012187500000000002,1.0,0.042901450761619
R0.9-S0.1-N1-D2-P0.001,0.9,0.1,1.0,2.0,0.001,0.006005629354262292,0.0014266446926661065,0.0009166666666666668,0.001,0.0077528089887640445,0.00778125,1.0,0.04711045423555537
R0.9-S0.1-N1-D2-P0.01,0.9,0.1,1.0,2.0,0.01,0.0007286472068470772,0.028417915224376887,0.027916666666666666,0.028,0.09775280898876405,0.09778125,1.0,0.042301562942040905
R0.9-S0.1-N10-D0-P0.0001,0.9,0.1,10.0,0.0,0.0001,0.1581595656532449,0.004233320511528329,4.9999999999999996e-05,0.018699999999999998,0.000726027397260274,0.0188125,1.0,0.005
R0.9-S0.1-N10-D0-P0.001,0.9,0.1,10.0,0.0,0.001,0.027641343975240484,0.0051478865898521116,0.00275,0.022750000000000006,0.009726027397260275,0.027812500000000004,1.0,0.007184737671902114
R0.9-S0.1-N10-D0-P0.01,0.9,0.1,10.0,0.0,0.01,0.0034525249214531675,0.03213137906457232,0.02975,0.05,0.09972602739726028,0.1178125,1.0,0.0071002332514370995
R0.9-S0.1-N10-D0.5-P0.0001,0.9,0.1,10.0,0.5,0.0001,0.19647048473864498,0.005248139909443084,5.125e-05,0.018825,0.0007275204359673025,0.0189375,1.0,0.010898911657837598
R0.9-S0.1-N10-D0.5-P0.001,0.9,0.1,10.0,0.5,0.001,0.027786419705457303,0.005161756642473053,0.0027512500000000002,0.022875000000000006,0.009727520435967304,0.027937500000000004,1.0,0.005
R0.9-S0.1-N10-D0.5-P0.01,0.9,0.1,10.0,0.5,0.01,0.003533262164833036,0.03218832199477129,0.02975125,0.050125,0.0997275204359673,0.11793750000000001,1.0,0.005
R0.9-S0.1-N10-D2-P0.0001,0.9,0.1,10.0,2.0,0.0001,0.10454541218335733,0.0028207488793107185,5.4999999999999955e-05,0.0192,0.0007319034852546917,0.019312499999999996,1.0,0.007757164948448438
R0.9-S0.1-N10-D2-P0.001,0.9,0.1,10.0,2.0,0.001,0.02926472628746253,0.0052938613290688125,0.002755,0.02325,0.00973190348525469,0.028312499999999997,1.0,0.006177257315300631
R0.9-S0.1-N10-D2-P0.01,0.9,0.1,10.0,2.0,0.01,0.0037491126355347444,0.032340969185923274,0.029755,0.0505,0.0997319034852547,0.1183125,1.0,0.005657850128674042
R0.9-S1-N0.1-D0-P0.0001,0.9,1.0,0.1,0.0,0.0001,7.769766285429278e-06,-0.195796875,-0.1958,-0.04945,-0.19535000000000002,-0.048771875,2.0,0.2
R0.9-S1-N0.1-D0-P0.001,0.9,1.0,0.1,0.0,0.001,0.0,-0.19300000000000003,-0.193,-0.04675,-0.18635000000000002,-0.039771875,1.0,0.2
R0.9-S1-N0.1-D0-P0.01,0.9,1.0,0.1,0.0,0.01,0.0,-0.166,-0.166,-0.01975,-0.09635000000000002,0.050228125,1.0,0.2
R0.9-S1-N0.1-D0.5-P0.0001,0.9,1.0,0.1,0.5,0.0001,6.813622885050705e-06,-0.17579739583333331,-0.1758,-0.0482,-0.17535,-0.047521875000000005,2.0,0.2
R0.9-S1-N0.1-D0.5-P0.001,0.9,1.0,0.1,0.5,0.001,0.0,-0.17300000000000001,-0.17300000000000001,-0.0455,-0.16635,-0.038521875000000004,1.0,0.2
R0.9-S1-N0.1-D0.5-P0.01,0.9,1.0,0.1,0.5,0.01,0.0,-0.14600000000000002,-0.14600000000000002,-0.0185,-0.07635,0.051478125,1.0,0.2
R0.9-S1-N0.1-D2-P0.0001,0.9,1.0,0.1,2.0,0.0001,1.6164907924682678e-05,-0.11579479166666667,-0.1158,-0.04445,-0.11535000000000001,-0.043771875,2.0,0.2
R0.9-S1-N0.1-D2-P0.001,0.9,1.0,0.1,2.0,0.001,0.0,-0.113,-0.11300000000000002,-0.04175,-0.10635,-0.034771875,1.0,0.2
R0.9-S1-N0.1-D2-P0.01,0.9,1.0,0.1,2.0,0.01,0.0,-0.08600000000000002,-0.08600000000000002,-0.014750000000000003,-0.016350000000000007,0.055228125,1.0,0.2
R0.9-S1-N1-D0-P0.0001,0.9,1.0,1.0,0.0,0.0001,4.3965227941567365e-05,-0.16251711309523809,-0.16253333333333334,-0.047225,-0.1625,-0.04671875,6.0,0.2
R0.9-S1-N1-D0-P0.001,0.9,1.0,1.0,0.0,0.001,8.639415481832518e-05,-0.15796354166666665,-0.158,-0.0445,-0.1535,-0.03771875,2.0,0.2
R0.9-S1-N1-D0-P0.01,0.9,1.0,1.0,0.0,0.01,0.0,-0.13,-0.13,-0.017499999999999998,-0.0635,0.05228125,1.0,0.2
R0.9-S1-N1-D0.5-P0.0001,0.9,1.0,1.0,0.5,0.0001,2.7720536055475706e-05,-0.14252366071428574,-0.14253333333333335,-0.045975,-0.14250000000000002,-0.04546875,6.0,0.2
R0.9-S1-N1-D0.5-P0.001,0.9,1.0,1.0,0.5,0.001,0.00011660447761193931,-0.137953125,-0.138,-0.04325,-0.1335,-0.03646875,2.0,0.2
R0.9-S1-N1-D0.5-P0.01,0.9,1.0,1.0,0.5,0.01,0.0,-0.11,-0.11,-0.016249999999999997,-0.04350000000000001,0.05353125,1.0,0.2
R0.9-S1-N1-D2-P0.0001,0.9,1.0,1.0,2.0,0.0001,0.0010637933349036798,-0.08460653787069322,-0.08491643835616439,-0.042225000000000006,-0.08483690987124463,-0.04171875,6.0,0.1697797725927693
R0.9-S1-N1-D2-P0.001,0.9,1.0,1.0,2.0,0.001,0.0006694375613506022,-0.08051497694918863,-0.08074576271186441,-0.0395,-0.07583690987124464,-0.03271875,2.0,0.1704316005319091
R0.9-S1-N1-D2-P0.01,0.9,1.0,1.0,2.0,0.01,0.00029862372679942536,-0.05306656280405918,-0.05333333333333333,-0.0125,0.014163090128755367,0.057281250000000006,1.0,0.16466918353246301
R0.9-S1-N10-D0-P0.0001,0.9,1.0,10.0,0.0,0.0001,0.04525120735693994,-0.015936087316325828,-0.026473913043478264,-0.026300000000000004,-0.026397260273972604,-0.026187500000000002,5.0,0.05262687381784424
R0.9-S1-N10-D0-P0.001,0.9,1.0,10.0,0.0,0.001,0.029937112969094362,-0.013744321339375084,-0.022315789473684206,-0.02225,-0.0173972602739726,-0.0171875,1.5,0.048964468937778394
R0.9-S1-N10-D0-P0.01,0.9,1.0,10.0,0.0,0.01,0.010408214675309587,0.013794941400636598,0.004999999999999999,0.004999999999999999,0.0726027397260274,0.0728125,1.0,0.059390977446429516
R0.9-S1-N10-D0.5-P0.0001,0.9,1.0,10.0,0.5,0.0001,0.03423190040159785,-0.017149428489412,-0.025073195876288663,-0.025050000000000003,-0.02497402597402598,-0.024937500000000005,4.5,0.04662339687396209
R0.9-S1-N10-D0.5-P0.001,0.9,1.0,10.0,0.5,0.001,0.025396201393159318,-0.013762082602949591,-0.020999999999999998,-0.020999999999999998,-0.015974025974025974,-0.0159375,2.0,0.047730509096739426
R0.9-S1-N10-D0.5-P0.01,0.9,1.0,10.0,0.5,0.01,0.0070061188637575616,0.012118987248046281,0.006190476190476192,0.00625,0.07402597402597402,0.0740625,1.0,0.04169707338964308
R0.9-S1-N10-D2-P0.0001,0.9,1.0,10.0,2.0,0.0001,0.021666689506857018,-0.01668173553266978,-0.021622222222222223,-0.021300000000000006,-0.021471910112359553,-0.0211875,4.0,0.04480714296249104
R0.9-S1-N10-D2-P0.001,0.9,1.0,10.0,2.0,0.001,0.015728387090461933,-0.013400549571671479,-0.017833333333333333,-0.017249999999999995,-0.01247191011235955,-0.012187499999999999,1.0,0.04722880620289738
R0.9-S1-N10-D2-P0.01,0.9,1.0,10.0,2.0,0.01,0.00480203987176286,0.013244398857771964,0.009166666666666668,0.010000000000000004,0.07752808988764046,0.0778125,1.0,0.04258772665874306
R0.9-S10-N0.1-D0-P0.0001,0.9,10.0,0.1,0.0,0.0001,9.10957306814485e-07,-1.9957963541666666,-1.9958,-0.49945000000000006,-1.9953500000000002,-0.498771875,2.0,0.2
R0.9-S10-N0.1-D0-P0.001,0.9,10.0,0.1,0.0,0.001,0.0,-1.993,-1.993,-0.49675,-1.98635,-0.48977187499999997,1.0,0.2
R0.9-S10-N0.1-D0-P0.01,0.9,10.0,0.1,0.0,0.01,0.0,-1.9659999999999997,-1.966,-0.46975,-1.89635,-0.39977187499999994,1.0,0.2
R0.9-S10-N0.1-D0.5-P0.0001,0.9,10.0,0.1,0.5,0.0001,5.479283923342023e-07,-1.7957979166666669,-1.7958,-0.48695000000000005,-1.79535,-0.486271875,2.0,0.2
R0.9-S10-N0.1-D0.5-P0.001,0.9,10.0,0.1,0.5,0.001,0.0,-1.7929999999999997,-1.7930000000000001,-0.48425,-1.7863499999999999,-0.477271875,1.0,0.2
R0.9-S10-N0.1-D0.5-P0.01,0.9,10.0,0.1,0.5,0.01,0.0,-1.766,-1.766,-0.45725,-1.6963499999999998,-0.387271875,1.0,0.2
R0.9-S10-N0.1-D2-P0.0001,0.9,10.0,0.1,2.0,0.0001,1.463837361819009e-06,-1.1957953125,-1.1958,-0.44945,-1.19535,-0.448771875,2.0,0.2
R0.9-S10-N0.1-D2-P0.001,0.9,10.0,0.1,2.0,0.001,0.0,-1.1929999999999998,-1.1929999999999998,-0.44675,-1.1863499999999998,-0.439771875,1.0,0.2
R0.9-S10-N0.1-D2-P0.01,0.9,10.0,0.1,2.0,0.01,0.0,-1.1659999999999997,-1.1659999999999997,-0.41974999999999996,-1.0963499999999997,-0.34977187499999995,1.0,0.2
R0.9-S10-N1-D0-P0.0001,0.9,10.0,1.0,0.0,0.0001,4.130542851059988e-06,-1.962516939484127,-1.9625333333333335,-0.49722500000000003,-1.9625000000000001,-0.49671875,6.0,0.2
R0.9-S10-N1-D0-P0.001,0.9,10.0,1.0,0.0,0.001,1.0359688380572371e-05,-1.9579583333333335,-1.958,-0.4945,-1.9535,-0.48771875,2.0,0.2
R0.9-S10-N1-D0-P0.01,0.9,10.0,1.0,0.0,0.01,0.0,-1.93,-1.93,-0.46749999999999997,-1.8635,-0.39771874999999995,1.0,0.2
R0.9-S10-N1-D0.5-P0.0001,0.9,10.0,1.0,0.5,0.0001,4.165476906429091e-06,-1.7625176339285713,-1.7625333333333333,-0.484725,-1.7625000000000002,-0.48421875,6.0,0.2
R0.9-S10-N1-D0.5-P0.001,0.9,10.0,1.0,0.5,0.001,6.813622885050705e-06,-1.757973958333333,-1.758,-0.482,-1.7535,-0.47521874999999997,2.0,0.2
R0.9-S10-N1-D0.5-P0.01,0.9,10.0,1.0,0.5,0.01,0.0,-1.7300000000000002,-1.73,-0.45499999999999996,-1.6635,-0.38521874999999994,1.0,0.2
R0.9-S10-N1-D2-P0.0001,0.9,10.0,1.0,2.0,0.0001,4.789804591070943e-06,-1.1625181547619048,-1.1625333333333336,-0.44722500000000004,-1.1625,-0.44671875,6.0,0.2
R0.9-S10-N1-D2-P0.001,0.9,10.0,1.0,2.0,0.001,6.4659631698730726e-06,-1.1579791666666663,-1.158,-0.4445,-1.1535,-0.43771875,2.0,0.2
R0.9-S10-N1-D2-P0.01,0.9,10.0,1.0,2.0,0.01,0.0,-1.13,-1.13,-0.4175,-1.0635,-0.34771874999999997,1.0,0.2
R0.9-S10-N10-D0-P0.0001,0.9,10.0,10.0,0.0,0.0001,1.7432491199445608e-05,-1.6357365073805532,-1.6358,-0.4763,-1.6340000000000001,-0.4761875,20.0,0.2
R0.9-S10-N10-D0-P0.001,0.9,10.0,10.0,0.0,0.001,3.509151221020064e-05,-1.6252038690476192,-1.6253333333333333,-0.47225,-1.625,-0.4671875,6.0,0.2
R0.9-S10-N10-D0-P0.01,0.9,10.0,10.0,0.0,0.01,0.00011107819905213198,-1.5795312499999998,-1.5799999999999998,-0.44499999999999995,-1.535,-0.37718749999999995,2.0,0.2
R0.9-S10-N10-D0.5-P0.0001,0.9,10.0,10.0,0.5,0.0001,8.98285758232678e-06,-1.43576907920763,-1.4357999999999997,-0.46380000000000005,-1.4340000000000002,-0.4636875,19.0,0.2
R0.9-S10-N10-D0.5-P0.001,0.9,10.0,10.0,0.5,0.001,3.1985233910119985e-05,-1.4252217261904758,-1.4253333333333331,-0.45975,-1.425,-0.45468749999999997,6.0,0.2
R0.9-S10-N10-D0.5-P0.01,0.9,10.0,10.0,0.5,0.01,0.00019434079601990156,-1.3792187499999997,-1.38,-0.4325,-1.335,-0.36468749999999994,2.0,0.2
R0.9-S10-N10-D2-P0.0001,0.9,10.0,10.0,2.0,0.0001,0.0004982966611712615,-0.85699635446212,-0.8584238866396762,-0.4263,-0.8573690987124464,-0.4261875,17.5,0.1732827279179265
R0.9-S10-N10-D2-P0.001,0.9,10.0,10.0,2.0,0.001,0.0008913408316314456,-0.8465677611973209,-0.8491643835616438,-0.42225,-0.8483690987124464,-0.4171875,5.5,0.1707309028246875
R0.9-S10-N10-D2-P0.01,0.9,10.0,10.0,2.0,0.01,0.001048069191048195,-0.8038444529922169,-0.807457627118644,-0.39499999999999996,-0.7583690987124464,-0.32718749999999996,2.0,0.17115161028490308
