persistence,rho,num_agents,homogeneous_delay,curvature,monotonicity,stationary_mean_boundary,mixing_inflation,iid_eta,gap_eta,iid_rule_radius,iid_rule_residual,gap_rule_radius,gap_rule_residual,markov_boundary,markov_below_radius,markov_below_residual,markov_above_radius,markov_above_residual,markov_operator_dimension,iid_boundary,iid_below_radius,iid_below_residual,iid_above_radius,iid_above_residual,markov_mean_boundary,markov_mean_below_radius,markov_mean_below_residual,markov_mean_above_radius,markov_mean_above_residual,markov_to_iid_ratio,iid_to_markov_ratio,gap_to_markov_ratio,ms_to_markov_mean_ratio,required_inflation,required_to_gap_inflation
0.5,0.0,1,0,2.4745000000000004,0.655,3.0534351144731042,1.0,0.4511757260564496,0.4511757260564496,0.9126678701600066,0.0,0.9126678701600066,0.0,0.5293998795191626,0.9999999305377913,1.1102230246251565e-16,1.0000000714423565,0.0,2,0.5293998795191626,0.9999999305377913,0.0,1.0000000714423565,0.0,3.053435116136549,0.9999997996761155,1.1102230246251565e-16,1.0000002024627643,1.1102230246251565e-16,1.0,0.852239948498361,0.852239948498361,0.17337846044981683,0.8266215382756379,0.8266215382756379
0.9,0.0,1,0,2.4745000000000004,0.655,3.0534351144731042,9.000000000000002,0.4511757260564496,0.057710458699014644,1.4902858210142342,2.7755575615628914e-17,0.9904732471732306,0.0,0.0722795209980075,0.9999999939193213,5.551115123125784e-17,1.000000005726174,1.1102230246251565e-16,2,0.5293998795191626,0.9999999305377913,0.0,1.0000000714423565,0.0,0.16197235372853935,0.9999999943516431,1.1102230246251565e-16,1.000000005854315,0.0,0.13653104920170503,6.242096237313015,0.7984344376134636,0.44624603726599993,7.150962811665747,0.7945514235184161
0.98,0.0,1,0,2.4745000000000004,0.655,3.0534351144731042,48.99999999999996,0.4511757260564496,0.010765985485232247,1.6205176627490707,0.0,0.9984020813670881,5.551115123125783e-17,0.013230684215261138,0.9999999989767736,1.2412670766236366e-16,1.0000000017776567,1.2412670766236366e-16,2,0.5293998795191626,0.9999999305377913,0.0,1.0000000714423565,0.0,0.026995392889680045,0.9999999990283734,0.0,1.0000000014298227,0.0,0.02499185346864483,34.100710040077445,0.8137134338686773,0.49010897042061724,39.83966018155534,0.8130542894194974
0.5,0.9,1,0,2.4745000000000004,0.655,3.0534351144731042,1.0,0.4511757260564496,0.4511757260564496,0.9126678701600066,0.0,0.9126678701600066,0.0,0.5293998795191626,0.9999999305377913,1.1102230246251565e-16,1.0000000714423565,0.0,2,0.5293998795191626,0.9999999305377913,0.0,1.0000000714423565,0.0,3.053435116136549,0.9999997996761155,1.1102230246251565e-16,1.0000002024627643,1.1102230246251565e-16,1.0,0.852239948498361,0.852239948498361,0.17337846044981683,0.8266215382756379,0.8266215382756379
0.9,0.9,1,0,2.4745000000000004,0.655,3.0534351144731042,9.000000000000002,0.4511757260564496,0.057710458699014644,1.4902858210142342,2.7755575615628914e-17,0.9904732471732306,0.0,0.0722795209980075,0.9999999939193213,5.551115123125784e-17,1.000000005726174,1.1102230246251565e-16,2,0.5293998795191626,0.9999999305377913,0.0,1.0000000714423565,0.0,0.16197235372853935,0.9999999943516431,1.1102230246251565e-16,1.000000005854315,0.0,0.13653104920170503,6.242096237313015,0.7984344376134636,0.44624603726599993,7.150962811665747,0.7945514235184161
0.98,0.9,1,0,2.4745000000000004,0.655,3.0534351144731042,48.99999999999996,0.4511757260564496,0.010765985485232247,1.6205176627490707,0.0,0.9984020813670881,5.551115123125783e-17,0.013230684215261138,0.9999999989767736,1.2412670766236366e-16,1.0000000017776567,1.2412670766236366e-16,2,0.5293998795191626,0.9999999305377913,0.0,1.0000000714423565,0.0,0.026995392889680045,0.9999999990283734,0.0,1.0000000014298227,0.0,0.02499185346864483,34.100710040077445,0.8137134338686773,0.49010897042061724,39.83966018155534,0.8130542894194974
0.5,0.0,1,2,2.4745000000000004,0.655,0.9435633416101334,1.0,0.3391274892303893,0.3391274892303893,0.9911793408881558,2.149041648419265e-15,0.9911793408881558,2.149041648419265e-15,0.3476880203692999,0.9999999634007817,6.678662853596398e-16,1.000000036651934,1.2031329711222475e-15,18,0.3476880203692999,0.9999999634007802,1.1801832636420708e-15,1.0000000366519364,1.822592650067235e-15,0.9435633419479682,0.9999999708786751,6.758924343478425e-16,1.0000000293335025,4.365498118535051e-16,1.0,0.9753786997613034,0.9753786997613034,0.3684840274225838,0.961564562663607,0.961564562663607
0.9,0.0,1,2,2.4745000000000004,0.655,0.9435633416101334,9.000000000000002,0.3391274892303893,0.055370390994183,1.2160449573134764,3.124197970384481e-15,0.9835628089225548,9.18873053048877e-16,0.0841990124649947,0.9999999934873856,1.6744458226646027e-15,1.0000000057760041,1.4798563916011334e-15,18,0.3476880203692999,0.9999999634007802,1.1801832636420708e-15,1.0000000366519364,1.822592650067235e-15,0.25308180252946455,0.9999999934885095,9.01548991891191e-16,1.0000000066680133,8.800093355403156e-16,0.24216828746518781,4.027689628442849,0.657613306536142,0.33269485053233727,5.726418745552916,0.6362687495058794
0.98,0.0,1,2,2.4745000000000004,0.655,0.9435633416101334,48.99999999999996,0.3391274892303893,0.010681769737639435,1.2992544870119165,3.0016631660347214e-15,0.9980791522037725,6.415381743244531e-16,0.013753246753955738,0.9999999989217129,1.2368371577644253e-15,1.0000000017378605,3.682193206295148e-16,18,0.3476880203692999,0.9999999634007802,1.1801832636420708e-15,1.0000000366519364,1.822592650067235e-15,0.029291874580526976,0.9999999985425844,8.976686965309748e-16,1.0000000010011714,1.509301142324229e-15,0.03955628594665875,24.657994966377576,0.7766725871159929,0.46952429473731244,37.93165568915717,0.774115422227698
0.5,0.9,1,2,2.4745000000000004,0.655,0.9435633416101334,1.0,0.3391274892303893,0.3391274892303893,0.9911793408881558,2.149041648419265e-15,0.9911793408881558,2.149041648419265e-15,0.3476880203692999,0.9999999634007817,6.678662853596398e-16,1.000000036651934,1.2031329711222475e-15,18,0.3476880203692999,0.9999999634007802,1.1801832636420708e-15,1.0000000366519364,1.822592650067235e-15,0.9435633419479682,0.9999999708786751,6.758924343478425e-16,1.0000000293335025,4.365498118535051e-16,1.0,0.9753786997613034,0.9753786997613034,0.3684840274225838,0.961564562663607,0.961564562663607
0.9,0.9,1,2,2.4745000000000004,0.655,0.9435633416101334,9.000000000000002,0.3391274892303893,0.055370390994183,1.2160449573134764,3.124197970384481e-15,0.9835628089225548,9.18873053048877e-16,0.0841990124649947,0.9999999934873856,1.6744458226646027e-15,1.0000000057760041,1.4798563916011334e-15,18,0.3476880203692999,0.9999999634007802,1.1801832636420708e-15,1.0000000366519364,1.822592650067235e-15,0.25308180252946455,0.9999999934885095,9.01548991891191e-16,1.0000000066680133,8.800093355403156e-16,0.24216828746518781,4.027689628442849,0.657613306536142,0.33269485053233727,5.726418745552916,0.6362687495058794
0.98,0.9,1,2,2.4745000000000004,0.655,0.9435633416101334,48.99999999999996,0.3391274892303893,0.010681769737639435,1.2992544870119165,3.0016631660347214e-15,0.9980791522037725,6.415381743244531e-16,0.013753246753955738,0.9999999989217129,1.2368371577644253e-15,1.0000000017378605,3.682193206295148e-16,18,0.3476880203692999,0.9999999634007802,1.1801832636420708e-15,1.0000000366519364,1.822592650067235e-15,0.029291874580526976,0.9999999985425844,8.976686965309748e-16,1.0000000010011714,1.509301142324229e-15,0.03955628594665875,24.657994966377576,0.7766725871159929,0.46952429473731244,37.93165568915717,0.774115422227698
0.5,0.0,2,0,2.1717625000000003,0.655,3.0534351144731042,1.0,0.5036935928051893,0.5036935928051893,0.8911532533172623,1.5700924586837754e-16,0.8911532533172623,1.5700924586837754e-16,0.6031967124671793,0.9999999199087245,0.0,1.0000000804043538,1.5700924586837754e-16,2,0.6031967124671793,0.9999999199087247,0.0,1.0000000804043538,0.0,3.053435114044081,0.9999997981433637,2.482534153247273e-16,1.0000002012543843,1.5700924586837754e-16,1.0,0.8350403481892251,0.8350403481892251,0.19754692336274457,0.8024530765060509,0.8024530765060509
0.9,0.0,2,0,2.1717625000000003,0.655,3.0534351144731042,9.000000000000002,0.5036935928051893,0.06558234683422956,1.5198562889966571,0.0,0.9942547650868769,1.1102230246251565e-16,0.07411658009795104,0.9999999943817708,0.0,1.000000006318638,1.1102230246251563e-16,2,0.6031967124671793,0.9999999199087247,0.0,1.0000000804043538,0.0,0.16197235334326032,0.9999999943625204,0.0,1.0000000055852483,0.0,0.12287298416266454,6.795963765995647,0.8848539253640305,0.45758784488905513,7.940938575502345,0.8823265083891493
0.98,0.0,2,0,2.1717625000000003,0.655,3.0534351144731042,48.99999999999996,0.5036935928051893,0.012260707089484308,1.6537811165502014,6.938893903907228e-18,0.999292691080972,1.2412670766236366e-16,0.01329384453281367,0.999999998332959,5.551115123125783e-17,1.000000001254559,0.0,2,0.6031967124671793,0.9999999199087247,0.0,1.0000000804043538,0.0,0.026995391790717263,0.9999999987037039,1.1102230246251565e-16,1.0000000009831527,1.1102230246251565e-16,0.022038987046927923,37.88923449209177,0.9222845249333831,0.49244866071493515,45.17658926874385,0.9219712095662017
0.5,0.9,2,0,2.4442262500000003,0.655,3.0534351144731042,1.0,0.45592949798526405,0.45592949798526405,0.9108178408463268,0.0,0.9108178408463268,0.0,0.5359569308972532,0.9999999283386961,0.0,1.0000000709844072,1.5700924586837754e-16,2,0.5359569308972532,0.999999928338696,0.0,1.0000000709844072,0.0,3.0534351163770697,0.9999997998189762,1.5700924586837754e-16,1.0000002026349866,1.5700924586837754e-16,1.0,0.8506830898184038,0.8506830898184038,0.17552589476116698,0.8244741055268294,0.8244741055268294
0.9,0.9,2,0,2.4442262500000003,0.655,3.0534351144731042,9.000000000000002,0.45592949798526405,0.058411576327226,1.4932807705038393,2.775557561562892e-17,0.9907880120030849,0.0,0.072457293222148,0.9999999940870342,1.1102230246251565e-16,1.000000005906006,0.0,2,0.5359569308972532,0.999999928338696,0.0,1.0000000709844072,0.0,0.16197235354734402,0.9999999942869922,1.1102230246251565e-16,1.0000000057975404,0.0,0.1351923802922862,6.292389319421888,0.8061517858270112,0.44734358447763717,7.221340691164914,0.8023711879072125
0.98,0.9,2,0,2.4442262500000003,0.655,3.0534351144731042,48.99999999999996,0.45592949798526405,0.010898855099190691,1.6238823764894859,2.2204460492503136e-16,0.9984759655325687,1.1102230246251565e-16,0.013236958453401507,0.9999999982699489,0.0,1.0000000010815597,5.551115123125784e-17,2,0.5359569308972532,0.999999928338696,0.0,1.0000000709844072,0.0,0.026995392426577856,0.9999999988627258,1.1102230246251565e-16,1.0000000012704284,1.1102230246251565e-16,0.024697802547755703,34.443675228738336,0.8233655138798148,0.49034139768123114,40.31390625385468,0.8227327806909126
0.5,0.0,2,2,2.1717625000000003,0.655,0.9435633416101334,1.0,0.367965479904068,0.367965479904068,0.9868108414162389,1.762205845617923e-15,0.9868108414162389,1.762205845617923e-15,0.38118349755933817,0.9999999606240173,1.0407415628883964e-15,1.0000000383913865,1.8398408817761947e-15,18,0.38118349755933817,0.999999960624018,8.972394979902885e-16,1.000000038391386,1.609105408987926e-15,0.9435633417349205,0.9999999707945985,1.2114283377992583e-15,1.0000000292865823,6.679415241647846e-16,1.0,0.9653237410855844,0.9653237410855844,0.4039829449695024,0.9431560662180977,0.9431560662180977
0.9,0.0,2,2,2.1717625000000003,0.655,0.9435633416101334,9.000000000000002,0.367965479904068,0.06257697755217198,1.227848576647373,9.394965106442229e-16,0.9859640924790143,3.070254730930861e-15,0.08657838122061562,0.9999999942193885,1.839055620512448e-15,1.0000000069201482,4.06026695316457e-15,18,0.38118349755933817,0.999999960624018,8.972394979902885e-16,1.000000038391386,1.609105408987926e-15,0.2530818023589157,0.9999999934223309,3.0570533288019466e-16,1.0000000066477552,1.2945826499709367e-15,0.22713045495139284,4.250085006399379,0.7227783272213856,0.3420964305360519,6.327783984578476,0.7030871093976083
0.98,0.0,2,2,2.1717625000000003,0.655,0.9435633416101334,48.99999999999996,0.367965479904068,0.012151601912722052,1.3116062974275067,3.257546958598119e-15,0.9988990017602888,6.156484492430791e-16,0.013820559526131263,0.9999999984341912,5.174014517469252e-16,1.0000000013669106,1.9850573458256274e-15,18,0.38118349755933817,0.999999960624018,8.972394979902885e-16,1.000000038391386,1.609105408987926e-15,0.02929187602466464,0.9999999989963316,8.120581339769891e-16,1.0000000015213883,1.9580963544438024e-15,0.03625697233647907,26.624499479079425,0.8792409518403633,0.4718222729911166,43.005608366756256,0.8776654768725775
0.5,0.9,2,2,2.4442262500000003,0.655,0.9435633416101334,1.0,0.34180627479673187,0.34180627479673187,0.9908075385623057,1.7087158323404888e-15,0.9908075385623057,1.7087158323404888e-15,0.3507540694408785,0.9999999635498316,7.666771282795544e-16,1.000000037230472,2.631954563432281e-15,18,0.3507540694408785,0.99999996354983,1.0099368784966121e-15,1.0000000372304698,4.775249788392737e-16,0.943563342214677,0.9999999709589461,1.0003565359928467e-15,1.0000000294172255,7.319015604649206e-16,1.0,0.9744898336934197,0.9744898336934197,0.3717334637202087,0.9599997090308682,0.9599997090308682
0.9,0.9,2,2,2.4442262500000003,0.655,0.9435633416101334,9.000000000000002,0.34180627479673187,0.05601548517787953,1.2171780591520425,2.6500761389454564e-15,0.9837568430937622,2.8591274278967742e-15,0.08442917099677895,0.9999999935894053,1.9268147689373974e-15,1.00000000588796,1.9785462352347225e-15,18,0.3507540694408785,0.99999996354983,1.0099368784966121e-15,1.0000000372304698,4.775249788392737e-16,0.25308180166906846,0.999999993268422,6.493336685210275e-16,1.0000000064520358,1.0806199487010183e-15,0.24070760214233222,4.048438125843639,0.663461271934277,0.33360427513938407,5.779992829905052,0.6422214255450057
0.98,0.9,2,2,2.4442262500000003,0.655,0.9435633416101334,48.99999999999996,0.34180627479673187,0.0108125561394888,1.3004507243704901,8.030177187131701e-16,0.998146972676002,8.013145720993126e-16,0.013759933861681842,0.9999999986616772,1.9588338950004646e-15,1.000000001488197,8.344001886960393e-16,18,0.3507540694408785,0.99999996354983,1.0099368784966121e-15,1.0000000372304698,4.775249788392737e-16,0.029291874999042428,0.9999999986807575,1.1091817021906584e-15,1.0000000011452599,1.223136288726651e-15,0.039229577246576046,24.84069169464407,0.7858000080653882,0.4697525802677932,38.38253185927409,0.78331697671988
0.5,0.0,4,0,2.02039375,0.655,3.0534351144731042,1.0,0.5348207610469594,0.5348207610469594,0.8772845864419061,0.0,0.8772845864419061,0.0,0.6483884641863917,0.9999999141544174,0.0,1.0000000866421903,0.0,2,0.6483884641863917,0.9999999141544174,0.0,1.00000008664219,0.0,3.053435115325465,0.999999798886543,4.002966042486721e-16,1.0000002021898178,1.5700924586837754e-16,1.0,0.8248462003685724,0.8248462003685724,0.21234722196390282,0.7876527776074749,0.7876527776074749
0.9,0.0,4,0,2.02039375,0.655,3.0534351144731042,9.000000000000002,0.5348207610469594,0.07038254727734429,1.5337234194504423,2.220446049250313e-16,0.9967888732206103,0.0,0.07508785962380946,0.9999999940225484,1.1102230246251565e-16,1.0000000052976936,5.551115123125783e-17,2,0.6483884641863917,0.9999999141544174,0.0,1.00000008664219,0.0,0.1619723534032907,0.9999999943691533,1.2412670766236368e-16,1.000000005618844,1.1102230246251565e-16,0.11580690245319357,7.122599628307612,0.9373359106247161,0.4635844207119111,8.422716650329233,0.9358574055921368
0.98,0.0,4,0,2.02039375,0.655,3.0534351144731042,48.99999999999996,0.5348207610469594,0.013175320838862562,1.6694390008695674,0.0,0.9998941088633336,1.1102230246251565e-16,0.013325769804351737,0.999999997993597,5.551115123125784e-17,1.0000000009890975,0.0,2,0.6483884641863917,0.9999999141544174,0.0,1.00000008664219,0.0,0.02699539185449505,0.9999999987117374,0.0,1.0000000010198837,1.1102230246251565e-16,0.020552138942004663,40.13432386264885,0.988709923126539,0.49363127885594443,48.44438881674098,0.9886609962600209
0.5,0.9,4,0,2.429089375,0.655,3.0534351144731042,1.0,0.4583441486655068,0.4583441486655068,0.9098707031689033,0.0,0.9098707031689033,0.0,0.5392967475144088,0.9999999278882211,0.0,1.0000000714207475,0.0,2,0.5392967475144088,0.9999999278882209,0.0,1.0000000714207475,0.0,3.0534351143382295,0.9999997984760793,1.5700924586837754e-16,1.0000002013070026,2.482534153247273e-16,1.0,0.8498922917262001,0.8498922917262001,0.17661968482054693,0.8233803155899515,0.8233803155899515
0.9,0.9,4,0,2.429089375,0.655,3.0534351144731042,9.000000000000002,0.4583441486655068,0.05876856253132332,1.4947778128326539,2.2204460492503136e-16,0.9909500862175018,0.0,0.072546655711233,0.9999999945976772,1.2412670766236368e-16,1.0000000064227723,1.1102230246251565e-16,2,0.5392967475144088,0.9999999278882209,0.0,1.0000000714207475,0.0,0.1619723524699006,0.9999999939239702,0.0,1.0000000054385287,5.551115123125784e-17,0.13452084783673707,6.317922503415104,0.8100795543939001,0.44789530191403737,7.25717230028625,0.8063524778095832
0.98,0.9,4,0,2.429089375,0.655,3.0534351144731042,48.99999999999996,0.4583441486655068,0.010966527411475814,1.6255644939573184,6.93889390390723e-18,0.998514022775879,1.1102230246251565e-16,0.0132401004089397,0.9999999989530667,0.0,1.0000000017701418,0.0,2,0.5392967475144088,0.9999999278882209,0.0,1.0000000714207475,0.0,0.026995392926076542,0.9999999990364273,0.0,1.000000001447315,1.2412670766236368e-16,0.024550677284746563,34.617875583181636,0.8282812873587596,0.49045777719168726,40.555454175661204,0.8276623301155355
0.5,0.0,4,2,2.02039375,0.655,0.9435633416101334,1.0,0.38430534362378344,0.38430534362378344,0.9839693369248913,1.4507433416102146e-15,0.9839693369248913,1.4507433416102146e-15,0.40067032899139976,0.9999999602836274,1.1116099371267114e-15,1.000000040507473,1.19767801289813e-15,18,0.40067032899139976,0.9999999602836249,7.933434980043315e-16,1.0000000405074725,6.922220526417404e-16,0.9435633416142055,0.9999999707469582,1.3121666701612984e-15,1.0000000292599958,8.851025472129576e-16,1.0,0.9591559839012497,0.9591559839012497,0.42463532793246406,0.9310891995220858,0.9310891995220858
0.9,0.0,4,2,2.02039375,0.655,0.9435633416101334,9.000000000000002,0.38430534362378344,0.06693270179760082,1.2341754189001837,2.314056096419072e-15,0.9876316669059847,9.577684649807805e-16,0.08783706397448554,0.9999999937390684,1.1711734740816961e-15,1.000000006512839,2.7628650590607585e-15,18,0.40067032899139976,0.9999999602836249,7.933434980043315e-16,1.0000000405074725,6.922220526417404e-16,0.2530818022558344,0.999999993382331,5.161436423684442e-16,1.0000000066355108,1.5941495255676513e-15,0.21922527728867822,4.375207073581313,0.7620097800291126,0.34706985327097184,6.694548270103191,0.7438386966781322
0.98,0.0,4,2,2.02039375,0.655,0.9435633416101334,48.99999999999996,0.38430534362378344,0.013049414230989053,1.3181162299941462,3.708594153482206e-15,0.9994543062486305,8.695516638857228e-16,0.013854587024300315,0.9999999987849957,2.062988121901557e-15,1.0000000017889366,1.9689837424548496e-15,18,0.40067032899139976,0.9999999602836249,7.933434980043315e-16,1.0000000405074725,6.922220526417404e-16,0.029291875448396378,0.9999999988800617,3.33066907387547e-16,1.00000000124901,9.828766250677844e-16,0.03457852009949481,27.73849144328368,0.9418840278747374,0.47298395245152536,46.112381810683544,0.941069016544563
0.5,0.9,4,2,2.429089375,0.655,0.9435633416101334,1.0,0.3431616004062502,0.3431616004062502,0.9906168099827025,1.7938349286046905e-15,0.9906168099827025,1.7938349286046905e-15,0.3523087434264913,0.9999999624910441,1.5298333466163463e-15,1.0000000363881916,2.075367371726658e-15,18,0.3523087434264913,0.9999999624910431,3.8857805861880484e-16,1.00000003638819,1.1046579618885443e-15,0.9435633409114434,0.9999999705574069,8.455206652451151e-16,1.0000000290174327,6.710238831288441e-16,1.0,0.974036571073208,0.974036571073208,0.37338112678919416,0.9591970874223331,0.9591970874223331
0.9,0.9,4,2,2.429089375,0.655,0.9435633416101334,9.000000000000002,0.3431616004062502,0.056343702062716106,1.217748380140165,2.3275826373216687e-15,0.9838572735878468,2.2523525626576356e-15,0.08454487460613125,0.9999999935679351,9.748096401660491e-16,1.000000005871484,1.0853104412965138e-15,18,0.3523087434264913,0.9999999624910431,3.8857805861880484e-16,1.00000003638819,1.1046579618885443e-15,0.2530818019397097,0.9999999933359612,1.3978900778759036e-15,1.000000006521666,7.17127215631928e-16,0.23997381894035055,4.058928492175727,0.6664354560250306,0.3340614534832177,5.80726918618921,0.6452521317988009
0.98,0.9,4,2,2.429089375,0.655,0.9435633416101334,48.99999999999996,0.3431616004062502,0.010879157738790949,1.3010520268889874,4.062261638129364e-15,0.998181924852001,1.2656207705102125e-15,0.0137632814890431,0.9999999988436159,1.1498482103398855e-15,1.000000001675416,6.839651917251783e-16,18,0.3523087434264913,0.9999999624910431,3.8857805861880484e-16,1.00000003638819,1.1046579618885443e-15,0.029291875941671396,0.9999999989971167,1.146409435607475e-15,1.0000000014646322,7.2377686124476805e-16,0.03906596627487557,24.93312373792834,0.7904479573023199,0.4698668503324873,38.612179744928454,0.7880036682638467
0.5,0.0,8,0,1.9447093750000004,0.655,3.0534351144731042,1.0,0.5518730376045627,0.5518730376045627,0.8693344944090782,0.0,0.8693344944090782,0.0,0.6736225045896271,0.9999999110056538,1.5700924586837754e-16,1.000000088841356,0.0,2,0.6736225045896271,0.9999999110056538,0.0,1.000000088841356,0.0,3.0534351134254587,0.999999797589378,0.0,1.0000002009979747,1.5700924586837754e-16,1.0,0.8192615802537142,0.8192615802537142,0.2206113703310145,0.7793886298122478,0.7793886298122478
0.9,0.0,8,0,1.9447093750000004,0.655,3.0534351144731042,9.000000000000002,0.5518730376045627,0.0730561648894196,1.5401624880821119,2.2204460492503136e-16,0.9982610224124904,1.1102230246251565e-16,0.07558781286896471,0.9999999940069322,5.551115123125784e-17,1.0000000052997677,1.2412670766236368e-16,2,0.6736225045896271,0.9999999110056538,0.0,1.000000088841356,0.0,0.16197235384495962,0.9999999944412405,1.1102230246251565e-16,1.000000005842735,5.551115123125784e-17,0.11221093766012617,7.301084879400632,0.9665071936406753,0.46667107734519664,8.69117584886081,0.9656862054289788
0.98,0.0,8,0,1.9447093750000004,0.655,3.0534351144731042,48.99999999999996,0.5518730376045627,0.013685780933937063,1.6767364277640773,2.220446049250313e-16,1.0002454825969416,0.0,0.013341820231157358,0.9999999979065618,5.551115123125783e-17,1.0000000009432033,0.0,2,0.6736225045896271,0.9999999110056538,0.0,1.000000088841356,0.0,0.02699539189009043,0.999999998716221,0.0,1.0000000010403838,1.2412670766236366e-16,0.0198060785384319,41.364148822494634,1.0257806428823293,0.4942258399314041,50.26893900418692,1.0258967143711626
0.5,0.9,8,0,2.4215209375,0.655,3.0534351144731042,1.0,0.45956109065441675,0.45956109065441675,0.9093914661865357,0.0,0.9093914661865357,0.0,0.5409823144829009,0.9999999287335579,0.0,1.0000000727136427,1.1102230246251565e-16,2,0.5409823144829009,0.999999928733558,0.0,1.0000000727136427,0.0,3.0534351133106905,0.9999997977992826,1.1102230246251565e-16,1.0000002006377229,1.1102230246251565e-16,1.0,0.849493741941803,0.849493741941803,0.1771717080623797,0.8228282911649327,0.8228282911649327
0.9,0.9,8,0,2.4215209375,0.655,3.0534351144731042,9.000000000000002,0.45956109065441675,0.05894869695746376,1.4955261089145848,2.2204460492503136e-16,0.9910323237510171,0.0,0.07259145618970986,0.9999999943900624,0.0,1.0000000062182355,1.1102230246251565e-16,2,0.5409823144829009,0.999999928733558,0.0,1.0000000727136427,0.0,0.1619723539026341,0.9999999944030216,5.551115123125784e-17,1.0000000059196037,5.551115123125784e-17,0.13418452737978423,6.330787599210077,0.8120610888891355,0.4481718913176166,7.275252342156001,0.8083613713506667
0.98,0.9,8,0,2.4215209375,0.655,3.0534351144731042,48.99999999999996,0.45956109065441675,0.011000679688225757,1.6264053660056286,2.2215299868541707e-16,0.9985333370855184,0.0,0.013241671638646653,0.9999999988709358,1.1102230246251565e-16,1.0000000016907684,5.551115123125783e-17,2,0.5409823144829009,0.999999928733558,0.0,1.0000000727136427,0.0,0.026995392440506152,0.9999999988652177,0.0,1.0000000012777126,5.551115123125783e-17,0.02447708785323922,34.70567034098314,0.8307621566539666,0.49051598963894805,40.677361518311955,0.8301502350675917
0.5,0.0,8,2,1.9447093750000004,0.655,0.9435633416101334,1.0,0.3930318231142958,0.3930318231142958,0.9823402509816435,1.489261872189153e-15,0.9823402509816435,1.489261872189153e-15,0.41123970608285365,0.9999999598216727,9.910722837601151e-16,1.0000000413280299,1.2069686863935224e-15,18,0.41123970608285365,0.9999999598216719,1.3947004136484323e-15,1.0000000413280277,2.925943230616435e-15,0.9435633423733255,0.9999999709747207,8.95090418262362e-16,1.000000029499002,1.2523904012992785e-15,1.0,0.9557244042848103,0.9557244042848103,0.43583688303158413,0.9241154636178758,0.9241154636178758
0.9,0.0,8,2,1.9447093750000004,0.655,0.9435633416101334,9.000000000000002,0.3930318231142958,0.06934615098438872,1.2374565269899807,2.2913484286319364e-15,0.9886137449421806,2.1751855310239913e-15,0.08848507385706667,0.9999999941872344,2.1850355448220875e-15,1.000000006329969,5.962605703330414e-16,18,0.41123970608285365,0.9999999598216719,1.3947004136484323e-15,1.0000000413280277,2.925943230616435e-15,0.25308180219871845,0.9999999933601673,1.1064218096644413e-15,1.0000000066287267,1.3025359251319427e-15,0.21516665961053702,4.441786687652826,0.7837045047440003,0.34963032935725924,6.898924292261982,0.7665471435846645
0.98,0.0,8,2,1.9447093750000004,0.655,0.9435633416101334,48.99999999999996,0.3930318231142958,0.013549979446450542,1.3214573655943769,2.690629928247676e-15,0.9997789932351162,9.379577808175e-16,0.013871694638215352,0.9999999988267217,8.074201422896752e-16,1.0000000018703836,2.1490864569940016e-15,18,0.41123970608285365,0.9999999598216719,1.3947004136484323e-15,1.0000000413280277,2.925943230616435e-15,0.02929187527853727,0.9999999988152386,9.276343563884518e-16,1.000000001199277,9.871780750502624e-16,0.03373140879402482,28.333367577997727,0.9768077945661727,0.47356799475311895,47.84702470772092,0.9764698919943053
0.5,0.9,8,2,2.4215209375,0.655,0.9435633416101334,1.0,0.3438433018069596,0.3438433018069596,0.9905202111765566,1.0351750678301029e-15,0.9905202111765566,1.0351750678301029e-15,0.3530915872583029,0.9999999630521289,1.671106944322084e-15,1.000000037057977,1.9649693006526923e-15,18,0.3530915872583029,0.9999999630521312,8.916411167297361e-16,1.0000000370579754,5.661048867003676e-16,0.9435633416969748,0.999999970798472,6.747516868101501e-16,1.0000000292593756,5.4986534426045005e-16,1.0,0.9738076867728436,0.9738076867728436,0.3742107939709449,0.9587905940224606,0.9587905940224606
0.9,0.9,8,2,2.4215209375,0.655,0.9435633416101334,9.000000000000002,0.3438433018069596,0.05650925710765954,1.2180344912593337,5.099213682438898e-15,0.9839083621752952,7.514536976383426e-16,0.08460288418084676,0.9999999937417355,1.4474871973523198e-15,1.0000000063327263,1.283376518579004e-15,18,0.3530915872583029,0.9999999630521312,8.916411167297361e-16,1.0000000370579754,5.661048867003676e-16,0.25308180278670567,0.9999999935500691,6.242305471523702e-16,1.0000000067368289,1.3264181665094722e-15,0.23960606039292523,4.0642030722257845,0.6679353506065537,0.33429066511016226,5.82103231226074,0.6467813680289709
0.98,0.9,8,2,2.4215209375,0.655,0.9435633416101334,48.99999999999996,0.3438433018069596,0.010912767171057849,1.3013534773663116,2.4234217342699498e-15,0.9981996678208716,2.3302289340760863e-15,0.013764955204830707,0.9999999982310079,2.7266233277304013e-15,1.0000000010654746,7.368308159426842e-16,18,0.3530915872583029,0.9999999630521312,8.916411167297361e-16,1.0000000370579754,5.661048867003676e-16,0.029291874953837893,0.9999999986632474,5.782226546457897e-16,1.0000000011322834,1.9947358885586913e-15,0.038984092800718594,24.979616474617398,0.792793511396833,0.4699240054289249,38.72808235446871,0.7903690276422193
0.5,0.0,16,0,1.9068671875000003,0.655,3.0534351144731042,1.0,0.5608135542418221,0.5608135542418221,0.8650665567180199,1.5700924586837754e-16,0.8650665567180199,1.5700924586837754e-16,0.6869906876642057,0.9999999096119446,1.5700924586837754e-16,1.0000000909719264,1.5700924586837754e-16,2,0.6869906876642057,0.9999999096119445,0.0,1.0000000909719264,0.0,3.053435112429284,0.9999997969092701,1.5700924586837754e-16,1.000000200373088,1.5700924586837754e-16,1.0,0.8163335607191553,0.8163335607191553,0.22498945036288734,0.7750105495363134,0.7750105495363134
0.9,0.0,16,0,1.9068671875000003,0.655,3.0534351144731042,9.000000000000002,0.5608135542418221,0.07447062038981374,1.5432106299272657,2.237726045655905e-16,0.999055361024859,5.551115123125783e-17,0.07584152387678589,0.9999999945999278,0.0,1.0000000059018908,5.551115123125784e-17,2,0.6869906876642057,0.9999999096119445,0.0,1.0000000909719264,0.0,0.16197235376651814,0.999999994409661,0.0,1.0000000058217486,0.0,0.11039672769750335,7.394544908577185,0.9819241041464389,0.46823746221599544,8.833250051449085,0.981472227938787
0.98,0.0,16,0,1.9068671875000003,0.655,3.0534351144731042,48.99999999999996,0.5608135542418221,0.013956136814152583,1.6802002914610996,2.2204460492503136e-16,1.0004357198922984,0.0,0.013349869047894307,0.9999999989270232,0.0,1.0000000019855166,5.551115123125784e-17,2,0.6869906876642057,0.9999999096119445,0.0,1.0000000909719264,0.0,0.026995391908942866,0.9999999987185958,5.551115123125784e-17,1.000000001051241,1.2412670766236366e-16,0.019432387203506887,42.008918007347795,1.0454137612948273,0.4945239947960098,51.235491920628974,1.0456222840944698
0.5,0.9,16,0,2.41773671875,0.655,3.0534351144731042,1.0,0.4601719881821473,0.4601719881821473,0.9091504130570964,0.0,0.9091504130570964,0.0,0.5418290546300425,0.99999992825768,0.0,1.0000000724625917,0.0,2,0.5418290546300425,0.99999992825768,0.0,1.000000072462592,0.0,3.0534351149645,0.9999997988806393,0.0,1.0000002017228526,0.0,1.0,0.8492936734379256,0.8492936734379256,0.1774490153645665,0.8225509841895392,0.8225509841895392
0.9,0.9,16,0,2.41773671875,0.655,3.0534351144731042,9.000000000000002,0.4601719881821473,0.059039178910354415,1.4959001854840475,2.220446049250313e-16,0.9910737461342418,5.5511151231257815e-17,0.07261388655770884,0.9999999943188751,1.1102230246251565e-16,1.0000000061485916,1.1102230246251565e-16,2,0.5418290546300425,0.99999992825768,0.0,1.000000072462592,0.0,0.16197235363257817,0.9999999943120264,1.1102230246251568e-16,1.0000000058296252,1.1102230246251568e-16,0.13401622880354608,6.337244981597731,0.8130563134564334,0.4483103747595584,7.284333848013615,0.8093704275570682
0.98,0.9,16,0,2.41773671875,0.655,3.0534351144731042,48.99999999999996,0.4601719881821473,0.01101783571950893,1.626825738874103,2.220446049250313e-16,0.9985430665450493,1.1102230246251568e-16,0.013242456988815095,0.9999999984905488,0.0,1.0000000013117665,1.2412670766236366e-16,2,0.5418290546300425,0.99999992825768,0.0,1.000000072462592,0.0,0.026995392935388517,0.9999999990384878,1.1102230246251565e-16,1.0000000014517905,1.1102230246251565e-16,0.024440285871817933,34.7497438406498,0.8320084202512317,0.4905450726540614,40.738602651904685,0.8314000541205046
0.5,0.0,16,2,1.9068671875000003,0.655,0.9435633416101334,1.0,0.39754538466553446,0.39754538466553446,0.9814667261840876,8.473409486550036e-16,0.9814667261840876,8.473409486550036e-16,0.4167526128656177,0.9999999586565163,2.1422198466744503e-15,1.0000000408183307,6.4736570491389385e-16,18,0.4167526128656177,0.9999999586565151,1.2400251882920641e-15,1.000000040818331,1.4190674225882624e-15,0.9435633419329148,0.9999999708364121,9.501978519912239e-16,1.0000000293665097,4.1496809373587906e-16,1.0,0.9539121588992253,0.9539121588992253,0.4416795294440846,0.9203564703256524,0.9203564703256524
0.9,0.0,16,2,1.9068671875000003,0.655,0.9435633416101334,9.000000000000002,0.39754538466553446,0.07061934172889571,1.239128242600567,2.4730903186884514e-15,0.9891467927724249,1.3269806886888936e-15,0.08881394020765271,0.9999999940670858,1.6457909568916124e-15,1.0000000062201393,1.0871721146490313e-15,18,0.4167526128656177,0.9999999586565151,1.2400251882920641e-15,1.000000040818331,1.4190674225882624e-15,0.25308180216858756,0.999999993348475,1.0043195010175823e-15,1.000000006625148,1.1036332022366388e-15,0.2131094982151698,4.476159753030299,0.7951380331036225,0.3509297762487495,7.007086160488168,0.7785651289431296
0.98,0.0,16,2,1.9068671875000003,0.655,0.9435633416101334,48.99999999999996,0.39754538466553446,0.013814944624587551,1.32314975439671,2.948748768513879e-15,0.9999548179492304,1.4219823657880427e-15,0.013880271829756256,0.9999999986260116,7.191051314432215e-16,1.000000001690698,1.0568097154881562e-15,18,0.4167526128656177,0.9999999586565151,1.2400251882920641e-15,1.000000040818331,1.4190674225882624e-15,0.029291875806201573,0.9999999989891785,8.955206467987463e-16,1.0000000013812065,7.696856831808123e-16,0.03330578237845857,28.641037404849985,0.9952935211954093,0.4738608043264192,48.76595584005165,0.9952235885724836
0.5,0.9,16,2,2.41773671875,0.655,0.9435633416101334,1.0,0.3441851691832304,0.3441851691832304,0.9904715996121235,3.905555678715502e-16,0.9904715996121235,3.905555678715502e-16,0.3534843965874642,0.9999999624108966,6.329245045284193e-16,1.0000000364712034,8.130062465403938e-16,18,0.3534843965874642,0.9999999624108966,9.59877536665409e-16,1.0000000364712032,4.839349969133127e-16,0.9435633420909113,0.9999999709193634,6.532886618304434e-16,1.000000029380708,6.511689000177669e-16,1.0,0.9736926792412663,0.9736926792412663,0.37462709795841814,0.9585860402900348,0.9585860402900348
0.9,0.9,16,2,2.41773671875,0.655,0.9435633416101334,9.000000000000002,0.3441851691832304,0.05659240000547566,1.2181777855028122,3.2443762910695175e-15,0.9839341273553546,1.3521410045578838e-15,0.08463192792094248,0.9999999935497235,1.069760521310679e-15,1.0000000061423007,2.371437420133774e-15,18,0.3534843965874642,0.9999999624108966,9.59877536665409e-16,1.0000000364712032,4.839349969133127e-16,0.253081801789017,0.9999999932969815,1.0690626629192488e-15,1.0000000064842718,9.720644932127639e-16,0.23942196243449074,4.066847791825625,0.668688536297324,0.33440542671454637,5.827945500497108,0.6475495000552342
0.98,0.9,16,2,2.41773671875,0.655,0.9435633416101334,48.99999999999996,0.3441851691832304,0.010929649880923525,1.3015044028144966,5.203999554862825e-15,0.9982086068437067,4.342217654096929e-16,0.01376579334090202,0.9999999986595168,2.408945726958825e-15,1.0000000014953199,1.1388244924264514e-15,18,0.3534843965874642,0.9999999624108966,9.59877536665409e-16,1.0000000364712032,4.839349969133127e-16,0.029291875190518936,0.9999999987426778,6.347476225759414e-16,1.000000001212475,4.685680459230494e-16,0.03894314281987236,25.002930137020147,0.7939716665982831,0.4699526148929404,38.786302555559566,0.7915571950114204
0.5,0.0,32,0,1.8879460937500003,0.655,3.0534351144731042,1.0,0.5653933290455234,0.5653933290455234,0.8628537427671892,1.5700924586837754e-16,0.8628537427671892,1.5700924586837754e-16,0.6938757433960582,0.9999999079215474,0.0,1.0000000910965887,0.0,2,0.6938757433960582,0.9999999079215476,0.0,1.0000000910965887,0.0,3.0534351119189944,0.9999997965608877,1.1102230246251565e-16,1.0000002000529915,2.482534153247273e-16,1.0,0.8148336851758224,0.8148336851758224,0.22724430615457802,0.7727556944528726,0.7727556944528726
0.9,0.0,32,0,1.8879460937500003,0.655,3.0534351144731042,9.000000000000002,0.5653933290455234,0.07519858808908647,1.5446846292735557,2.7755575615628907e-17,0.9994680851663981,5.551115123125783e-17,0.07596933287841895,0.9999999946795763,1.1102230246251565e-16,1.0000000059861816,0.0,2,0.6938757433960582,0.9999999079215476,0.0,1.0000000910965887,0.0,0.16197235288573747,0.9999999941118136,1.1102230246251568e-16,1.0000000055293532,0.0,0.10948550025196128,7.442389022296364,0.9898545273450542,0.4690265438819124,8.906385245212089,0.9895983605791208
0.98,0.0,32,0,1.8879460937500003,0.655,3.0534351144731042,48.99999999999996,0.5653933290455234,0.014095360273599982,1.68187814908367,0.0,1.0005347466366317,5.551115123125783e-17,0.013353897967234612,0.9999999987062528,1.1102230246251565e-16,1.0000000017759996,0.0,2,0.6938757433960582,0.9999999079215476,0.0,1.0000000910965887,0.0,0.026995392548762896,0.9999999989409497,0.0,1.0000000012779637,5.551115123125783e-17,0.019245373677246883,42.33919792054602,1.055524035617513,0.49467322777814443,51.73329526620316,1.0557815360449634
0.5,0.9,32,0,2.4158446093750006,0.655,3.0534351144731042,1.0,0.4604780464036141,0.4604780464036141,0.9090295256050577,0.0,0.9090295256050577,0.0,0.5422534195466973,0.9999999281270067,0.0,1.0000000724445957,1.5700924586837754e-16,2,0.5422534195466973,0.9999999281270068,0.0,1.0000000724445957,0.0,3.0534351157930555,0.9999997994223979,1.5700924586837754e-16,1.0000002022665013,1.5700924586837754e-16,1.0,0.8491934394596456,0.8491934394596456,0.17758799482656115,0.8224120047657913,0.8224120047657913
0.9,0.9,32,0,2.4158446093750006,0.655,3.0534351144731042,9.000000000000002,0.4604780464036141,0.05908452412920362,1.496087203963516,2.220446049250313e-16,0.991094533673517,1.2412670766236363e-16,0.07262510821385929,0.9999999935107662,0.0,1.000000005341255,1.2412670766236363e-16,2,0.5422534195466973,0.9999999281270068,0.0,1.0000000724445957,0.0,0.16197235250675757,0.9999999939345454,1.1102230246251568e-16,1.0000000054526534,1.1102230246251565e-16,0.13393204283445745,6.3404800037976345,0.8135550580553672,0.4483796591818306,7.288885139111812,0.809876126567979
0.98,0.9,32,0,2.4158446093750006,0.655,3.0534351144731042,48.99999999999996,0.4604780464036141,0.011026433817484504,1.6270359074182994,6.938893903907228e-18,0.9985479494626427,0.0,0.013242849925979915,0.9999999984492645,0.0,1.0000000012711765,0.0,2,0.5422534195466973,0.9999999281270068,0.0,1.0000000724445957,0.0,0.02699539170464897,0.9999999986063701,0.0,1.0000000010200771,0.0,0.024421883659213106,34.77182396368059,0.8326329966069289,0.4905596507310289,40.76929446320589,0.8320264176164475
0.5,0.0,32,2,1.8879460937500003,0.655,0.9435633416101334,1.0,0.3998412651193629,0.3998412651193629,0.9810142473882556,1.9679075009191497e-15,0.9810142473882556,1.9679075009191497e-15,0.41956915474959977,0.9999999581923076,9.280494982111524e-16,1.0000000406854876,4.669210529678814e-16,18,0.41956915474959977,0.9999999581923086,8.715427528620302e-16,1.0000000406854865,1.5949195185170507e-15,0.9435633408710369,0.999999970508469,4.933939044724272e-16,1.0000000290415247,7.285625898549015e-16,1.0,0.9529806006783065,0.9529806006783065,0.44466453557032065,0.9184035678101962,0.9184035678101962
0.9,0.0,32,2,1.8879460937500003,0.655,0.9435633416101334,9.000000000000002,0.3998412651193629,0.07127363130675264,1.2399721343812613,1.5995617934667115e-15,0.989424513525869,8.322045469724676e-16,0.08897961425498074,0.9999999939453168,2.1108840610830123e-15,1.0000000061035863,1.3342899387282963e-15,18,0.41956915474959977,0.9999999581923086,8.715427528620302e-16,1.0000000406854865,1.5949195185170507e-15,0.2530818030492162,0.999999993569552,1.0943231878288897e-15,1.0000000068503931,3.711497531621125e-16,0.2120737743652392,4.493627764822337,0.8010107922305699,0.35158440149755493,7.062764840069284,0.784751648896587
0.98,0.0,32,2,1.8879460937500003,0.655,0.9435633416101334,48.99999999999996,0.3998412651193629,0.01395135156033402,1.3240014347712947,1.3993639139305772e-15,1.0000463471978966,8.09801917794626e-16,0.013884566078760277,0.9999999983202004,2.2538484468383792e-15,1.0000000013955992,3.2699496109639816e-15,18,0.41956915474959977,0.9999999581923086,8.715427528620302e-16,1.0000000406854865,1.5949195185170507e-15,0.029291874830500823,0.9999999986581033,3.608224830031759e-16,1.0000000010542427,6.905506891099882e-16,0.033092437615073564,28.797534100184418,1.0048100517650247,0.4740074221641375,49.23922974283878,1.0048822396497719
0.5,0.9,32,2,2.4158446093750006,0.655,0.9435633416101334,1.0,0.3443563579252641,0.3443563579252641,0.9904472153432794,1.0156417075986019e-15,0.9904472153432794,1.0156417075986019e-15,0.353681150114737,0.9999999623872039,9.754021696342975e-16,1.0000000364747705,1.5411219313923016e-15,18,0.353681150114737,0.9999999623872045,3.76494945393561e-16,1.000000036474768,1.7580478875026802e-15,0.9435633422881737,0.9999999709798988,1.066695556915833e-15,1.0000000294414637,8.142641730470873e-16,1.0,0.9736350320438398,0.9736350320438398,0.3748356196808663,0.9584834323639297,0.9584834323639297
0.9,0.9,32,2,2.4158446093750006,0.655,0.9435633416101334,9.000000000000002,0.3443563579252641,0.05663406326895044,1.2182494924248795,7.305307574563189e-16,0.9839470654892362,2.7845980947162648e-15,0.0846464599221993,0.9999999936195988,1.30066785273941e-15,1.000000006212967,7.485005149111434e-16,18,0.353681150114737,0.9999999623872045,3.76494945393561e-16,1.000000036474768,1.7580478875026802e-15,0.2530818020011226,0.9999999933505973,2.9707867594552304e-16,1.000000006538152,1.1727551839729958e-15,0.2393298593796681,4.068171997290504,0.6690659399224047,0.3344628466088756,5.831410015609215,0.6479344461788016
0.98,0.9,32,2,2.4158446093750006,0.655,0.9435633416101334,48.99999999999996,0.3443563579252641,0.010938110839949534,1.3015799156414574,7.81195887127904e-16,0.9982130933431966,3.1387739704410805e-15,0.013766211426289213,0.9999999981470147,6.409374830182717e-16,1.0000000009834882,1.5433697402820021e-15,18,0.353681150114737,0.9999999623872045,3.76494945393561e-16,1.000000036474768,1.7580478875026802e-15,0.029291875309134283,0.9999999987824859,1.7819857721950745e-15,1.0000000012526646,3.66121187763494e-16,0.03892266076895346,25.01460621675836,0.7945621711912052,0.46996688607357284,38.81548397515476,0.7921527341868326
