seed,rho,delay,num_agents,updates,teacher_mse,maximum_loss,finite
20270701,0.0,0,1,984,0.2647260427474975,8.346142768859863,True
20270701,0.0,0,4,941,0.1163502931594848,2.390230655670166,True
20270701,0.0,0,16,800,0.0182435270398855,1.3644977807998655,True
20270701,0.0,0,32,666,0.0199372302740812,0.9559906721115112,True
20270701,0.0,8,1,984,0.2263881117105484,8.145729064941406,True
20270701,0.0,8,4,941,0.1184787228703498,2.3749425411224365,True
20270701,0.0,8,16,800,0.0171513780951499,1.368050456047058,True
20270701,0.0,8,32,666,0.0196389053016901,0.9552431106567384,True
20270701,0.25,0,1,984,0.063434861600399,6.064214706420898,True
20270701,0.25,0,4,941,0.1959308385848999,4.7723588943481445,True
20270701,0.25,0,16,800,0.1872888803482055,3.258924961090088,True
20270701,0.25,0,32,666,0.0415061190724372,3.821792125701904,True
20270701,0.25,8,1,984,0.1198948696255683,6.333001136779785,True
20270701,0.25,8,4,941,0.1636422276496887,4.741816997528076,True
20270701,0.25,8,16,800,0.1632235646247863,3.261049747467041,True
20270701,0.25,8,32,666,0.1347162723541259,3.836581230163574,True
20270701,0.5,0,1,984,0.1393192857503891,5.727417945861816,True
20270701,0.5,0,4,941,0.2406858652830124,6.19929838180542,True
20270701,0.5,0,16,800,0.4420798420906067,4.140826225280762,True
20270701,0.5,0,32,666,0.0593305528163909,4.708560943603516,True
20270701,0.5,8,1,984,0.1131812706589698,6.1332831382751465,True
20270701,0.5,8,4,941,0.1869668364524841,6.174520015716553,True
20270701,0.5,8,16,800,0.4123254120349884,4.129013538360596,True
20270701,0.5,8,32,666,0.2408123314380645,4.727927207946777,True
20270701,0.9,0,1,984,0.2036631405353546,5.657132625579834,True
20270701,0.9,0,4,941,0.4324250221252441,5.807368278503418,True
20270701,0.9,0,16,800,0.6040186882019043,5.135009765625,True
20270701,0.9,0,32,666,0.0906361117959022,5.620783805847168,True
20270701,0.9,8,1,984,0.1524072140455246,5.514585971832275,True
20270701,0.9,8,4,941,0.350685179233551,5.759191036224365,True
20270701,0.9,8,16,800,0.4963245093822479,5.100544452667236,True
20270701,0.9,8,32,666,0.3553306460380554,5.563218593597412,True
20270702,0.0,0,1,984,0.0393555760383605,6.5970072746276855,True
20270702,0.0,0,4,941,0.0403676591813564,2.2577126026153564,True
20270702,0.0,0,16,800,0.0483035109937191,1.2260111570358276,True
20270702,0.0,0,32,666,0.0063663236796855,0.98161119222641,True
20270702,0.0,8,1,984,0.0317137204110622,6.601529598236084,True
20270702,0.0,8,4,941,0.0405236221849918,2.243093967437744,True
20270702,0.0,8,16,800,0.0376675240695476,1.2218017578125,True
20270702,0.0,8,32,666,0.0036854094360023,0.9792487621307372,True
20270702,0.25,0,1,984,0.0836964696645736,6.847792625427246,True
20270702,0.25,0,4,941,0.0578424483537673,6.510763645172119,True
20270702,0.25,0,16,800,0.0445896200835704,4.407215118408203,True
20270702,0.25,0,32,666,0.0443272404372692,4.096246719360352,True
20270702,0.25,8,1,984,0.087268128991127,6.955098628997803,True
20270702,0.25,8,4,941,0.0640920549631118,6.54182243347168,True
20270702,0.25,8,16,800,0.0230658706277608,4.429446220397949,True
20270702,0.25,8,32,666,0.0513195320963859,4.111876010894775,True
20270702,0.5,0,1,984,0.0907336771488189,6.954691886901856,True
20270702,0.5,0,4,941,0.0407223515212535,6.621553421020508,True
20270702,0.5,0,16,800,0.0240430887788534,5.228708744049072,True
20270702,0.5,0,32,666,0.0255828574299812,5.7103047370910645,True
20270702,0.5,8,1,984,0.0701767727732658,7.24992036819458,True
20270702,0.5,8,4,941,0.0363594070076942,6.679260730743408,True
20270702,0.5,8,16,800,0.0141766723245382,5.255101203918457,True
20270702,0.5,8,32,666,0.0377945229411125,5.749568939208984,True
20270702,0.9,0,1,984,0.0542686432600021,6.703872680664063,True
20270702,0.9,0,4,941,0.0567939020693302,6.71244478225708,True
20270702,0.9,0,16,800,0.0311545897275209,6.710906505584717,True
20270702,0.9,0,32,666,0.0116131454706192,6.32269811630249,True
20270702,0.9,8,1,984,0.0492392443120479,6.771839141845703,True
20270702,0.9,8,4,941,0.0429492183029651,6.773725509643555,True
20270702,0.9,8,16,800,0.0140956258401274,6.7786784172058105,True
20270702,0.9,8,32,666,0.0222330652177333,6.390498161315918,True
20270703,0.0,0,1,984,0.0680499151349067,7.091663837432861,True
20270703,0.0,0,4,941,0.0153695847839117,2.4844894409179688,True
20270703,0.0,0,16,800,0.0040540983900427,1.2324516773223877,True
20270703,0.0,0,32,666,0.002559236716479,0.9673084020614624,True
20270703,0.0,8,1,984,0.1767003387212753,7.001551151275635,True
20270703,0.0,8,4,941,0.023348206654191,2.463432550430298,True
20270703,0.0,8,16,800,0.0061124297790229,1.2373074293136597,True
20270703,0.0,8,32,666,0.0021783811971545,0.9627714157104492,True
20270703,0.25,0,1,984,0.0923835039138794,5.4152116775512695,True
20270703,0.25,0,4,941,0.0147944604977965,3.980455875396729,True
20270703,0.25,0,16,800,0.028904840350151,3.981108903884888,True
20270703,0.25,0,32,666,0.0770430341362953,3.56868839263916,True
20270703,0.25,8,1,984,0.1289942413568496,5.783990859985352,True
20270703,0.25,8,4,941,0.0221085716038942,3.8334298133850098,True
20270703,0.25,8,16,800,0.0842995420098304,4.13847541809082,True
20270703,0.25,8,32,666,0.0363610424101352,3.715109348297119,True
20270703,0.5,0,1,984,0.0438167788088321,5.52776575088501,True
20270703,0.5,0,4,941,0.0101767415180802,5.544859409332275,True
20270703,0.5,0,16,800,0.0286160577088594,4.588433742523193,True
20270703,0.5,0,32,666,0.0985756143927574,4.910181045532227,True
20270703,0.5,8,1,984,0.066424123942852,5.873067378997803,True
20270703,0.5,8,4,941,0.0216633919626474,5.658341884613037,True
20270703,0.5,8,16,800,0.1111013665795326,4.7500176429748535,True
20270703,0.5,8,32,666,0.0538353361189365,5.220530986785889,True
20270703,0.9,0,1,984,0.0441099926829338,5.370978832244873,True
20270703,0.9,0,4,941,0.0408055074512958,5.580569744110107,True
20270703,0.9,0,16,800,0.06647390127182,5.257030963897705,True
20270703,0.9,0,32,666,0.0834484845399856,5.2865753173828125,True
20270703,0.9,8,1,984,0.0681771486997604,5.724143981933594,True
20270703,0.9,8,4,941,0.0821059122681617,5.8103508949279785,True
20270703,0.9,8,16,800,0.0830070078372955,5.762077808380127,True
20270703,0.9,8,32,666,0.0379185043275356,5.781432628631592,True
20270704,0.0,0,1,984,0.6881133317947388,6.39204216003418,True
20270704,0.0,0,4,941,0.0125645166262984,2.514655590057373,True
20270704,0.0,0,16,800,0.0525776743888855,1.190571427345276,True
20270704,0.0,0,32,666,0.0028733650688081,1.0162358283996582,True
20270704,0.0,8,1,984,1.235806226730347,6.297955989837647,True
20270704,0.0,8,4,941,0.0452719405293464,2.4989655017852783,True
20270704,0.0,8,16,800,0.0681586861610412,1.1853406429290771,True
20270704,0.0,8,32,666,0.0030763377435505,1.0164461135864258,True
20270704,0.25,0,1,984,0.1057005077600479,5.658788681030273,True
20270704,0.25,0,4,941,0.0235588811337947,4.869328022003174,True
20270704,0.25,0,16,800,0.0768821686506271,3.583640813827514,True
20270704,0.25,0,32,666,0.0187058355659246,3.4332315921783447,True
20270704,0.25,8,1,984,0.3115846216678619,5.528160095214844,True
20270704,0.25,8,4,941,0.1096377000212669,4.765232563018799,True
20270704,0.25,8,16,800,0.1481009721755981,3.534494638442993,True
20270704,0.25,8,32,666,0.0061013996601104,3.4040985107421875,True
20270704,0.5,0,1,984,0.0366558730602264,5.989052295684815,True
20270704,0.5,0,4,941,0.0231621619313955,4.993578433990479,True
20270704,0.5,0,16,800,0.0870520547032356,5.110997200012207,True
20270704,0.5,0,32,666,0.0193008035421371,4.2245259284973145,True
20270704,0.5,8,1,984,0.0742503553628921,5.808516502380371,True
20270704,0.5,8,4,941,0.0998645722866058,4.8809309005737305,True
20270704,0.5,8,16,800,0.1593768149614334,5.046475887298584,True
20270704,0.5,8,32,666,0.0139169441536068,4.173039436340332,True
20270704,0.9,0,1,984,0.0623006634414196,5.331582546234131,True
20270704,0.9,0,4,941,0.0161894224584102,5.397611618041992,True
20270704,0.9,0,16,800,0.0415899641811847,5.369382858276367,True
20270704,0.9,0,32,666,0.0174094140529632,5.1790056228637695,True
20270704,0.9,8,1,984,0.0412468388676643,5.198349952697754,True
20270704,0.9,8,4,941,0.0244515631347894,5.242820262908936,True
20270704,0.9,8,16,800,0.0778024271130561,5.234350681304932,True
20270704,0.9,8,32,666,0.0196718331426382,5.068250179290772,True
20270705,0.0,0,1,984,0.0313347391784191,8.577922821044922,True
20270705,0.0,0,4,941,0.0443714335560798,2.4931674003601074,True
20270705,0.0,0,16,800,0.0102993240579962,1.258491277694702,True
20270705,0.0,0,32,666,0.0337396711111068,0.9903699159622192,True
20270705,0.0,8,1,984,0.2031349837779998,8.612675666809082,True
20270705,0.0,8,4,941,0.033595971763134,2.5921545028686523,True
20270705,0.0,8,16,800,0.0188780650496482,1.2544503211975098,True
20270705,0.0,8,32,666,0.0388892814517021,0.9906958341598512,True
20270705,0.25,0,1,984,0.3470478355884552,6.382777690887451,True
20270705,0.25,0,4,941,0.1388649940490722,3.9907851219177246,True
20270705,0.25,0,16,800,0.2251267284154892,4.872864723205566,True
20270705,0.25,0,32,666,0.008529607206583,3.110598087310791,True
20270705,0.25,8,1,984,0.1828869879245758,6.438204288482666,True
20270705,0.25,8,4,941,0.1551525145769119,3.9102416038513184,True
20270705,0.25,8,16,800,0.1452819108963012,4.8291335105896,True
20270705,0.25,8,32,666,0.0140621764585375,3.0897107124328613,True
20270705,0.5,0,1,984,0.2715098261833191,6.295945167541504,True
20270705,0.5,0,4,941,0.0185145661234855,5.700818061828613,True
20270705,0.5,0,16,800,0.2180145382881164,5.75104284286499,True
20270705,0.5,0,32,666,0.0155110480263829,4.943624973297119,True
20270705,0.5,8,1,984,0.246155172586441,6.403594017028809,True
20270705,0.5,8,4,941,0.0434262976050376,5.596413612365723,True
20270705,0.5,8,16,800,0.1698133200407028,5.666858196258545,True
20270705,0.5,8,32,666,0.0301356799900531,4.884063720703125,True
20270705,0.9,0,1,984,0.1655493825674057,5.979212284088135,True
20270705,0.9,0,4,941,0.037447415292263,7.565684795379639,True
20270705,0.9,0,16,800,0.3770491778850555,7.593177318572998,True
20270705,0.9,0,32,666,0.0295099578797817,7.376683235168457,True
20270705,0.9,8,1,984,0.2342588305473327,5.917226791381836,True
20270705,0.9,8,4,941,0.1069851890206337,7.440510272979736,True
20270705,0.9,8,16,800,0.3237650394439697,7.446423053741455,True
20270705,0.9,8,32,666,0.0432310663163661,7.245876789093018,True
20270706,0.0,0,1,984,0.2390124350786209,5.585423946380615,True
20270706,0.0,0,4,941,0.1248865872621536,2.267258405685425,True
20270706,0.0,0,16,800,0.0877486988902092,1.2398319244384766,True
20270706,0.0,0,32,666,0.0056457268074154,0.9333372116088868,True
20270706,0.0,8,1,984,0.2644186019897461,5.549560546875,True
20270706,0.0,8,4,941,0.0670067965984344,2.2545228004455566,True
20270706,0.0,8,16,800,0.0941825360059738,1.2470128536224363,True
20270706,0.0,8,32,666,0.0064735813066363,0.9353844523429872,True
20270706,0.25,0,1,984,0.4935821294784546,6.518547534942627,True
20270706,0.25,0,4,941,0.1368949711322784,3.194915294647217,True
20270706,0.25,0,16,800,0.089318074285984,2.6765401363372803,True
20270706,0.25,0,32,666,0.0525687634944915,3.2435061931610107,True
20270706,0.25,8,1,984,0.6943007707595825,6.491706371307373,True
20270706,0.25,8,4,941,0.1257809698581695,3.143099784851074,True
20270706,0.25,8,16,800,0.0731281712651252,2.7048964500427246,True
20270706,0.25,8,32,666,0.1072173342108726,3.233683824539185,True
20270706,0.5,0,1,984,0.3027270138263702,6.518547534942627,True
20270706,0.5,0,4,941,0.1428819894790649,3.9313888549804688,True
20270706,0.5,0,16,800,0.0859631821513176,4.18568229675293,True
20270706,0.5,0,32,666,0.0380135998129844,5.000463962554932,True
20270706,0.5,8,1,984,0.4976453781127929,6.491706371307373,True
20270706,0.5,8,4,941,0.1686691790819168,3.881782770156861,True
20270706,0.5,8,16,800,0.0732821971178054,4.171099662780762,True
20270706,0.5,8,32,666,0.1136248260736465,4.990056037902832,True
20270706,0.9,0,1,984,0.1844972372055053,6.518547534942627,True
20270706,0.9,0,4,941,0.1146929040551185,6.518547534942627,True
20270706,0.9,0,16,800,0.0889339223504066,6.129666328430176,True
20270706,0.9,0,32,666,0.0108652990311384,6.13068151473999,True
20270706,0.9,8,1,984,0.3756178617477417,6.491706371307373,True
20270706,0.9,8,4,941,0.13208968937397,6.491706371307373,True
20270706,0.9,8,16,800,0.0880275443196296,6.104576110839844,True
20270706,0.9,8,32,666,0.0705504864454269,6.104276657104492,True
20270707,0.0,0,1,984,0.0440885126590728,4.395222187042236,True
20270707,0.0,0,4,941,0.046830266714096,2.3137047290802,True
20270707,0.0,0,16,800,0.0525369904935359,1.247372269630432,True
20270707,0.0,0,32,666,0.0046958555467426,0.9906761646270752,True
20270707,0.0,8,1,984,0.1159405261278152,4.649768829345703,True
20270707,0.0,8,4,941,0.0293481964617967,2.3080646991729736,True
20270707,0.0,8,16,800,0.075294092297554,1.2477662563323977,True
20270707,0.0,8,32,666,0.0024025756865739,0.9931371808052064,True
20270707,0.25,0,1,984,0.1940905600786209,5.191943168640137,True
20270707,0.25,0,4,941,0.018951604142785,4.504555702209473,True
20270707,0.25,0,16,800,0.1119925081729888,4.086707592010498,True
20270707,0.25,0,32,666,0.056753009557724,3.6377694606781006,True
20270707,0.25,8,1,984,0.0995080173015594,5.337037563323975,True
20270707,0.25,8,4,941,0.019483720883727,4.611337184906006,True
20270707,0.25,8,16,800,0.1007988601922988,4.120694160461426,True
20270707,0.25,8,32,666,0.0688627958297729,3.66733455657959,True
20270707,0.5,0,1,984,0.0394673682749271,5.907851696014404,True
20270707,0.5,0,4,941,0.0360756628215312,5.631504535675049,True
20270707,0.5,0,16,800,0.1139624640345573,4.816631317138672,True
20270707,0.5,0,32,666,0.1360106617212295,4.542139053344727,True
20270707,0.5,8,1,984,0.0289932452142238,6.132826328277588,True
20270707,0.5,8,4,941,0.0590297020971775,5.5893635749816895,True
20270707,0.5,8,16,800,0.1057716533541679,4.9218573570251465,True
20270707,0.5,8,32,666,0.1461050361394882,4.602114677429199,True
20270707,0.9,0,1,984,0.0225670021027326,6.036940574645996,True
20270707,0.9,0,4,941,0.0313729606568813,5.808659076690674,True
20270707,0.9,0,16,800,0.1813147366046905,5.602201461791992,True
20270707,0.9,0,32,666,0.2240475118160247,5.905556678771973,True
20270707,0.9,8,1,984,0.0287284553050994,6.246023654937744,True
20270707,0.9,8,4,941,0.0407184213399887,6.009032726287842,True
20270707,0.9,8,16,800,0.1650460213422775,5.712542533874512,True
20270707,0.9,8,32,666,0.2151319682598114,6.096405506134033,True
20270708,0.0,0,1,984,0.1728184521198272,6.471635818481445,True
20270708,0.0,0,4,941,0.1647613793611526,2.7683441638946533,True
20270708,0.0,0,16,800,0.0570931434631347,1.3689383268356323,True
20270708,0.0,0,32,666,0.0291043892502784,1.028102159500122,True
20270708,0.0,8,1,984,0.0753357410430908,6.459651470184326,True
20270708,0.0,8,4,941,0.2271051555871963,2.7928757667541504,True
20270708,0.0,8,16,800,0.0813746899366378,1.3702198266983032,True
20270708,0.0,8,32,666,0.0327639169991016,1.0237095355987549,True
20270708,0.25,0,1,984,0.0943784937262535,5.589366436004639,True
20270708,0.25,0,4,941,0.0774630010128021,4.770104885101318,True
20270708,0.25,0,16,800,0.0687738507986068,2.7317397594451904,True
20270708,0.25,0,32,666,0.1405743062496185,3.9488277435302734,True
20270708,0.25,8,1,984,0.2227012515068054,5.551544189453125,True
20270708,0.25,8,4,941,0.0878185033798217,4.880909442901611,True
20270708,0.25,8,16,800,0.073535718023777,2.762376070022583,True
20270708,0.25,8,32,666,0.0928585678339004,4.013195514678955,True
20270708,0.5,0,1,984,0.0281700063496828,5.579715251922607,True
20270708,0.5,0,4,941,0.1341013014316558,4.962762832641602,True
20270708,0.5,0,16,800,0.1195526123046875,3.759176731109619,True
20270708,0.5,0,32,666,0.2213497906923294,4.57329797744751,True
20270708,0.5,8,1,984,0.0398345589637756,5.578949451446533,True
20270708,0.5,8,4,941,0.082580953836441,5.058599948883057,True
20270708,0.5,8,16,800,0.1011478751897811,3.8426144123077393,True
20270708,0.5,8,32,666,0.1134522259235382,4.635112762451172,True
20270708,0.9,0,1,984,0.0843238160014152,6.00938081741333,True
20270708,0.9,0,4,941,0.0989692732691764,6.444880962371826,True
20270708,0.9,0,16,800,0.3749608993530273,5.669736862182617,True
20270708,0.9,0,32,666,0.3076091706752777,5.662358283996582,True
20270708,0.9,8,1,984,0.0690593495965004,6.094771385192871,True
20270708,0.9,8,4,941,0.0467936769127845,6.549341201782227,True
20270708,0.9,8,16,800,0.2942257821559906,5.777017593383789,True
20270708,0.9,8,32,666,0.1314225494861602,5.781403541564941,True
20270709,0.0,0,1,984,0.1328954845666885,5.030633926391602,True
20270709,0.0,0,4,941,0.0353308320045471,2.571542501449585,True
20270709,0.0,0,16,800,0.0070555051788687,1.236828327178955,True
20270709,0.0,0,32,666,0.0035323603078722,0.9140440821647644,True
20270709,0.0,8,1,984,0.2031030356884002,5.485718250274658,True
20270709,0.0,8,4,941,0.0251746196299791,2.636887311935425,True
20270709,0.0,8,16,800,0.009912802837789,1.2400527000427246,True
20270709,0.0,8,32,666,0.0026355586014688,0.9164916276931764,True
20270709,0.25,0,1,984,0.0957029536366462,6.537464618682861,True
20270709,0.25,0,4,941,0.0335582382977008,3.3828840255737305,True
20270709,0.25,0,16,800,0.0565651878714561,3.1033313274383545,True
20270709,0.25,0,32,666,0.0479454435408115,2.2767136096954346,True
20270709,0.25,8,1,984,0.1093237996101379,6.352680206298828,True
20270709,0.25,8,4,941,0.0126627124845981,3.984912157058716,True
20270709,0.25,8,16,800,0.0184569712728261,3.0181479454040527,True
20270709,0.25,8,32,666,0.0541288331151008,2.4651284217834477,True
20270709,0.5,0,1,984,0.0288721956312656,4.476841926574707,True
20270709,0.5,0,4,941,0.1524659097194671,4.184375286102295,True
20270709,0.5,0,16,800,0.2080736309289932,3.738726854324341,True
20270709,0.5,0,32,666,0.1262083500623703,3.174235820770264,True
20270709,0.5,8,1,984,0.0211886130273342,4.587597370147705,True
20270709,0.5,8,4,941,0.1597179472446441,4.136740207672119,True
20270709,0.5,8,16,800,0.088464617729187,3.5786688327789307,True
20270709,0.5,8,32,666,0.1649896204471588,3.0929975509643555,True
20270709,0.9,0,1,984,0.1174807697534561,5.418848037719727,True
20270709,0.9,0,4,941,0.2287569046020507,6.033484935760498,True
20270709,0.9,0,16,800,0.2650988101959228,6.318238258361816,True
20270709,0.9,0,32,666,0.2076398581266403,5.888134956359863,True
20270709,0.9,8,1,984,0.1578596532344818,5.534207344055176,True
20270709,0.9,8,4,941,0.1708706468343734,5.975537300109863,True
20270709,0.9,8,16,800,0.0912661999464035,6.11921501159668,True
20270709,0.9,8,32,666,0.3209678530693054,5.738284587860107,True
20270710,0.0,0,1,984,0.0029335797298699,6.095090866088867,True
20270710,0.0,0,4,941,0.0692069232463836,2.847114086151123,True
20270710,0.0,0,16,800,0.0130489114671945,1.2850582599639893,True
20270710,0.0,0,32,666,0.0113659426569938,1.0770673751831057,True
20270710,0.0,8,1,984,0.0060439421795308,6.072530746459961,True
20270710,0.0,8,4,941,0.0472932085394859,2.7756664752960205,True
20270710,0.0,8,16,800,0.0113774752244353,1.2888253927230835,True
20270710,0.0,8,32,666,0.0062493067234754,1.075512170791626,True
20270710,0.25,0,1,984,0.0306816790252923,5.587766170501709,True
20270710,0.25,0,4,941,0.1675566583871841,4.024666786193848,True
20270710,0.25,0,16,800,0.1927987039089203,3.4127562046051025,True
20270710,0.25,0,32,666,0.2029499560594558,2.9022223949432373,True
20270710,0.25,8,1,984,0.014814524911344,5.75612211227417,True
20270710,0.25,8,4,941,0.1220640316605568,4.051172733306885,True
20270710,0.25,8,16,800,0.1965171694755554,3.3309881687164307,True
20270710,0.25,8,32,666,0.1813334375619888,2.8203628063201904,True
20270710,0.5,0,1,984,0.048964723944664,5.469565391540527,True
20270710,0.5,0,4,941,0.5763089060783386,5.280417919158936,True
20270710,0.5,0,16,800,0.3419903814792633,4.082401752471924,True
20270710,0.5,0,32,666,0.4023034870624542,4.220211029052734,True
20270710,0.5,8,1,984,0.0655301511287689,5.464618682861328,True
20270710,0.5,8,4,941,0.4944334626197815,5.168972492218018,True
20270710,0.5,8,16,800,0.3875114917755127,3.953296184539795,True
20270710,0.5,8,32,666,0.3152972161769867,4.140405178070068,True
20270710,0.9,0,1,984,0.0511834025382995,5.433491230010986,True
20270710,0.9,0,4,941,1.1148988008499146,5.428803443908691,True
20270710,0.9,0,16,800,0.4515063464641571,5.352611064910889,True
20270710,0.9,0,32,666,0.6559810042381287,5.312431335449219,True
20270710,0.9,8,1,984,0.0262441299855709,5.178252220153809,True
20270710,0.9,8,4,941,1.0694221258163452,5.2229838371276855,True
20270710,0.9,8,16,800,0.5171678066253662,5.102955341339111,True
20270710,0.9,8,32,666,0.4323629736900329,5.16790771484375,True
20270711,0.0,0,1,984,0.1349976509809494,5.61066198348999,True
20270711,0.0,0,4,941,0.06806331127882,2.380182266235352,True
20270711,0.0,0,16,800,0.0279788430780172,1.356294870376587,True
20270711,0.0,0,32,666,0.039437286555767,0.9649262428283693,True
20270711,0.0,8,1,984,0.1725295186042785,5.646152019500732,True
20270711,0.0,8,4,941,0.0731874629855156,2.414404392242432,True
20270711,0.0,8,16,800,0.0096172261983156,1.3599908351898191,True
20270711,0.0,8,32,666,0.0556582100689411,0.964388370513916,True
20270711,0.25,0,1,984,0.1363116800785064,4.7438788414001465,True
20270711,0.25,0,4,941,0.0615697279572486,3.372167587280273,True
20270711,0.25,0,16,800,0.007962723262608,4.189468383789063,True
20270711,0.25,0,32,666,0.1122385039925575,3.609785795211792,True
20270711,0.25,8,1,984,0.1410689353942871,4.840033054351807,True
20270711,0.25,8,4,941,0.0427501201629638,3.3540291786193848,True
20270711,0.25,8,16,800,0.0188988409936428,4.148646354675293,True
20270711,0.25,8,32,666,0.1217537373304367,3.57185697555542,True
20270711,0.5,0,1,984,0.0904915705323219,5.883418560028076,True
20270711,0.5,0,4,941,0.0388105362653732,4.002121448516846,True
20270711,0.5,0,16,800,0.0234571024775505,5.252283096313477,True
20270711,0.5,0,32,666,0.1843193769454956,4.445768356323242,True
20270711,0.5,8,1,984,0.0594137534499168,5.8431077003479,True
20270711,0.5,8,4,941,0.0136275636032223,4.066290855407715,True
20270711,0.5,8,16,800,0.0312041565775871,5.188315391540527,True
20270711,0.5,8,32,666,0.183347076177597,4.39212703704834,True
20270711,0.9,0,1,984,0.0334235168993473,5.962759017944336,True
20270711,0.9,0,4,941,0.0093980338424444,5.966541290283203,True
20270711,0.9,0,16,800,0.0485301986336708,5.955839157104492,True
20270711,0.9,0,32,666,0.2893554270267486,5.965636730194092,True
20270711,0.9,8,1,984,0.049111571162939,5.89191484451294,True
20270711,0.9,8,4,941,0.0248908996582031,5.897555828094482,True
20270711,0.9,8,16,800,0.0535425320267677,6.024033069610596,True
20270711,0.9,8,32,666,0.2700888216495514,5.894168853759766,True
20270712,0.0,0,1,984,0.837171196937561,4.923022270202637,True
20270712,0.0,0,4,941,0.0814286395907402,2.1719634532928467,True
20270712,0.0,0,16,800,0.0266725700348615,1.2248234748840332,True
20270712,0.0,0,32,666,0.0108781503513455,0.9401198029518129,True
20270712,0.0,8,1,984,0.5083646178245544,5.218621730804443,True
20270712,0.0,8,4,941,0.219355821609497,2.209362030029297,True
20270712,0.0,8,16,800,0.0526931174099445,1.229660153388977,True
20270712,0.0,8,32,666,0.0134954340755939,0.9387953877449036,True
20270712,0.25,0,1,984,0.3698828816413879,4.939079284667969,True
20270712,0.25,0,4,941,0.0245583243668079,3.3861289024353027,True
20270712,0.25,0,16,800,0.0052222795784473,2.837580919265747,True
20270712,0.25,0,32,666,0.0689222738146781,2.906599998474121,True
20270712,0.25,8,1,984,0.1989629715681076,5.017636775970459,True
20270712,0.25,8,4,941,0.1097644716501236,3.365813732147217,True
20270712,0.25,8,16,800,0.0320409014821052,2.821293592453003,True
20270712,0.25,8,32,666,0.0828988701105117,2.937199592590332,True
20270712,0.5,0,1,984,0.044703621417284,5.517468929290772,True
20270712,0.5,0,4,941,0.0473979040980339,3.942889213562012,True
20270712,0.5,0,16,800,0.0192052870988845,3.6846022605896,True
20270712,0.5,0,32,666,0.1139172166585922,3.775749921798706,True
20270712,0.5,8,1,984,0.1615088731050491,5.632751941680908,True
20270712,0.5,8,4,941,0.010544029995799,3.9941563606262207,True
20270712,0.5,8,16,800,0.0580643154680728,3.56594467163086,True
20270712,0.5,8,32,666,0.1424541473388672,3.83328914642334,True
20270712,0.9,0,1,984,0.0141245424747467,5.209132194519043,True
20270712,0.9,0,4,941,0.0828780978918075,5.21131706237793,True
20270712,0.9,0,16,800,0.01222615968436,4.853442668914795,True
20270712,0.9,0,32,666,0.1758048236370086,4.719412803649902,True
20270712,0.9,8,1,984,0.0815775468945503,5.209859371185303,True
20270712,0.9,8,4,941,0.0373956970870494,5.284139633178711,True
20270712,0.9,8,16,800,0.0294517390429973,4.661868572235107,True
20270712,0.9,8,32,666,0.199200838804245,4.808526992797852,True
20270713,0.0,0,1,984,0.3433023393154144,4.402022838592529,True
20270713,0.0,0,4,941,0.0555008463561534,2.237525701522827,True
20270713,0.0,0,16,800,0.0366062894463539,1.3028168678283691,True
20270713,0.0,0,32,666,0.0365028195083141,0.968624472618103,True
20270713,0.0,8,1,984,0.2854147851467132,4.2706804275512695,True
20270713,0.0,8,4,941,0.0918206423521041,2.344313859939575,True
20270713,0.0,8,16,800,0.0379156954586505,1.305393099784851,True
20270713,0.0,8,32,666,0.0288046021014451,0.9659635424613952,True
20270713,0.25,0,1,984,0.0821432173252105,5.443505764007568,True
20270713,0.25,0,4,941,0.0490208826959133,3.846881151199341,True
20270713,0.25,0,16,800,0.0920143276453018,3.5244648456573486,True
20270713,0.25,0,32,666,0.0826750844717025,2.4554121494293213,True
20270713,0.25,8,1,984,0.0928735584020614,5.494736671447754,True
20270713,0.25,8,4,941,0.0507196485996246,3.968601942062378,True
20270713,0.25,8,16,800,0.2078798860311508,3.587249755859375,True
20270713,0.25,8,32,666,0.1350206732749939,2.497734308242798,True
20270713,0.5,0,1,984,0.0950772017240524,5.008995056152344,True
20270713,0.5,0,4,941,0.0933688431978225,3.868787288665772,True
20270713,0.5,0,16,800,0.0752017125487327,4.301859378814697,True
20270713,0.5,0,32,666,0.1192308738827705,3.5163111686706543,True
20270713,0.5,8,1,984,0.2023776769638061,4.900952339172363,True
20270713,0.5,8,4,941,0.1108366698026657,3.948221445083618,True
20270713,0.5,8,16,800,0.1877427548170089,4.16780424118042,True
20270713,0.5,8,32,666,0.220730572938919,3.58818793296814,True
20270713,0.9,0,1,984,0.1018024086952209,5.016540050506592,True
20270713,0.9,0,4,941,0.1252369880676269,4.664517879486084,True
20270713,0.9,0,16,800,0.2233547568321228,4.718416213989258,True
20270713,0.9,0,32,666,0.1187343895435333,4.919262409210205,True
20270713,0.9,8,1,984,0.1150566786527633,5.167275428771973,True
20270713,0.9,8,4,941,0.2278258800506591,4.651249885559082,True
20270713,0.9,8,16,800,0.4975462257862091,4.849774360656738,True
20270713,0.9,8,32,666,0.2963544726371765,5.053301334381104,True
20270714,0.0,0,1,984,0.0645593255758285,7.528858184814453,True
20270714,0.0,0,4,941,0.0780293121933937,2.337981700897217,True
20270714,0.0,0,16,800,0.0061445422470569,1.2661526203155518,True
20270714,0.0,0,32,666,0.0099053774029016,0.9385949969291688,True
20270714,0.0,8,1,984,0.0152666382491588,7.401552200317383,True
20270714,0.0,8,4,941,0.061233852058649,2.3218276500701904,True
20270714,0.0,8,16,800,0.0118863200768828,1.271028757095337,True
20270714,0.0,8,32,666,0.0134151531383395,0.9400869607925416,True
20270714,0.25,0,1,984,0.0605726912617683,5.665195465087891,True
20270714,0.25,0,4,941,0.0178374350070953,4.602874279022217,True
20270714,0.25,0,16,800,0.0085139721632003,3.122847557067871,True
20270714,0.25,0,32,666,0.0160360150039196,2.7012124061584477,True
20270714,0.25,8,1,984,0.0788272321224212,5.444345474243164,True
20270714,0.25,8,4,941,0.0116217229515314,4.696871757507324,True
20270714,0.25,8,16,800,0.0067392801865935,3.123727798461914,True
20270714,0.25,8,32,666,0.0078936759382486,2.7243800163269043,True
20270714,0.5,0,1,984,0.1153344511985778,5.742345333099365,True
20270714,0.5,0,4,941,0.0175811480730772,4.757493019104004,True
20270714,0.5,0,16,800,0.0170048922300338,3.759018659591675,True
20270714,0.5,0,32,666,0.0238496083766222,3.807114601135254,True
20270714,0.5,8,1,984,0.153097778558731,5.691521644592285,True
20270714,0.5,8,4,941,0.0180630981922149,4.858920097351074,True
20270714,0.5,8,16,800,0.0195217262953519,3.7965407371521,True
20270714,0.5,8,32,666,0.0117372358217835,3.857151746749878,True
20270714,0.9,0,1,984,0.0597089007496833,5.5367584228515625,True
20270714,0.9,0,4,941,0.0219010282307863,5.432743072509766,True
20270714,0.9,0,16,800,0.0243425369262695,4.4677510261535645,True
20270714,0.9,0,32,666,0.0726214498281478,5.1470561027526855,True
20270714,0.9,8,1,984,0.1160766035318374,5.51814603805542,True
20270714,0.9,8,4,941,0.0371331349015235,5.689869403839111,True
20270714,0.9,8,16,800,0.0251993406563997,4.618120670318604,True
20270714,0.9,8,32,666,0.034846231341362,5.2777509689331055,True
20270715,0.0,0,1,984,0.1531390994787216,3.82233452796936,True
20270715,0.0,0,4,941,0.0399074405431747,2.4630727767944336,True
20270715,0.0,0,16,800,0.0226624272763729,1.3936725854873655,True
20270715,0.0,0,32,666,0.0060323788784444,1.1822073459625244,True
20270715,0.0,8,1,984,0.430025577545166,3.7597320079803462,True
20270715,0.0,8,4,941,0.05131097137928,2.4431769847869877,True
20270715,0.0,8,16,800,0.0223106276243925,1.3973443508148191,True
20270715,0.0,8,32,666,0.0051623908802866,1.1857928037643433,True
20270715,0.25,0,1,984,0.1896883696317672,4.552491664886475,True
20270715,0.25,0,4,941,0.2907717525959015,4.299207210540772,True
20270715,0.25,0,16,800,0.0037068489473313,4.31796932220459,True
20270715,0.25,0,32,666,0.0143157560378313,2.8680624961853027,True
20270715,0.25,8,1,984,0.3691082596778869,4.799260139465332,True
20270715,0.25,8,4,941,0.2526921033859253,4.402913570404053,True
20270715,0.25,8,16,800,0.0058075874112546,4.274784088134766,True
20270715,0.25,8,32,666,0.009137600660324,2.826083183288574,True
20270715,0.5,0,1,984,0.1328326612710952,4.714437961578369,True
20270715,0.5,0,4,941,0.0796360000967979,5.993801116943359,True
20270715,0.5,0,16,800,0.0056920675560832,5.372311592102051,True
20270715,0.5,0,32,666,0.0176763124763965,3.8050618171691895,True
20270715,0.5,8,1,984,0.2664343118667602,4.374115467071533,True
20270715,0.5,8,4,941,0.046299185603857,5.891481876373291,True
20270715,0.5,8,16,800,0.0032771804835647,5.310894012451172,True
20270715,0.5,8,32,666,0.0077218287624418,3.755905151367188,True
20270715,0.9,0,1,984,0.1291079372167587,5.951452732086182,True
20270715,0.9,0,4,941,0.0186971873044967,5.960348606109619,True
20270715,0.9,0,16,800,0.0126469684764742,5.994390487670898,True
20270715,0.9,0,32,666,0.0163593143224716,5.4281744956970215,True
20270715,0.9,8,1,984,0.3006863594055176,5.827417373657227,True
20270715,0.9,8,4,941,0.0082026775926351,5.833486080169678,True
20270715,0.9,8,16,800,0.0044132154434919,5.873312950134277,True
20270715,0.9,8,32,666,0.0130665451288223,5.316070556640625,True
20270716,0.0,0,1,984,0.0922606140375137,4.775874137878418,True
20270716,0.0,0,4,941,0.0119538195431232,2.770977020263672,True
20270716,0.0,0,16,800,0.0171271413564682,1.3620589971542358,True
20270716,0.0,0,32,666,0.0082684224471449,0.9578632116317748,True
20270716,0.0,8,1,984,0.0921453014016151,5.118736743927002,True
20270716,0.0,8,4,941,0.0103624435141682,2.7748982906341557,True
20270716,0.0,8,16,800,0.0096875987946987,1.3611173629760742,True
20270716,0.0,8,32,666,0.0070025259628891,0.9571653008461,True
20270716,0.25,0,1,984,0.0351007543504238,4.766510963439941,True
20270716,0.25,0,4,941,0.0336511582136154,3.160024881362915,True
20270716,0.25,0,16,800,0.1792786419391632,2.2087032794952397,True
20270716,0.25,0,32,666,0.0285227559506893,2.486422300338745,True
20270716,0.25,8,1,984,0.039853636175394,4.931533336639404,True
20270716,0.25,8,4,941,0.0385069996118545,3.096232414245605,True
20270716,0.25,8,16,800,0.1957522332668304,2.21634840965271,True
20270716,0.25,8,32,666,0.0364840999245643,2.472097158432007,True
20270716,0.5,0,1,984,0.095048040151596,5.20395565032959,True
20270716,0.5,0,4,941,0.0604087635874748,4.074097633361816,True
20270716,0.5,0,16,800,0.3432451784610748,3.1584372520446777,True
20270716,0.5,0,32,666,0.0338087677955627,3.0995538234710693,True
20270716,0.5,8,1,984,0.1677242964506149,5.3753204345703125,True
20270716,0.5,8,4,941,0.0627652332186698,4.046816349029541,True
20270716,0.5,8,16,800,0.4344672262668609,3.1847310066223145,True
20270716,0.5,8,32,666,0.0485060736536979,3.120326280593872,True
20270716,0.9,0,1,984,0.0651386007666587,4.57879114151001,True
20270716,0.9,0,4,941,0.0541056059300899,4.508673191070557,True
20270716,0.9,0,16,800,0.5172816514968872,3.841301441192627,True
20270716,0.9,0,32,666,0.0675906091928482,3.9358396530151367,True
20270716,0.9,8,1,984,0.1584637463092804,4.711513519287109,True
20270716,0.9,8,4,941,0.0594368875026702,4.455543518066406,True
20270716,0.9,8,16,800,0.7158816456794739,3.988119125366211,True
20270716,0.9,8,32,666,0.099957525730133,4.165403366088867,True
20270717,0.0,0,1,984,0.7421305775642395,5.407774925231934,True
20270717,0.0,0,4,941,0.2842123210430145,2.176388740539551,True
20270717,0.0,0,16,800,0.0537936277687549,1.178291916847229,True
20270717,0.0,0,32,666,0.0389391109347343,0.9949026107788086,True
20270717,0.0,8,1,984,0.8268724679946899,5.538657188415527,True
20270717,0.0,8,4,941,0.2628373205661773,2.176912307739258,True
20270717,0.0,8,16,800,0.0548791401088237,1.169716715812683,True
20270717,0.0,8,32,666,0.0369729772210121,0.996799111366272,True
20270717,0.25,0,1,984,1.554304838180542,5.35578203201294,True
20270717,0.25,0,4,941,0.2473795711994171,3.991434097290039,True
20270717,0.25,0,16,800,0.5106762051582336,2.531334161758423,True
20270717,0.25,0,32,666,0.1689212024211883,2.826959609985352,True
20270717,0.25,8,1,984,3.2346553802490234,5.405925273895264,True
20270717,0.25,8,4,941,0.2184287905693054,3.439073085784912,True
20270717,0.25,8,16,800,0.3118855357170105,2.537318706512451,True
20270717,0.25,8,32,666,0.3537708222866058,2.835448741912842,True
20270717,0.5,0,1,984,2.699608087539673,6.051737308502197,True
20270717,0.5,0,4,941,0.1275488436222076,4.170247077941895,True
20270717,0.5,0,16,800,1.631870985031128,3.218129396438598,True
20270717,0.5,0,32,666,0.3102976083755493,3.653647184371948,True
20270717,0.5,8,1,984,4.557175159454346,6.21939754486084,True
20270717,0.5,8,4,941,0.0713327527046203,3.5431642532348637,True
20270717,0.5,8,16,800,1.1345869302749634,3.263078212738037,True
20270717,0.5,8,32,666,0.7106389999389648,3.69275426864624,True
20270717,0.9,0,1,984,1.4568272829055786,5.233537673950195,True
20270717,0.9,0,4,941,0.9447581768035888,5.299742698669434,True
20270717,0.9,0,16,800,2.7830936908721924,5.330480098724365,True
20270717,0.9,0,32,666,0.3591586947441101,5.125593185424805,True
20270717,0.9,8,1,984,2.6134886741638184,5.364192485809326,True
20270717,0.9,8,4,941,0.4916529059410095,5.452096462249756,True
20270717,0.9,8,16,800,2.1266849040985107,5.473546981811523,True
20270717,0.9,8,32,666,0.8866620063781738,5.246358871459961,True
20270718,0.0,0,1,984,0.1127875074744224,6.882190704345703,True
20270718,0.0,0,4,941,0.2332958281040191,2.4753222465515137,True
20270718,0.0,0,16,800,0.0119895813986659,1.42730975151062,True
20270718,0.0,0,32,666,0.0031371233053505,1.0648396015167236,True
20270718,0.0,8,1,984,0.1249255388975143,6.918774604797363,True
20270718,0.0,8,4,941,0.308888167142868,2.5109505653381348,True
20270718,0.0,8,16,800,0.0109649738296866,1.422634482383728,True
20270718,0.0,8,32,666,0.0022930200211703,1.0642515420913696,True
20270718,0.25,0,1,984,0.1497772932052612,7.800882816314697,True
20270718,0.25,0,4,941,0.4074467122554779,3.341722249984741,True
20270718,0.25,0,16,800,0.0434777177870273,2.728222131729126,True
20270718,0.25,0,32,666,0.1241046041250228,2.549440622329712,True
20270718,0.25,8,1,984,0.1114574074745178,8.042055130004883,True
20270718,0.25,8,4,941,0.4233647584915161,3.331031560897827,True
20270718,0.25,8,16,800,0.0503056272864341,2.740809440612793,True
20270718,0.25,8,32,666,0.0908634662628173,2.584841251373291,True
20270718,0.5,0,1,984,0.5061905384063721,4.924469470977783,True
20270718,0.5,0,4,941,0.3490066528320312,3.694691896438599,True
20270718,0.5,0,16,800,0.0578595213592052,3.543382167816162,True
20270718,0.5,0,32,666,0.2297457605600357,3.3260693550109863,True
20270718,0.5,8,1,984,0.2929370701313019,5.062995910644531,True
20270718,0.5,8,4,941,0.2852901220321655,3.7614378929138175,True
20270718,0.5,8,16,800,0.0777543038129806,3.65269947052002,True
20270718,0.5,8,32,666,0.1705896556377411,3.410888671875,True
20270718,0.9,0,1,984,0.4997556805610657,4.809567451477051,True
20270718,0.9,0,4,941,0.3180401623249054,4.399138450622559,True
20270718,0.9,0,16,800,0.0799965411424636,4.599964141845703,True
20270718,0.9,0,32,666,0.404420405626297,4.5885210037231445,True
20270718,0.9,8,1,984,0.3797903656959533,4.951550960540772,True
20270718,0.9,8,4,941,0.3157797455787658,4.391520977020264,True
20270718,0.9,8,16,800,0.1257716566324234,4.7046427726745605,True
20270718,0.9,8,32,666,0.2800159156322479,4.708156585693359,True
20270719,0.0,0,1,984,0.3862494528293609,5.963980674743652,True
20270719,0.0,0,4,941,0.0279326010495424,2.3088457584381104,True
20270719,0.0,0,16,800,0.0450427457690238,1.4762766361236572,True
20270719,0.0,0,32,666,0.0095272539183497,0.9558091163635254,True
20270719,0.0,8,1,984,0.3363106250762939,6.347116470336914,True
20270719,0.0,8,4,941,0.0406326130032539,2.2996950149536133,True
20270719,0.0,8,16,800,0.0316800996661186,1.470606803894043,True
20270719,0.0,8,32,666,0.0145224519073963,0.9574912786483764,True
20270719,0.25,0,1,984,0.4899485111236572,4.347676753997803,True
20270719,0.25,0,4,941,0.2874815762042999,3.3865699768066406,True
20270719,0.25,0,16,800,0.1124244481325149,2.90556001663208,True
20270719,0.25,0,32,666,0.0089127821847796,3.2999541759490967,True
20270719,0.25,8,1,984,0.4714621901512146,4.338484287261963,True
20270719,0.25,8,4,941,0.2938019931316376,3.3725311756134038,True
20270719,0.25,8,16,800,0.1062568873167038,2.910944700241089,True
20270719,0.25,8,32,666,0.0088010737672448,3.3022713661193848,True
20270719,0.5,0,1,984,0.3946371674537658,4.574346542358398,True
20270719,0.5,0,4,941,0.1707842648029327,3.4335384368896484,True
20270719,0.5,0,16,800,0.1089628040790557,3.402575254440308,True
20270719,0.5,0,32,666,0.0206774696707725,3.369476318359375,True
20270719,0.5,8,1,984,0.3619305789470672,4.653219223022461,True
20270719,0.5,8,4,941,0.151492953300476,3.353100061416626,True
20270719,0.5,8,16,800,0.1241883113980293,3.385578155517578,True
20270719,0.5,8,32,666,0.0171491559594869,3.3751120567321777,True
20270719,0.9,0,1,984,0.4268503189086914,4.8152618408203125,True
20270719,0.9,0,4,941,0.1724527329206466,5.00230598449707,True
20270719,0.9,0,16,800,0.1752310395240783,3.956204891204834,True
20270719,0.9,0,32,666,0.0562887489795684,3.882187604904175,True
20270719,0.9,8,1,984,0.7823472619056702,4.907506465911865,True
20270719,0.9,8,4,941,0.2069545984268188,5.11439323425293,True
20270719,0.9,8,16,800,0.1911270022392273,3.955733776092529,True
20270719,0.9,8,32,666,0.0555822923779487,3.864490270614624,True
20270720,0.0,0,1,984,0.297058641910553,6.17902946472168,True
20270720,0.0,0,4,941,0.2323295474052429,2.5608699321746826,True
20270720,0.0,0,16,800,0.0447316467761993,1.2265230417251587,True
20270720,0.0,0,32,666,0.0190170090645551,1.06066632270813,True
20270720,0.0,8,1,984,0.4080917835235595,5.415083408355713,True
20270720,0.0,8,4,941,0.2268453240394592,2.645071506500244,True
20270720,0.0,8,16,800,0.0928812250494957,1.226560115814209,True
20270720,0.0,8,32,666,0.0248483717441558,1.0606390237808228,True
20270720,0.25,0,1,984,0.0365957543253898,5.475149154663086,True
20270720,0.25,0,4,941,0.0165579803287982,3.5733933448791504,True
20270720,0.25,0,16,800,0.0506181195378303,3.8919014930725098,True
20270720,0.25,0,32,666,0.0324100255966186,3.0805153846740723,True
20270720,0.25,8,1,984,0.0356366820633411,5.574578285217285,True
20270720,0.25,8,4,941,0.0791709944605827,3.5634026527404785,True
20270720,0.25,8,16,800,0.0293009020388126,3.86983323097229,True
20270720,0.25,8,32,666,0.0218612719327211,3.1288106441497803,True
20270720,0.5,0,1,984,0.1081623136997222,6.625880718231201,True
20270720,0.5,0,4,941,0.083365686237812,4.017760276794434,True
20270720,0.5,0,16,800,0.0219855699688196,4.972721099853516,True
20270720,0.5,0,32,666,0.0820425078272819,4.830935955047607,True
20270720,0.5,8,1,984,0.1134534627199173,6.694119930267334,True
20270720,0.5,8,4,941,0.3426908552646637,4.351677894592285,True
20270720,0.5,8,16,800,0.0232911612838506,4.944736480712891,True
20270720,0.5,8,32,666,0.0590823851525783,4.836297512054443,True
20270720,0.9,0,1,984,0.0635541379451751,6.488056659698486,True
20270720,0.9,0,4,941,0.152480810880661,6.500998973846436,True
20270720,0.9,0,16,800,0.0662029311060905,6.1701250076293945,True
20270720,0.9,0,32,666,0.1351183354854583,5.9071550369262695,True
20270720,0.9,8,1,984,0.0518219172954559,6.414083003997803,True
20270720,0.9,8,4,941,0.3824158310890198,6.46574592590332,True
20270720,0.9,8,16,800,0.0511804595589637,6.114570617675781,True
20270720,0.9,8,32,666,0.0980032309889793,5.868770599365234,True
20270721,0.0,0,1,984,0.1949611157178878,6.464576721191406,True
20270721,0.0,0,4,941,0.1261157989501953,3.4500088691711426,True
20270721,0.0,0,16,800,0.0969436392188072,1.2733519077301023,True
20270721,0.0,0,32,666,0.0093688871711492,0.9592331647872924,True
20270721,0.0,8,1,984,0.1699523627758026,6.539628982543945,True
20270721,0.0,8,4,941,0.1316777467727661,3.4700989723205566,True
20270721,0.0,8,16,800,0.0893898159265518,1.2731528282165527,True
20270721,0.0,8,32,666,0.0114445071667432,0.9613326787948608,True
20270721,0.25,0,1,984,0.8347841501235962,9.698777198791504,True
20270721,0.25,0,4,941,0.0638712719082832,5.123503684997559,True
20270721,0.25,0,16,800,0.0490316003561019,4.37888765335083,True
20270721,0.25,0,32,666,0.0189836677163839,4.243144035339356,True
20270721,0.25,8,1,984,0.3997760415077209,9.568771362304688,True
20270721,0.25,8,4,941,0.0284207426011562,4.834466934204102,True
20270721,0.25,8,16,800,0.0560377389192581,4.257787704467773,True
20270721,0.25,8,32,666,0.0313056148588657,4.165011882781982,True
20270721,0.5,0,1,984,1.3711137771606443,9.262981414794922,True
20270721,0.5,0,4,941,0.0419385656714439,5.056949138641357,True
20270721,0.5,0,16,800,0.0085115851834416,6.044942378997803,True
20270721,0.5,0,32,666,0.0703039467334747,6.575643539428711,True
20270721,0.5,8,1,984,0.7179245352745056,8.74959659576416,True
20270721,0.5,8,4,941,0.0530887991189956,4.981064796447754,True
20270721,0.5,8,16,800,0.0126139214262366,5.848176956176758,True
20270721,0.5,8,32,666,0.0888944864273071,6.37497091293335,True
20270721,0.9,0,1,984,0.4309273362159729,9.396385192871094,True
20270721,0.9,0,4,941,0.0333854667842388,8.52532958984375,True
20270721,0.9,0,16,800,0.0506700724363327,8.796874046325684,True
20270721,0.9,0,32,666,0.1089149489998817,8.285737991333008,True
20270721,0.9,8,1,984,0.3262835741043091,8.806580543518066,True
20270721,0.9,8,4,941,0.0747610107064247,8.08256721496582,True
20270721,0.9,8,16,800,0.0685010403394699,8.356368064880371,True
20270721,0.9,8,32,666,0.1402007788419723,7.882826805114746,True
20270722,0.0,0,1,984,0.0512020140886306,5.144558906555176,True
20270722,0.0,0,4,941,0.0228260457515716,2.350939512252808,True
20270722,0.0,0,16,800,0.028242802247405,1.2041537761688232,True
20270722,0.0,0,32,666,0.0065758610144257,1.0854403972625732,True
20270722,0.0,8,1,984,0.043198823928833,5.257389545440674,True
20270722,0.0,8,4,941,0.0368241965770721,2.383979558944702,True
20270722,0.0,8,16,800,0.0643475502729415,1.204770803451538,True
20270722,0.0,8,32,666,0.0057443333789706,1.0863492488861084,True
20270722,0.25,0,1,984,0.040122851729393,9.236228942871094,True
20270722,0.25,0,4,941,0.0354783236980438,7.51113224029541,True
20270722,0.25,0,16,800,0.0434169173240661,5.188973426818848,True
20270722,0.25,0,32,666,0.0461246259510517,4.017470359802246,True
20270722,0.25,8,1,984,0.0509350337088108,9.580007553100586,True
20270722,0.25,8,4,941,0.0181922484189271,7.541980266571045,True
20270722,0.25,8,16,800,0.0150522505864501,5.189578056335449,True
20270722,0.25,8,32,666,0.0798705220222473,4.026564598083496,True
20270722,0.5,0,1,984,0.0845998004078865,9.659173011779783,True
20270722,0.5,0,4,941,0.0414826646447181,7.299946308135986,True
20270722,0.5,0,16,800,0.0758348703384399,7.551496982574463,True
20270722,0.5,0,32,666,0.0710310861468315,6.445870876312256,True
20270722,0.5,8,1,984,0.0942316204309463,9.749969482421877,True
20270722,0.5,8,4,941,0.1036355197429657,7.266860485076904,True
20270722,0.5,8,16,800,0.0194260533899068,7.560096740722656,True
20270722,0.5,8,32,666,0.1313681751489639,6.476916790008545,True
20270722,0.9,0,1,984,0.0545744411647319,9.924871444702148,True
20270722,0.9,0,4,941,0.2226497679948806,9.964438438415527,True
20270722,0.9,0,16,800,0.2011681646108627,9.385358810424805,True
20270722,0.9,0,32,666,0.1020640581846237,9.112752914428713,True
20270722,0.9,8,1,984,0.0924763828516006,9.87745761871338,True
20270722,0.9,8,4,941,0.5618720650672913,9.938124656677246,True
20270722,0.9,8,16,800,0.0735879838466644,9.397931098937988,True
20270722,0.9,8,32,666,0.2196707278490066,9.124446868896484,True
20270723,0.0,0,1,984,0.0525294989347457,6.904481410980225,True
20270723,0.0,0,4,941,0.076808176934719,2.7708137035369877,True
20270723,0.0,0,16,800,0.0163831412792205,1.2355772256851196,True
20270723,0.0,0,32,666,0.0037283226847648,1.0371719598770142,True
20270723,0.0,8,1,984,0.021523093804717,6.975075721740723,True
20270723,0.0,8,4,941,0.0833171606063842,2.786242246627808,True
20270723,0.0,8,16,800,0.0210906695574522,1.2359007596969604,True
20270723,0.0,8,32,666,0.0037565734237432,1.037498116493225,True
20270723,0.25,0,1,984,0.362710952758789,7.374433040618896,True
20270723,0.25,0,4,941,0.0460112653672695,5.794836521148682,True
20270723,0.25,0,16,800,0.0516549609601497,2.8449647426605225,True
20270723,0.25,0,32,666,0.0151023939251899,2.1659390926361084,True
20270723,0.25,8,1,984,0.5089864730834961,7.454903602600098,True
20270723,0.25,8,4,941,0.0280343983322381,5.7320942878723145,True
20270723,0.25,8,16,800,0.0770324021577835,2.901824951171875,True
20270723,0.25,8,32,666,0.0188822727650403,2.1363089084625244,True
20270723,0.5,0,1,984,0.2943635582923889,7.281162738800049,True
20270723,0.5,0,4,941,0.3063613176345825,7.426784992218018,True
20270723,0.5,0,16,800,0.1355489641427993,3.4257662296295166,True
20270723,0.5,0,32,666,0.0206468813121318,4.069726943969727,True
20270723,0.5,8,1,984,0.3333086967468261,7.291669368743896,True
20270723,0.5,8,4,941,0.2833389639854431,7.337850570678711,True
20270723,0.5,8,16,800,0.1445600092411041,3.4939324855804443,True
20270723,0.5,8,32,666,0.0240091122686862,4.121348857879639,True
20270723,0.9,0,1,984,0.4203331768512726,7.516822814941406,True
20270723,0.9,0,4,941,0.3072753548622131,7.502080917358398,True
20270723,0.9,0,16,800,0.4261021018028259,4.835874080657959,True
20270723,0.9,0,32,666,0.0389903709292411,4.960153579711914,True
20270723,0.9,8,1,984,0.5398159027099609,7.466245174407959,True
20270723,0.9,8,4,941,0.3153466582298279,7.41282844543457,True
20270723,0.9,8,16,800,0.4745215177536011,4.942978382110596,True
20270723,0.9,8,32,666,0.0495291911065578,5.072091579437256,True
20270724,0.0,0,1,984,0.4704372584819793,4.972310543060303,True
20270724,0.0,0,4,941,0.1276845186948776,2.363736867904663,True
20270724,0.0,0,16,800,0.0069792242720723,1.134538650512695,True
20270724,0.0,0,32,666,0.0138077270239591,0.956822395324707,True
20270724,0.0,8,1,984,0.7603919506072998,4.934222221374512,True
20270724,0.0,8,4,941,0.0675343051552772,2.364729166030884,True
20270724,0.0,8,16,800,0.0036305340472608,1.132865071296692,True
20270724,0.0,8,32,666,0.0083872396498918,0.9558820724487304,True
20270724,0.25,0,1,984,0.2290892302989959,5.117945194244385,True
20270724,0.25,0,4,941,0.0305529441684484,3.9934279918670654,True
20270724,0.25,0,16,800,0.0703171640634536,3.6634981632232666,True
20270724,0.25,0,32,666,0.0064333397895097,2.3883299827575684,True
20270724,0.25,8,1,984,0.2070755064487457,4.638876438140869,True
20270724,0.25,8,4,941,0.0287320967763662,3.987229585647583,True
20270724,0.25,8,16,800,0.1168999224901199,3.660834312438965,True
20270724,0.25,8,32,666,0.0039061293937265,2.4117610454559326,True
20270724,0.5,0,1,984,0.1677915006875991,4.9716572761535645,True
20270724,0.5,0,4,941,0.0653922781348228,4.708866119384766,True
20270724,0.5,0,16,800,0.1128452569246292,3.831825017929077,True
20270724,0.5,0,32,666,0.008890189230442,3.37282133102417,True
20270724,0.5,8,1,984,0.1996064037084579,4.615096569061279,True
20270724,0.5,8,4,941,0.0588104352355003,4.725709438323975,True
20270724,0.5,8,16,800,0.2168249785900116,3.819007396697998,True
20270724,0.5,8,32,666,0.0043912529945373,3.362802028656006,True
20270724,0.9,0,1,984,0.1604471206665039,4.970126628875732,True
20270724,0.9,0,4,941,0.0770314931869506,4.604607582092285,True
20270724,0.9,0,16,800,0.1460307240486145,4.187669277191162,True
20270724,0.9,0,32,666,0.0296608880162239,3.9733901023864746,True
20270724,0.9,8,1,984,0.0126126622781157,4.653713703155518,True
20270724,0.9,8,4,941,0.0517011694610118,4.644124031066895,True
20270724,0.9,8,16,800,0.3046199083328247,4.154720306396484,True
20270724,0.9,8,32,666,0.014737824909389,3.9401988983154297,True
20270725,0.0,0,1,984,0.0528464950621128,6.5828375816345215,True
20270725,0.0,0,4,941,0.0704771131277084,2.394176721572876,True
20270725,0.0,0,16,800,0.0324156992137432,1.384283185005188,True
20270725,0.0,0,32,666,0.0015182240167632,0.8838675022125244,True
20270725,0.0,8,1,984,0.0314612723886966,6.676328659057617,True
20270725,0.0,8,4,941,0.1490835398435592,2.440859079360962,True
20270725,0.0,8,16,800,0.0246461760252714,1.3772728443145752,True
20270725,0.0,8,32,666,0.0015517038991674,0.8811843395233154,True
20270725,0.25,0,1,984,0.0929011926054954,7.068257808685303,True
20270725,0.25,0,4,941,0.0711273699998855,4.089915752410889,True
20270725,0.25,0,16,800,0.3560556173324585,4.668418884277344,True
20270725,0.25,0,32,666,0.2215656042098999,4.831686973571777,True
20270725,0.25,8,1,984,0.0534960143268108,7.027721405029297,True
20270725,0.25,8,4,941,0.0416470654308795,4.097491264343262,True
20270725,0.25,8,16,800,0.4721617996692657,4.666631698608398,True
20270725,0.25,8,32,666,0.2329695075750351,4.799113750457764,True
20270725,0.5,0,1,984,0.0934837460517883,7.144417762756348,True
20270725,0.5,0,4,941,0.1820509135723114,5.508809566497803,True
20270725,0.5,0,16,800,0.6840782761573792,6.79845666885376,True
20270725,0.5,0,32,666,0.3081261217594147,6.155178070068359,True
20270725,0.5,8,1,984,0.2127381563186645,7.033796310424805,True
20270725,0.5,8,4,941,0.0703473985195159,5.473791599273682,True
20270725,0.5,8,16,800,0.8901351094245911,6.754922389984131,True
20270725,0.5,8,32,666,0.3628434836864471,6.13084602355957,True
20270725,0.9,0,1,984,0.0355874747037887,7.121216297149658,True
20270725,0.9,0,4,941,0.1339989602565765,6.747287273406982,True
20270725,0.9,0,16,800,1.3969669342041016,7.129828453063965,True
20270725,0.9,0,32,666,0.6154748201370239,6.780888080596924,True
20270725,0.9,8,1,984,0.0506697110831737,7.027602672576904,True
20270725,0.9,8,4,941,0.0782630816102027,6.746367931365967,True
20270725,0.9,8,16,800,1.810652732849121,7.038924217224121,True
20270725,0.9,8,32,666,0.7552618980407715,6.758530616760254,True
20270726,0.0,0,1,984,0.2377606630325317,5.001582145690918,True
20270726,0.0,0,4,941,0.0183311961591243,1.9635400772094729,True
20270726,0.0,0,16,800,0.0379087999463081,1.4521822929382324,True
20270726,0.0,0,32,666,0.0035263104364275,0.9768513441085817,True
20270726,0.0,8,1,984,0.1671467721462249,4.528987407684326,True
20270726,0.0,8,4,941,0.0205548182129859,1.9737390279769895,True
20270726,0.0,8,16,800,0.0328626185655593,1.4348225593566897,True
20270726,0.0,8,32,666,0.003531299997121,0.9774137139320374,True
20270726,0.25,0,1,984,0.994653046131134,4.826121330261231,True
20270726,0.25,0,4,941,0.0235452018678188,3.5346920490264893,True
20270726,0.25,0,16,800,0.0392691679298877,2.784176111221313,True
20270726,0.25,0,32,666,0.082878440618515,2.484600067138672,True
20270726,0.25,8,1,984,0.8867241144180298,4.889384746551514,True
20270726,0.25,8,4,941,0.0263090208172798,3.830400228500366,True
20270726,0.25,8,16,800,0.0570054315030574,2.72546648979187,True
20270726,0.25,8,32,666,0.1503627002239227,2.426597595214844,True
20270726,0.5,0,1,984,0.6632776260375977,4.79893970489502,True
20270726,0.5,0,4,941,0.0536152608692646,3.838400840759277,True
20270726,0.5,0,16,800,0.107778325676918,3.3081746101379395,True
20270726,0.5,0,32,666,0.1585619449615478,3.4727468490600586,True
20270726,0.5,8,1,984,0.4593445062637329,4.674599647521973,True
20270726,0.5,8,4,941,0.0793482735753059,4.062258720397949,True
20270726,0.5,8,16,800,0.1284792572259903,3.4558608531951904,True
20270726,0.5,8,32,666,0.2849670052528381,3.3512072563171387,True
20270726,0.9,0,1,984,0.5526139140129089,4.840633869171143,True
20270726,0.9,0,4,941,0.1378373056650161,4.762620449066162,True
20270726,0.9,0,16,800,0.2633013129234314,4.838405609130859,True
20270726,0.9,0,32,666,0.2115972340106964,4.438705921173096,True
20270726,0.9,8,1,984,0.3585200905799866,4.732387065887451,True
20270726,0.9,8,4,941,0.1614000797271728,4.681323528289795,True
20270726,0.9,8,16,800,0.2770044207572937,4.767862796783447,True
20270726,0.9,8,32,666,0.412180632352829,4.2819342613220215,True
20270727,0.0,0,1,984,0.038107942789793,5.483067512512207,True
20270727,0.0,0,4,941,0.0191421061754226,2.671249866485596,True
20270727,0.0,0,16,800,0.0058584562502801,1.212238311767578,True
20270727,0.0,0,32,666,0.0116521194577217,1.003526210784912,True
20270727,0.0,8,1,984,0.0677379146218299,5.434741973876953,True
20270727,0.0,8,4,941,0.0172362737357616,2.686728477478028,True
20270727,0.0,8,16,800,0.0024464125744998,1.219757914543152,True
20270727,0.0,8,32,666,0.0106522953137755,1.0021843910217283,True
20270727,0.25,0,1,984,0.0065060094930231,6.662684440612793,True
20270727,0.25,0,4,941,0.2361038327217102,6.207576274871826,True
20270727,0.25,0,16,800,0.0174143463373184,4.549829006195068,True
20270727,0.25,0,32,666,0.1836167275905609,3.252828598022461,True
20270727,0.25,8,1,984,0.0073108854703605,6.698047161102295,True
20270727,0.25,8,4,941,0.2190102636814117,6.256374359130859,True
20270727,0.25,8,16,800,0.0253368318080902,4.547538757324219,True
20270727,0.25,8,32,666,0.1287028342485427,3.251063823699951,True
20270727,0.5,0,1,984,0.050190083682537,6.894375324249268,True
20270727,0.5,0,4,941,0.4371209740638733,6.275960922241211,True
20270727,0.5,0,16,800,0.0436086878180503,4.905615329742432,True
20270727,0.5,0,32,666,0.199069082736969,4.600695610046387,True
20270727,0.5,8,1,984,0.0695925205945968,6.917017459869385,True
20270727,0.5,8,4,941,0.3690078258514404,6.305609703063965,True
20270727,0.5,8,16,800,0.0240940991789102,4.876636981964111,True
20270727,0.5,8,32,666,0.1247483715415,4.579990386962891,True
20270727,0.9,0,1,984,0.0692414566874504,6.365092754364014,True
20270727,0.9,0,4,941,0.3505803644657135,6.350531101226807,True
20270727,0.9,0,16,800,0.033405601978302,6.071735382080078,True
20270727,0.9,0,32,666,0.1889970004558563,6.237061500549316,True
20270727,0.9,8,1,984,0.0933338850736618,6.210598468780518,True
20270727,0.9,8,4,941,0.1938957124948501,6.219884395599365,True
20270727,0.9,8,16,800,0.0234734378755092,6.127871990203857,True
20270727,0.9,8,32,666,0.2665673792362213,6.206202507019043,True
20270728,0.0,0,1,984,0.0122562637552618,7.024400234222412,True
20270728,0.0,0,4,941,0.0229645986109972,2.3739092350006104,True
20270728,0.0,0,16,800,0.0303672906011343,1.3601431846618652,True
20270728,0.0,0,32,666,0.0175159834325313,0.9053403735160828,True
20270728,0.0,8,1,984,0.0118544399738311,7.380865097045898,True
20270728,0.0,8,4,941,0.0417510345578193,2.3966612815856934,True
20270728,0.0,8,16,800,0.0349604003131389,1.358468770980835,True
20270728,0.0,8,32,666,0.0134241580963134,0.9034247398376464,True
20270728,0.25,0,1,984,0.241146981716156,6.467865467071533,True
20270728,0.25,0,4,941,0.0150503236800432,2.7600598335266118,True
20270728,0.25,0,16,800,0.0324255116283893,2.7347841262817383,True
20270728,0.25,0,32,666,0.0595128983259201,3.020226001739502,True
20270728,0.25,8,1,984,0.8305947780609131,6.554149627685547,True
20270728,0.25,8,4,941,0.0392592176795005,2.7428431510925293,True
20270728,0.25,8,16,800,0.0247208811342716,2.722780466079712,True
20270728,0.25,8,32,666,0.0569080300629138,3.01273250579834,True
20270728,0.5,0,1,984,0.1999976336956024,5.683474063873291,True
20270728,0.5,0,4,941,0.0515804328024387,5.438771724700928,True
20270728,0.5,0,16,800,0.0257311183959245,3.0175554752349854,True
20270728,0.5,0,32,666,0.0892373472452163,4.00256872177124,True
20270728,0.5,8,1,984,0.5920758843421936,5.866795539855957,True
20270728,0.5,8,4,941,0.0204951614141464,5.409514904022217,True
20270728,0.5,8,16,800,0.0222916230559349,2.998187780380249,True
20270728,0.5,8,32,666,0.0997536703944206,3.9828097820281982,True
20270728,0.9,0,1,984,0.0792208313941955,5.366681098937988,True
20270728,0.9,0,4,941,0.0263134706765413,5.35181999206543,True
20270728,0.9,0,16,800,0.026677394285798,5.211264133453369,True
20270728,0.9,0,32,666,0.1254865825176239,5.01886510848999,True
20270728,0.9,8,1,984,0.2610937356948852,5.32475471496582,True
20270728,0.9,8,4,941,0.0129209700971841,5.351685523986816,True
20270728,0.9,8,16,800,0.0290022082626819,5.265420436859131,True
20270728,0.9,8,32,666,0.1433999836444854,5.042792797088623,True
20270729,0.0,0,1,984,0.2895631790161133,5.400017738342285,True
20270729,0.0,0,4,941,0.012722679413855,2.461587905883789,True
20270729,0.0,0,16,800,0.0074188690632581,1.174124240875244,True
20270729,0.0,0,32,666,0.0043385182507336,1.015687346458435,True
20270729,0.0,8,1,984,0.3991735577583313,5.3483710289001465,True
20270729,0.0,8,4,941,0.0147110521793365,2.4930362701416016,True
20270729,0.0,8,16,800,0.009993907995522,1.161424160003662,True
20270729,0.0,8,32,666,0.0039105080068111,1.008950114250183,True
20270729,0.25,0,1,984,0.0270886644721031,5.806204795837402,True
20270729,0.25,0,4,941,0.0235974043607711,2.8927390575408936,True
20270729,0.25,0,16,800,0.0604361295700073,3.717758655548096,True
20270729,0.25,0,32,666,0.0550077743828296,3.0402188301086426,True
20270729,0.25,8,1,984,0.0387227311730384,5.597479820251465,True
20270729,0.25,8,4,941,0.0232676640152931,2.9664382934570312,True
20270729,0.25,8,16,800,0.0518112145364284,3.647343158721924,True
20270729,0.25,8,32,666,0.1115894243121147,2.832789182662964,True
20270729,0.5,0,1,984,0.0827408581972122,5.832320690155029,True
20270729,0.5,0,4,941,0.051625732332468,4.362139701843262,True
20270729,0.5,0,16,800,0.1267302632331848,4.571726799011231,True
20270729,0.5,0,32,666,0.0553592815995216,4.289168357849121,True
20270729,0.5,8,1,984,0.0507568642497062,5.6895952224731445,True
20270729,0.5,8,4,941,0.0442920289933681,4.2938103675842285,True
20270729,0.5,8,16,800,0.1055911257863044,4.160614490509033,True
20270729,0.5,8,32,666,0.1137001365423202,3.9195261001586914,True
20270729,0.9,0,1,984,0.0699620097875595,6.038362979888916,True
20270729,0.9,0,4,941,0.1307260692119598,6.087266445159912,True
20270729,0.9,0,16,800,0.2298154085874557,5.663135051727295,True
20270729,0.9,0,32,666,0.0996365994215011,5.673460006713867,True
20270729,0.9,8,1,984,0.041390523314476,5.26715087890625,True
20270729,0.9,8,4,941,0.0779456794261932,5.456909656524658,True
20270729,0.9,8,16,800,0.2065447866916656,5.405813217163086,True
20270729,0.9,8,32,666,0.1879882663488388,4.968928337097168,True
20270730,0.0,0,1,984,0.6768825054168701,6.695841312408447,True
20270730,0.0,0,4,941,0.0351331159472465,2.0907444953918457,True
20270730,0.0,0,16,800,0.009657735005021,1.2845057249069214,True
20270730,0.0,0,32,666,0.0369760431349277,0.9841848015785216,True
20270730,0.0,8,1,984,1.2099087238311768,6.751693248748779,True
20270730,0.0,8,4,941,0.0394341684877872,2.110382556915283,True
20270730,0.0,8,16,800,0.0103253684937953,1.287327527999878,True
20270730,0.0,8,32,666,0.0490169711410999,0.9820379614830016,True
20270730,0.25,0,1,984,0.3288180232048034,6.834868907928467,True
20270730,0.25,0,4,941,0.0396661944687366,3.733317613601685,True
20270730,0.25,0,16,800,0.1166424676775932,2.088306665420532,True
20270730,0.25,0,32,666,0.138412669301033,2.469612836837769,True
20270730,0.25,8,1,984,0.3742586970329284,6.735776901245117,True
20270730,0.25,8,4,941,0.0382621586322784,3.7047488689422607,True
20270730,0.25,8,16,800,0.1156818866729736,2.091360330581665,True
20270730,0.25,8,32,666,0.0820145532488823,2.474196434020996,True
20270730,0.5,0,1,984,0.101314976811409,6.719321250915527,True
20270730,0.5,0,4,941,0.0356836766004562,4.045471668243408,True
20270730,0.5,0,16,800,0.2138012200593948,3.0040183067321777,True
20270730,0.5,0,32,666,0.2576473355293274,3.1862664222717285,True
20270730,0.5,8,1,984,0.1567738950252533,6.472192287445068,True
20270730,0.5,8,4,941,0.0371768362820148,4.032083511352539,True
20270730,0.5,8,16,800,0.1998829543590545,3.00334906578064,True
20270730,0.5,8,32,666,0.1520984172821045,3.182400703430176,True
20270730,0.9,0,1,984,0.0432103127241134,5.088472366333008,True
20270730,0.9,0,4,941,0.1333453506231308,4.118570327758789,True
20270730,0.9,0,16,800,0.2736451327800751,5.010318279266357,True
20270730,0.9,0,32,666,0.4352909922599792,4.042132377624512,True
20270730,0.9,8,1,984,0.0591507367789745,5.21152400970459,True
20270730,0.9,8,4,941,0.1116920411586761,4.108984470367432,True
20270730,0.9,8,16,800,0.3077023029327392,5.131029605865479,True
20270730,0.9,8,32,666,0.2634736895561218,4.034278392791748,True
20270731,0.0,0,1,984,0.0524803698062896,5.154278755187988,True
20270731,0.0,0,4,941,0.1228918433189392,1.962968111038208,True
20270731,0.0,0,16,800,0.0075818854384124,1.1400995254516602,True
20270731,0.0,0,32,666,0.0020693552214652,1.2435747385025024,True
20270731,0.0,8,1,984,0.0319751687347888,5.166855812072754,True
20270731,0.0,8,4,941,0.0873866975307464,1.9485018253326416,True
20270731,0.0,8,16,800,0.0111321564763784,1.1376817226409912,True
20270731,0.0,8,32,666,0.0017854436300694,1.243533968925476,True
20270731,0.25,0,1,984,0.2207711338996887,4.968960285186768,True
20270731,0.25,0,4,941,0.2263853698968887,3.07499361038208,True
20270731,0.25,0,16,800,0.1729719042778015,2.9799602031707764,True
20270731,0.25,0,32,666,0.1327701210975647,2.482733964920044,True
20270731,0.25,8,1,984,0.0857526510953903,5.08799934387207,True
20270731,0.25,8,4,941,0.1095612198114395,3.106364488601685,True
20270731,0.25,8,16,800,0.1242291256785392,2.982373714447021,True
20270731,0.25,8,32,666,0.0931694954633712,2.5125210285186768,True
20270731,0.5,0,1,984,0.0385134927928447,5.186802864074707,True
20270731,0.5,0,4,941,0.3202251195907593,3.4056363105773926,True
20270731,0.5,0,16,800,0.2786158621311188,3.5855157375335693,True
20270731,0.5,0,32,666,0.2161810100078582,3.235593318939209,True
20270731,0.5,8,1,984,0.0213269870728254,4.885796070098877,True
20270731,0.5,8,4,941,0.1308305114507675,3.4988293647766118,True
20270731,0.5,8,16,800,0.236284077167511,3.595282077789306,True
20270731,0.5,8,32,666,0.152200236916542,3.2957394123077397,True
20270731,0.9,0,1,984,0.0571462213993072,4.609724521636963,True
20270731,0.9,0,4,941,0.1925571113824844,4.60546875,True
20270731,0.9,0,16,800,0.5181135535240173,4.495838642120361,True
20270731,0.9,0,32,666,0.2764053046703338,4.1369171142578125,True
20270731,0.9,8,1,984,0.0718588232994079,4.700843811035156,True
20270731,0.9,8,4,941,0.0587682574987411,4.637522220611572,True
20270731,0.9,8,16,800,0.4431895613670349,4.476735591888428,True
20270731,0.9,8,32,666,0.1727084219455719,4.113939762115479,True
20270732,0.0,0,1,984,0.303716242313385,4.778348922729492,True
20270732,0.0,0,4,941,0.0164209064096212,2.726537704467773,True
20270732,0.0,0,16,800,0.0257497020065784,1.1089659929275513,True
20270732,0.0,0,32,666,0.0029137341771274,0.9765733480453492,True
20270732,0.0,8,1,984,0.2830285131931305,4.708111763000488,True
20270732,0.0,8,4,941,0.0210588462650775,2.720318555831909,True
20270732,0.0,8,16,800,0.0291567184031009,1.1072052717208862,True
20270732,0.0,8,32,666,0.0027566109783947,0.97592693567276,True
20270732,0.25,0,1,984,0.0153031172230839,4.076637268066406,True
20270732,0.25,0,4,941,0.0098408181220293,3.19542932510376,True
20270732,0.25,0,16,800,0.0219493769109249,2.5978262424468994,True
20270732,0.25,0,32,666,0.067758671939373,2.762825489044189,True
20270732,0.25,8,1,984,0.0183871872723102,4.033770561218262,True
20270732,0.25,8,4,941,0.0211566407233476,3.1729536056518555,True
20270732,0.25,8,16,800,0.0387201830744743,2.5740833282470703,True
20270732,0.25,8,32,666,0.114480935037136,2.754060745239258,True
20270732,0.5,0,1,984,0.113350935280323,4.094895362854004,True
20270732,0.5,0,4,941,0.0437576510012149,4.762953281402588,True
20270732,0.5,0,16,800,0.0339194424450397,3.7274210453033447,True
20270732,0.5,0,32,666,0.1446703672409057,3.5991852283477783,True
20270732,0.5,8,1,984,0.1381683945655822,4.114414215087891,True
20270732,0.5,8,4,941,0.0352237932384014,4.65817928314209,True
20270732,0.5,8,16,800,0.0594538748264312,3.7416627407073975,True
20270732,0.5,8,32,666,0.1958472281694412,3.6039927005767822,True
20270732,0.9,0,1,984,0.0169267058372497,4.996546745300293,True
20270732,0.9,0,4,941,0.1323039233684539,5.186372756958008,True
20270732,0.9,0,16,800,0.0251655951142311,5.019004821777344,True
20270732,0.9,0,32,666,0.2284935414791107,4.598837852478027,True
20270732,0.9,8,1,984,0.0344568826258182,5.123356819152832,True
20270732,0.9,8,4,941,0.1230726838111877,5.277952671051025,True
20270732,0.9,8,16,800,0.0546995587646961,5.0592780113220215,True
20270732,0.9,8,32,666,0.3676970303058624,4.643231391906738,True
