path,budget,error_amplitude,max_delay,overhead,q_at_zero,q_at_high,nonincreasing,responsive,high_strength_margin,well_separated
balanced,250,0.01,0,0,32.0,32.0,True,False,0.9138489566069913,False
balanced,250,0.01,0,4,32.0,32.0,True,False,0.7866828554784422,False
balanced,250,0.01,0,16,32.0,32.0,True,False,0.2968442741505938,False
balanced,250,0.01,4,0,32.0,32.0,True,False,0.9079675145947309,False
balanced,250,0.01,4,4,32.0,32.0,True,False,0.7816920458643146,False
balanced,250,0.01,4,16,32.0,32.0,True,False,0.2935945269284208,False
balanced,250,0.01,16,0,32.0,32.0,True,False,0.9124397538433545,False
balanced,250,0.01,16,4,32.0,32.0,True,False,0.7871673445826698,False
balanced,250,0.01,16,16,32.0,32.0,True,False,0.2968273389955763,False
balanced,250,0.01,32,0,32.0,32.0,True,False,0.9245356424042029,False
balanced,250,0.01,32,4,32.0,32.0,True,False,0.7964806224346218,False
balanced,250,0.01,32,16,32.0,32.0,True,False,0.2994039640656182,False
balanced,250,0.03,0,0,8.0,32.0,False,False,0.44377498532437987,False
balanced,250,0.03,0,4,16.0,32.0,False,False,0.35631452347733045,False
balanced,250,0.03,0,16,32.0,32.0,True,False,0.12315941163490397,False
balanced,250,0.03,4,0,8.0,32.0,False,False,0.4418787376807686,False
balanced,250,0.03,4,4,32.0,32.0,True,False,0.3548142342233376,False
balanced,250,0.03,4,16,32.0,32.0,True,False,0.12204523100096691,False
balanced,250,0.03,16,0,8.0,32.0,False,False,0.44538434572096075,False
balanced,250,0.03,16,4,32.0,32.0,True,False,0.35820322157235196,False
balanced,250,0.03,16,16,32.0,32.0,True,False,0.12364550644162314,False
balanced,250,0.03,32,0,8.0,32.0,False,False,0.4517410493879569,False
balanced,250,0.03,32,4,32.0,32.0,True,False,0.3627406592369888,False
balanced,250,0.03,32,16,32.0,32.0,True,False,0.12479762964414394,False
balanced,250,0.1,0,0,2.0,32.0,False,False,0.03381569020354098,False
balanced,250,0.1,0,4,16.0,32.0,False,False,0.02555969259393372,False
balanced,250,0.1,0,16,32.0,32.0,False,False,0.007782930200073023,False
balanced,250,0.1,4,0,2.0,32.0,False,False,0.03369842770850234,False
balanced,250,0.1,4,4,16.0,32.0,False,False,0.02546271267310657,False
balanced,250,0.1,4,16,32.0,32.0,False,False,0.00761942424978349,False
balanced,250,0.1,16,0,2.0,32.0,False,False,0.03423626457959671,False
balanced,250,0.1,16,4,16.0,32.0,False,False,0.025905834742408436,False
balanced,250,0.1,16,16,32.0,32.0,False,False,0.007484109773888892,False
balanced,250,0.1,32,0,2.0,32.0,False,False,0.03501126309297693,False
balanced,250,0.1,32,4,16.0,32.0,False,False,0.026422604005213818,False
balanced,250,0.1,32,16,32.0,32.0,False,False,0.0074525163467423425,False
balanced,250,0.3,0,0,8.0,1.0,True,False,0.4542925164361523,False
balanced,250,0.3,0,4,8.0,1.0,True,False,0.05712124533228138,False
balanced,250,0.3,0,16,8.0,1.0,True,False,0.0092166561221537,False
balanced,250,0.3,4,0,8.0,1.0,True,False,0.4542925164361523,False
balanced,250,0.3,4,4,8.0,1.0,True,False,0.05712124533228138,False
balanced,250,0.3,4,16,8.0,1.0,True,False,0.0092166561221537,False
balanced,250,0.3,16,0,8.0,1.0,True,False,0.4542925164361523,False
balanced,250,0.3,16,4,8.0,1.0,True,False,0.05712124533228138,False
balanced,250,0.3,16,16,8.0,1.0,True,False,0.0092166561221537,False
balanced,250,0.3,32,0,16.0,1.0,True,True,0.4542925164361523,True
balanced,250,0.3,32,4,16.0,1.0,True,True,0.05712124533228138,True
balanced,250,0.3,32,16,8.0,1.0,True,False,0.0092166561221537,False
balanced,250,1.0,0,0,4.0,1.0,True,False,0.755494816830071,False
balanced,250,1.0,0,4,4.0,1.0,True,False,0.17481097953168162,False
balanced,250,1.0,0,16,2.0,1.0,True,False,0.049335952681490214,False
balanced,250,1.0,4,0,4.0,1.0,True,False,0.755494816830071,False
balanced,250,1.0,4,4,4.0,1.0,True,False,0.17481097953168162,False
balanced,250,1.0,4,16,2.0,1.0,True,False,0.049335952681490214,False
balanced,250,1.0,16,0,4.0,1.0,True,False,0.755494816830071,False
balanced,250,1.0,16,4,4.0,1.0,True,False,0.17481097953168162,False
balanced,250,1.0,16,16,2.0,1.0,True,False,0.049335952681490214,False
balanced,250,1.0,32,0,8.0,1.0,True,False,0.755494816830071,False
balanced,250,1.0,32,4,4.0,1.0,True,False,0.17481097953168162,False
balanced,250,1.0,32,16,4.0,1.0,True,False,0.049335952681490214,False
balanced,500,0.01,0,0,32.0,32.0,True,False,0.8748342002167875,False
balanced,500,0.01,0,4,32.0,32.0,True,False,0.7582774182226484,False
balanced,500,0.01,0,16,32.0,32.0,True,False,0.4017761021727479,False
balanced,500,0.01,4,0,32.0,32.0,True,False,0.8671791193842668,False
balanced,500,0.01,4,4,32.0,32.0,True,False,0.7513360588160866,False
balanced,500,0.01,4,16,32.0,32.0,True,False,0.3966275426778036,False
balanced,500,0.01,16,0,32.0,32.0,True,False,0.8579286886025316,False
balanced,500,0.01,16,4,32.0,32.0,True,False,0.7452281483548845,False
balanced,500,0.01,16,16,32.0,32.0,True,False,0.39490460718194437,False
balanced,500,0.01,32,0,32.0,32.0,True,False,0.8676115350563152,False
balanced,500,0.01,32,4,32.0,32.0,True,False,0.7553568231534256,False
balanced,500,0.01,32,16,32.0,32.0,True,False,0.40195044452453005,False
balanced,500,0.03,0,0,8.0,32.0,False,False,0.5676559740365515,False
balanced,500,0.03,0,4,32.0,32.0,True,False,0.46940309467072666,False
balanced,500,0.03,0,16,32.0,32.0,True,False,0.22584117418653446,False
balanced,500,0.03,4,0,8.0,32.0,False,False,0.5636844560536821,False
balanced,500,0.03,4,4,32.0,32.0,True,False,0.4659756114022548,False
balanced,500,0.03,4,16,32.0,32.0,True,False,0.22337780675137778,False
balanced,500,0.03,16,0,8.0,32.0,False,False,0.5602812395241826,False
balanced,500,0.03,16,4,32.0,32.0,True,False,0.4642721774689503,False
balanced,500,0.03,16,16,32.0,32.0,True,False,0.2232830094997691,False
balanced,500,0.03,32,0,8.0,32.0,False,False,0.5678458694478142,False
balanced,500,0.03,32,4,32.0,32.0,True,False,0.4714921808407635,False
balanced,500,0.03,32,16,32.0,32.0,True,False,0.22762782739762893,False
balanced,500,0.1,0,0,1.0,32.0,False,False,0.06102942452892131,False
balanced,500,0.1,0,4,32.0,32.0,False,False,0.04673113670232444,False
balanced,500,0.1,0,16,32.0,32.0,False,False,0.015682995453395968,False
balanced,500,0.1,4,0,1.0,32.0,False,False,0.06067612148531224,False
balanced,500,0.1,4,4,32.0,32.0,False,False,0.0464223200482327,False
balanced,500,0.1,4,16,32.0,32.0,False,False,0.015283016137789353,False
balanced,500,0.1,16,0,32.0,32.0,False,False,0.06087446640200127,False
balanced,500,0.1,16,4,32.0,32.0,False,False,0.04665348415669299,False
balanced,500,0.1,16,16,32.0,32.0,False,False,0.014556089756888548,False
balanced,500,0.1,32,0,32.0,32.0,False,False,0.06244766649103915,False
balanced,500,0.1,32,4,32.0,32.0,False,False,0.04794773042635387,False
balanced,500,0.1,32,16,32.0,32.0,False,False,0.014344966178331121,False
balanced,500,0.3,0,0,1.0,1.0,True,False,0.5774166060645489,False
balanced,500,0.3,0,4,16.0,1.0,True,True,0.08208478379239274,True
balanced,500,0.3,0,16,8.0,1.0,True,False,0.017065730913628802,False
balanced,500,0.3,4,0,1.0,1.0,True,False,0.5774166060645489,False
balanced,500,0.3,4,4,16.0,1.0,True,True,0.08208478379239274,True
balanced,500,0.3,4,16,16.0,1.0,True,True,0.017065730913628802,False
balanced,500,0.3,16,0,32.0,1.0,True,True,0.5774166060645489,True
balanced,500,0.3,16,4,32.0,1.0,True,True,0.08208478379239274,True
balanced,500,0.3,16,16,16.0,1.0,True,True,0.017065730913628802,False
balanced,500,0.3,32,0,32.0,1.0,True,True,0.5774166060645489,True
balanced,500,0.3,32,4,32.0,1.0,True,True,0.08208478379239274,True
balanced,500,0.3,32,16,16.0,1.0,True,True,0.017065730913628802,False
balanced,500,1.0,0,0,2.0,1.0,True,False,0.7952343416673431,False
balanced,500,1.0,0,4,8.0,1.0,True,False,0.18163662362119748,False
balanced,500,1.0,0,16,4.0,1.0,True,False,0.06497462815341983,False
balanced,500,1.0,4,0,2.0,1.0,True,False,0.7952343416673431,False
balanced,500,1.0,4,4,8.0,1.0,True,False,0.18163662362119748,False
balanced,500,1.0,4,16,4.0,1.0,True,False,0.06497462815341983,False
balanced,500,1.0,16,0,32.0,1.0,True,True,0.7952343416673431,True
balanced,500,1.0,16,4,8.0,1.0,True,False,0.18163662362119748,False
balanced,500,1.0,16,16,4.0,1.0,True,False,0.06497462815341983,False
balanced,500,1.0,32,0,16.0,1.0,True,True,0.7952343416673431,True
balanced,500,1.0,32,4,16.0,1.0,True,True,0.18163662362119748,True
balanced,500,1.0,32,16,16.0,1.0,True,True,0.06497462815341983,True
balanced,1000,0.01,0,0,32.0,32.0,True,False,0.7805354274402521,False
balanced,1000,0.01,0,4,32.0,32.0,True,False,0.6788218388990104,False
balanced,1000,0.01,0,16,32.0,32.0,True,False,0.44592117272544624,False
balanced,1000,0.01,4,0,32.0,32.0,True,False,0.7724674112878858,False
balanced,1000,0.01,4,4,32.0,32.0,True,False,0.6713134500184225,False
balanced,1000,0.01,4,16,32.0,32.0,True,False,0.43968362079338813,False
balanced,1000,0.01,16,0,32.0,32.0,True,False,0.7535326913404945,False
balanced,1000,0.01,16,4,32.0,32.0,True,False,0.6547845122010301,False
balanced,1000,0.01,16,16,32.0,32.0,True,False,0.4283609923574517,False
balanced,1000,0.01,32,0,32.0,32.0,True,False,0.7447290172916325,False
balanced,1000,0.01,32,4,32.0,32.0,True,False,0.650237758056104,False
balanced,1000,0.01,32,16,32.0,32.0,True,False,0.43053594842358156,False
balanced,1000,0.03,0,0,8.0,32.0,False,False,0.6085310697702675,False
balanced,1000,0.03,0,4,32.0,32.0,True,False,0.5143189280441607,False
balanced,1000,0.03,0,16,32.0,32.0,True,False,0.3141281113172681,False
balanced,1000,0.03,4,0,8.0,32.0,False,False,0.6028975742950011,False
balanced,1000,0.03,4,4,32.0,32.0,True,False,0.5092365338641147,False
balanced,1000,0.03,4,16,32.0,32.0,True,False,0.310162553958417,False
balanced,1000,0.03,16,0,8.0,32.0,False,False,0.5903727032050086,False
balanced,1000,0.03,16,4,32.0,32.0,True,False,0.4987190853608311,False
balanced,1000,0.03,16,16,32.0,32.0,True,False,0.30349628677559976,False
balanced,1000,0.03,32,0,8.0,32.0,False,False,0.585470141796281,False
balanced,1000,0.03,32,4,32.0,32.0,True,False,0.4968924873114848,False
balanced,1000,0.03,32,16,32.0,32.0,True,False,0.3059024429850445,False
balanced,1000,0.1,0,0,2.0,32.0,False,False,0.09761091285505132,False
balanced,1000,0.1,0,4,32.0,32.0,False,False,0.07580523672839859,False
balanced,1000,0.1,0,16,32.0,32.0,False,False,0.024045006003930666,False
balanced,1000,0.1,4,0,2.0,32.0,False,False,0.09680725300655417,False
balanced,1000,0.1,4,4,32.0,32.0,False,False,0.07509364047388166,False
balanced,1000,0.1,4,16,32.0,32.0,False,False,0.023220935165708643,False
balanced,1000,0.1,16,0,32.0,32.0,False,False,0.09566132759313738,False
balanced,1000,0.1,16,4,32.0,32.0,False,False,0.07412609509062086,False
balanced,1000,0.1,16,16,32.0,32.0,False,False,0.020795289820435294,False
balanced,1000,0.1,32,0,32.0,32.0,False,False,0.09611558856117108,False
balanced,1000,0.1,32,4,32.0,32.0,False,False,0.07480790860764745,False
balanced,1000,0.1,32,16,32.0,32.0,False,False,0.01945793767743667,False
balanced,1000,0.3,0,0,8.0,1.0,True,False,0.38802580665826003,False
balanced,1000,0.3,0,4,16.0,1.0,True,True,0.11651739964001916,True
balanced,1000,0.3,0,16,16.0,1.0,True,True,0.022645056905062404,False
balanced,1000,0.3,4,0,32.0,1.0,True,True,0.38802580665826003,True
balanced,1000,0.3,4,4,32.0,1.0,True,True,0.11651739964001916,True
balanced,1000,0.3,4,16,32.0,1.0,True,True,0.022645056905062404,False
balanced,1000,0.3,16,0,32.0,1.0,True,True,0.38802580665826003,True
balanced,1000,0.3,16,4,32.0,1.0,True,True,0.11651739964001916,True
balanced,1000,0.3,16,16,32.0,1.0,True,True,0.022645056905062404,False
balanced,1000,0.3,32,0,32.0,1.0,True,True,0.38802580665826003,True
balanced,1000,0.3,32,4,32.0,1.0,True,True,0.11651739964001916,True
balanced,1000,0.3,32,16,32.0,1.0,True,True,0.022645056905062404,False
balanced,1000,1.0,0,0,1.0,1.0,True,False,0.8213880640480288,False
balanced,1000,1.0,0,4,16.0,1.0,True,True,0.16609980212990283,True
balanced,1000,1.0,0,16,8.0,1.0,True,False,0.050960083179441486,False
balanced,1000,1.0,4,0,1.0,1.0,True,False,0.8213880640480288,False
balanced,1000,1.0,4,4,16.0,1.0,True,True,0.16609980212990283,True
balanced,1000,1.0,4,16,8.0,1.0,True,False,0.050960083179441486,False
balanced,1000,1.0,16,0,16.0,1.0,True,True,0.8213880640480288,True
balanced,1000,1.0,16,4,32.0,1.0,True,True,0.16609980212990283,True
balanced,1000,1.0,16,16,16.0,1.0,True,True,0.050960083179441486,True
balanced,1000,1.0,32,0,32.0,1.0,True,True,0.8213880640480288,True
balanced,1000,1.0,32,4,16.0,1.0,True,True,0.16609980212990283,True
balanced,1000,1.0,32,16,16.0,1.0,True,True,0.050960083179441486,True
balanced,2000,0.01,0,0,32.0,32.0,True,False,0.6846931106945973,False
balanced,2000,0.01,0,4,32.0,32.0,True,False,0.5813632421821618,False
balanced,2000,0.01,0,16,32.0,32.0,True,False,0.3897979694175311,False
balanced,2000,0.01,4,0,32.0,32.0,True,False,0.6768611709862694,False
balanced,2000,0.01,4,4,32.0,32.0,True,False,0.5740375546652883,False
balanced,2000,0.01,4,16,32.0,32.0,True,False,0.3834224346015415,False
balanced,2000,0.01,16,0,32.0,32.0,True,False,0.6546268278434515,False
balanced,2000,0.01,16,4,32.0,32.0,True,False,0.5537648313218954,False
balanced,2000,0.01,16,16,32.0,32.0,True,False,0.36696418416616056,False
balanced,2000,0.01,32,0,32.0,32.0,True,False,0.6323802504398748,False
balanced,2000,0.01,32,4,32.0,32.0,True,False,0.5345949241872425,False
balanced,2000,0.01,32,16,32.0,32.0,True,False,0.35434898602165926,False
balanced,2000,0.03,0,0,16.0,32.0,False,False,0.592274754908068,False
balanced,2000,0.03,0,4,32.0,32.0,True,False,0.49575216449660287,False
balanced,2000,0.03,0,16,32.0,32.0,True,False,0.3187489999871177,False
balanced,2000,0.03,4,0,16.0,32.0,False,False,0.5858167176097444,False
balanced,2000,0.03,4,4,32.0,32.0,True,False,0.48979235669993504,False
balanced,2000,0.03,4,16,32.0,32.0,True,False,0.31375299072165364,False
balanced,2000,0.03,16,0,16.0,32.0,False,False,0.5678159556682241,False
balanced,2000,0.03,16,4,32.0,32.0,True,False,0.47361008338103616,False
balanced,2000,0.03,16,16,32.0,32.0,True,False,0.3011086689347407,False
balanced,2000,0.03,32,0,16.0,32.0,False,False,0.5499092558835389,False
balanced,2000,0.03,32,4,32.0,32.0,True,False,0.45843450418255155,False
balanced,2000,0.03,32,16,32.0,32.0,True,False,0.29160082820269384,False
balanced,2000,0.1,0,0,4.0,32.0,False,False,0.14023357204312542,False
balanced,2000,0.1,0,4,32.0,32.0,False,False,0.10915854714651957,False
balanced,2000,0.1,0,16,32.0,32.0,False,False,0.02354470841676222,False
balanced,2000,0.1,4,0,4.0,32.0,False,False,0.13871593599423185,False
balanced,2000,0.1,4,4,32.0,32.0,False,False,0.10778114353981232,False
balanced,2000,0.1,4,16,32.0,32.0,False,False,0.022021363965658534,False
balanced,2000,0.1,16,0,32.0,32.0,False,False,0.13523762354117155,False
balanced,2000,0.1,16,4,32.0,32.0,False,False,0.10463606089269405,False
balanced,2000,0.1,16,16,32.0,32.0,False,False,0.016645973699542838,False
balanced,2000,0.1,32,0,32.0,32.0,False,False,0.1321177701557288,False
balanced,2000,0.1,32,4,32.0,32.0,False,False,0.10200359891891628,False
balanced,2000,0.1,32,16,32.0,32.0,False,False,0.01121387582311371,False
balanced,2000,0.3,0,0,2.0,1.0,True,False,0.058381513101361526,False
balanced,2000,0.3,0,4,32.0,1.0,True,True,0.14205146385485223,True
balanced,2000,0.3,0,16,32.0,1.0,True,True,0.03405732477823656,False
balanced,2000,0.3,4,0,2.0,1.0,True,False,0.058381513101361526,False
balanced,2000,0.3,4,4,32.0,1.0,True,True,0.14205146385485223,True
balanced,2000,0.3,4,16,32.0,1.0,True,True,0.03405732477823656,False
balanced,2000,0.3,16,0,32.0,1.0,True,True,0.058381513101361526,True
balanced,2000,0.3,16,4,32.0,1.0,True,True,0.14205146385485223,True
balanced,2000,0.3,16,16,32.0,1.0,True,True,0.03405732477823656,False
balanced,2000,0.3,32,0,32.0,1.0,True,True,0.058381513101361526,True
balanced,2000,0.3,32,4,32.0,1.0,True,True,0.14205146385485223,True
balanced,2000,0.3,32,16,32.0,1.0,True,True,0.03405732477823656,False
balanced,2000,1.0,0,0,16.0,1.0,True,True,0.4001890079872522,True
balanced,2000,1.0,0,4,32.0,1.0,True,True,0.1927116398567278,True
balanced,2000,1.0,0,16,32.0,1.0,True,True,0.06913912488020711,True
balanced,2000,1.0,4,0,16.0,1.0,True,True,0.4001890079872522,True
balanced,2000,1.0,4,4,32.0,1.0,True,True,0.1927116398567278,True
balanced,2000,1.0,4,16,32.0,1.0,True,True,0.06913912488020711,True
balanced,2000,1.0,16,0,32.0,1.0,True,True,0.4001890079872522,True
balanced,2000,1.0,16,4,32.0,1.0,True,True,0.1927116398567278,True
balanced,2000,1.0,16,16,32.0,1.0,True,True,0.06913912488020711,True
balanced,2000,1.0,32,0,32.0,1.0,True,True,0.4001890079872522,True
balanced,2000,1.0,32,4,16.0,1.0,True,True,0.1927116398567278,True
balanced,2000,1.0,32,16,32.0,1.0,True,True,0.06913912488020711,True
balanced,4000,0.01,0,0,32.0,32.0,True,False,0.4893032799164789,False
balanced,4000,0.01,0,4,32.0,32.0,True,False,0.4396978401248899,False
balanced,4000,0.01,0,16,32.0,32.0,True,False,0.3273811677623044,False
balanced,4000,0.01,4,0,32.0,32.0,True,False,0.482600231646478,False
balanced,4000,0.01,4,4,32.0,32.0,True,False,0.4331923684875565,False
balanced,4000,0.01,4,16,32.0,32.0,True,False,0.32132195811362735,False
balanced,4000,0.01,16,0,32.0,32.0,True,False,0.4617917012290003,False
balanced,4000,0.01,16,4,32.0,32.0,True,False,0.41335336394031946,False
balanced,4000,0.01,16,16,32.0,32.0,True,False,0.30356521771932043,False
balanced,4000,0.01,32,0,32.0,32.0,True,False,0.4369982302521777,False
balanced,4000,0.01,32,4,32.0,32.0,True,False,0.3901453841543625,False
balanced,4000,0.01,32,16,32.0,32.0,True,False,0.28397985598117576,False
balanced,4000,0.03,0,0,32.0,32.0,True,False,0.448046333344485,False
balanced,4000,0.03,0,4,32.0,32.0,True,False,0.39959957522025463,False
balanced,4000,0.03,0,16,32.0,32.0,True,False,0.29087431008269643,False
balanced,4000,0.03,4,0,32.0,32.0,True,False,0.4419620381096533,False
balanced,4000,0.03,4,4,32.0,32.0,True,False,0.39374119309441846,False
balanced,4000,0.03,4,16,32.0,32.0,True,False,0.2855370050845462,False
balanced,4000,0.03,16,0,32.0,32.0,True,False,0.42320879775401815,False
balanced,4000,0.03,16,4,32.0,32.0,True,False,0.3760066285005929,False
balanced,4000,0.03,16,16,32.0,32.0,True,False,0.2700117763776254,False
balanced,4000,0.03,32,0,32.0,32.0,True,False,0.4008330182205733,False
balanced,4000,0.03,32,4,32.0,32.0,True,False,0.3552312689742182,False
balanced,4000,0.03,32,16,32.0,32.0,True,False,0.25286534568155333,False
balanced,4000,0.1,0,0,16.0,32.0,False,False,0.010496757365440519,False
balanced,4000,0.1,0,4,32.0,32.0,False,False,0.03223535563787488,False
balanced,4000,0.1,0,16,32.0,1.0,True,True,0.005978078205484382,False
balanced,4000,0.1,4,0,32.0,32.0,False,False,0.007572307573806525,False
balanced,4000,0.1,4,4,32.0,32.0,False,False,0.029396299270563208,False
balanced,4000,0.1,4,16,32.0,1.0,True,True,0.00837469980419668,False
balanced,4000,0.1,16,0,32.0,1.0,True,True,0.003674832139182685,False
balanced,4000,0.1,16,4,32.0,32.0,False,False,0.018535771588000596,False
balanced,4000,0.1,16,16,32.0,1.0,True,True,0.011129676303422448,False
balanced,4000,0.1,32,0,32.0,1.0,True,True,0.01814711360130486,False
balanced,4000,0.1,32,4,32.0,32.0,False,False,0.004969917454222464,False
balanced,4000,0.1,32,16,32.0,1.0,True,True,0.011129676303422448,False
balanced,4000,0.3,0,0,32.0,1.0,True,True,0.025319882135193178,False
balanced,4000,0.3,0,4,32.0,1.0,True,True,0.10246057637991539,True
balanced,4000,0.3,0,16,32.0,1.0,True,True,0.047911617297263016,False
balanced,4000,0.3,4,0,32.0,1.0,True,True,0.025319882135193178,False
balanced,4000,0.3,4,4,32.0,1.0,True,True,0.10246057637991539,True
balanced,4000,0.3,4,16,32.0,1.0,True,True,0.047911617297263016,False
balanced,4000,0.3,16,0,32.0,1.0,True,True,0.025319882135193178,False
balanced,4000,0.3,16,4,32.0,1.0,True,True,0.10246057637991539,True
balanced,4000,0.3,16,16,32.0,1.0,True,True,0.047911617297263016,False
balanced,4000,0.3,32,0,32.0,1.0,True,True,0.025319882135193178,False
balanced,4000,0.3,32,4,32.0,1.0,True,True,0.10246057637991539,True
balanced,4000,0.3,32,16,32.0,1.0,True,True,0.047911617297263016,False
balanced,4000,1.0,0,0,8.0,1.0,True,False,0.02805419754104783,False
balanced,4000,1.0,0,4,32.0,1.0,True,True,0.1694674615814122,True
balanced,4000,1.0,0,16,32.0,1.0,True,True,0.07012557703796649,True
balanced,4000,1.0,4,0,32.0,1.0,True,True,0.02805419754104783,False
balanced,4000,1.0,4,4,32.0,1.0,True,True,0.1694674615814122,True
balanced,4000,1.0,4,16,32.0,1.0,True,True,0.07012557703796649,True
balanced,4000,1.0,16,0,32.0,1.0,True,True,0.02805419754104783,False
balanced,4000,1.0,16,4,32.0,1.0,True,True,0.1694674615814122,True
balanced,4000,1.0,16,16,32.0,1.0,True,True,0.07012557703796649,True
balanced,4000,1.0,32,0,32.0,1.0,True,True,0.02805419754104783,False
balanced,4000,1.0,32,4,32.0,1.0,True,True,0.1694674615814122,True
balanced,4000,1.0,32,16,32.0,1.0,True,True,0.07012557703796649,True
balanced,8000,0.01,0,0,32.0,32.0,True,False,0.03024516869171868,False
balanced,8000,0.01,0,4,32.0,32.0,True,False,0.09549817433196954,False
balanced,8000,0.01,0,16,32.0,32.0,True,False,0.17796485494417874,False
balanced,8000,0.01,4,0,32.0,32.0,True,False,0.025098523676173715,False
balanced,8000,0.01,4,4,32.0,32.0,True,False,0.08987347195810483,False
balanced,8000,0.01,4,16,32.0,32.0,True,False,0.17156562489234609,False
balanced,8000,0.01,16,0,32.0,32.0,True,False,0.005221017074452619,False
balanced,8000,0.01,16,4,32.0,32.0,True,False,0.06819888730283685,False
balanced,8000,0.01,16,16,32.0,32.0,True,False,0.1470836431703264,False
balanced,8000,0.01,32,0,32.0,1.0,True,True,0.020612659488810834,False
balanced,8000,0.01,32,4,32.0,32.0,True,False,0.04060608582778179,False
balanced,8000,0.01,32,16,32.0,32.0,True,False,0.1163605766885793,False
balanced,8000,0.03,0,0,32.0,32.0,True,False,0.014219196530867595,False
balanced,8000,0.03,0,4,32.0,32.0,True,False,0.07473575370750506,False
balanced,8000,0.03,0,16,32.0,32.0,True,False,0.1496686495310215,False
balanced,8000,0.03,4,0,32.0,32.0,True,False,0.009296716350321855,False
balanced,8000,0.03,4,4,32.0,32.0,True,False,0.06939710911144686,False
balanced,8000,0.03,4,16,32.0,32.0,True,False,0.14369969505534097,False
balanced,8000,0.03,16,0,32.0,1.0,True,True,0.00982445597356533,False
balanced,8000,0.03,16,4,32.0,32.0,True,False,0.04880737364762442,False
balanced,8000,0.03,16,16,32.0,32.0,True,False,0.12083639882695114,False
balanced,8000,0.03,32,0,32.0,1.0,True,True,0.02509541148096642,False
balanced,8000,0.03,32,4,32.0,32.0,True,False,0.02255539156649437,False
balanced,8000,0.03,32,16,32.0,32.0,True,False,0.09208283413626113,False
balanced,8000,0.1,0,0,8.0,1.0,True,False,0.025095412706953996,False
balanced,8000,0.1,0,4,32.0,1.0,True,True,0.024759020328485138,False
balanced,8000,0.1,0,16,32.0,1.0,True,True,0.01860130810815172,False
balanced,8000,0.1,4,0,8.0,1.0,True,False,0.025095412706953996,False
balanced,8000,0.1,4,4,32.0,1.0,True,True,0.024759020328485138,False
balanced,8000,0.1,4,16,32.0,1.0,True,True,0.01860130810815172,False
balanced,8000,0.1,16,0,8.0,1.0,True,False,0.025095412706953996,False
balanced,8000,0.1,16,4,32.0,1.0,True,True,0.024759020328485138,False
balanced,8000,0.1,16,16,32.0,1.0,True,True,0.01860130810815172,False
balanced,8000,0.1,32,0,32.0,1.0,True,True,0.025095412706953996,False
balanced,8000,0.1,32,4,32.0,1.0,True,True,0.024759020328485138,False
balanced,8000,0.1,32,16,32.0,1.0,True,True,0.01860130810815172,False
balanced,8000,0.3,0,0,16.0,1.0,True,True,0.02509542348486665,False
balanced,8000,0.3,0,4,32.0,1.0,True,True,0.029703974968032495,False
balanced,8000,0.3,0,16,32.0,1.0,True,True,0.06012415411568584,True
balanced,8000,0.3,4,0,16.0,1.0,True,True,0.02509542348486665,False
balanced,8000,0.3,4,4,32.0,1.0,True,True,0.029703974968032495,False
balanced,8000,0.3,4,16,32.0,1.0,True,True,0.06012415411568584,True
balanced,8000,0.3,16,0,32.0,1.0,True,True,0.02509542348486665,False
balanced,8000,0.3,16,4,32.0,1.0,True,True,0.029703974968032495,False
balanced,8000,0.3,16,16,32.0,1.0,True,True,0.06012415411568584,True
balanced,8000,0.3,32,0,32.0,1.0,True,True,0.02509542348486665,False
balanced,8000,0.3,32,4,32.0,1.0,True,True,0.029703974968032495,False
balanced,8000,0.3,32,16,32.0,1.0,True,True,0.06012415411568584,True
balanced,8000,1.0,0,0,4.0,1.0,True,False,0.025095546083623452,False
balanced,8000,1.0,0,4,32.0,1.0,True,True,0.08473991196560837,True
balanced,8000,1.0,0,16,32.0,1.0,True,True,0.055676605455619387,True
balanced,8000,1.0,4,0,4.0,1.0,True,False,0.025095546083623452,False
balanced,8000,1.0,4,4,32.0,1.0,True,True,0.08473991196560837,True
balanced,8000,1.0,4,16,32.0,1.0,True,True,0.055676605455619387,True
balanced,8000,1.0,16,0,32.0,1.0,True,True,0.025095546083623452,False
balanced,8000,1.0,16,4,32.0,1.0,True,True,0.08473991196560837,True
balanced,8000,1.0,16,16,32.0,1.0,True,True,0.055676605455619387,True
balanced,8000,1.0,32,0,32.0,1.0,True,True,0.025095546083623452,False
balanced,8000,1.0,32,4,32.0,1.0,True,True,0.08473991196560837,True
balanced,8000,1.0,32,16,32.0,1.0,True,True,0.055676605455619387,True
clustered,250,0.01,0,0,32.0,32.0,True,False,0.31166193930577446,False
clustered,250,0.01,0,4,32.0,32.0,True,False,0.24528045571990884,False
clustered,250,0.01,0,16,32.0,32.0,True,False,0.0794151443623558,False
clustered,250,0.01,4,0,32.0,32.0,True,False,0.3104356622238704,False
clustered,250,0.01,4,4,32.0,32.0,True,False,0.24431127835228922,False
clustered,250,0.01,4,16,32.0,32.0,True,False,0.0786473797349967,False
clustered,250,0.01,16,0,32.0,32.0,True,False,0.31320227318179306,False
clustered,250,0.01,16,4,32.0,32.0,True,False,0.24686563764378436,False
clustered,250,0.01,16,16,32.0,32.0,True,False,0.07979377762427867,False
clustered,250,0.01,32,0,32.0,32.0,True,False,0.3179074451885656,False
clustered,250,0.01,32,4,32.0,32.0,True,False,0.25016077332111586,False
clustered,250,0.01,32,16,32.0,32.0,True,False,0.08061173026981133,False
clustered,250,0.03,0,0,8.0,32.0,False,False,0.016464669204962437,False
clustered,250,0.03,0,4,16.0,32.0,False,False,0.012243739242958884,False
clustered,250,0.03,0,16,32.0,32.0,False,False,0.003044757424706166,False
clustered,250,0.03,4,0,8.0,32.0,False,False,0.016378994838607847,False
clustered,250,0.03,4,4,32.0,32.0,False,False,0.012172469909691792,False
clustered,250,0.03,4,16,32.0,32.0,False,False,0.002973126038725693,False
clustered,250,0.03,16,0,8.0,32.0,False,False,0.016751194654656233,False
clustered,250,0.03,16,4,32.0,32.0,False,False,0.012478309551442317,False
clustered,250,0.03,16,16,32.0,32.0,False,False,0.003094928109278178,False
clustered,250,0.03,32,0,8.0,32.0,False,False,0.017293062747766434,False
clustered,250,0.03,32,4,32.0,32.0,False,False,0.012838549392905603,False
clustered,250,0.03,32,16,32.0,32.0,False,False,0.0031794940995599178,False
clustered,250,0.1,0,0,2.0,1.0,True,False,0.024895770156333968,False
clustered,250,0.1,0,4,16.0,4.0,True,True,0.06918593757659526,True
clustered,250,0.1,0,16,32.0,4.0,True,True,0.016775395997498586,False
clustered,250,0.1,4,0,2.0,1.0,True,False,0.024895770156333968,False
clustered,250,0.1,4,4,16.0,4.0,True,True,0.06918593757659526,True
clustered,250,0.1,4,16,32.0,4.0,True,True,0.016775395997498586,False
clustered,250,0.1,16,0,2.0,1.0,True,False,0.024895770156333968,False
clustered,250,0.1,16,4,16.0,4.0,True,True,0.06918593757659526,True
clustered,250,0.1,16,16,32.0,4.0,True,True,0.01680342779469866,False
clustered,250,0.1,32,0,2.0,1.0,True,False,0.024895770156333968,False
clustered,250,0.1,32,4,16.0,4.0,True,True,0.06933578391645724,True
clustered,250,0.1,32,16,32.0,4.0,True,True,0.016810451839427722,False
clustered,250,0.3,0,0,8.0,1.0,True,False,0.08740163405490176,False
clustered,250,0.3,0,4,8.0,4.0,True,False,0.2369867132129319,False
clustered,250,0.3,0,16,8.0,4.0,True,False,0.08831011475005374,False
clustered,250,0.3,4,0,8.0,1.0,True,False,0.08740163405490176,False
clustered,250,0.3,4,4,8.0,4.0,True,False,0.2369867132129319,False
clustered,250,0.3,4,16,8.0,4.0,True,False,0.08831011475005374,False
clustered,250,0.3,16,0,8.0,1.0,True,False,0.08740163405490176,False
clustered,250,0.3,16,4,8.0,4.0,True,False,0.2369867132129319,False
clustered,250,0.3,16,16,8.0,4.0,True,False,0.08436983711898594,False
clustered,250,0.3,32,0,16.0,1.0,True,True,0.08740163405490176,True
clustered,250,0.3,32,4,16.0,4.0,True,True,0.23897049396229292,True
clustered,250,0.3,32,16,8.0,4.0,True,False,0.08079144182783536,False
clustered,250,1.0,0,0,4.0,1.0,True,False,0.10107383312684713,False
clustered,250,1.0,0,4,4.0,4.0,True,False,0.30940275174287596,False
clustered,250,1.0,0,16,2.0,4.0,False,False,0.0848890183676562,False
clustered,250,1.0,4,0,4.0,1.0,True,False,0.10107383312684713,False
clustered,250,1.0,4,4,4.0,4.0,True,False,0.30940275174287596,False
clustered,250,1.0,4,16,2.0,4.0,False,False,0.0848890183676562,False
clustered,250,1.0,16,0,4.0,1.0,True,False,0.10107383312684713,False
clustered,250,1.0,16,4,4.0,4.0,True,False,0.30940275174287596,False
clustered,250,1.0,16,16,2.0,4.0,False,False,0.0848890183676562,False
clustered,250,1.0,32,0,8.0,1.0,True,False,0.10107383312684713,False
clustered,250,1.0,32,4,4.0,4.0,True,False,0.30581104134337966,False
clustered,250,1.0,32,16,4.0,4.0,True,False,0.12188303942102428,False
clustered,500,0.01,0,0,32.0,32.0,True,False,0.4336058838003256,False
clustered,500,0.01,0,4,32.0,32.0,True,False,0.35128385116738997,False
clustered,500,0.01,0,16,32.0,32.0,True,False,0.15941024059038203,False
clustered,500,0.01,4,0,32.0,32.0,True,False,0.43072450946355584,False
clustered,500,0.01,4,4,32.0,32.0,True,False,0.3488192660230345,False
clustered,500,0.01,4,16,32.0,32.0,True,False,0.15761782809976402,False
clustered,500,0.01,16,0,32.0,32.0,True,False,0.4287241919527157,False
clustered,500,0.01,16,4,32.0,32.0,True,False,0.347990598488707,False
clustered,500,0.01,16,16,32.0,32.0,True,False,0.15769560543463246,False
clustered,500,0.01,32,0,32.0,32.0,True,False,0.435062324172201,False
clustered,500,0.01,32,4,32.0,32.0,True,False,0.3538503350007424,False
clustered,500,0.01,32,16,32.0,32.0,True,False,0.16105405614951512,False
clustered,500,0.03,0,0,8.0,32.0,False,False,0.029802413686413065,False
clustered,500,0.03,0,4,32.0,32.0,False,False,0.0223567500817817,False
clustered,500,0.03,0,16,32.0,32.0,False,False,0.008084714002300342,False
clustered,500,0.03,4,0,8.0,32.0,False,False,0.029548483387493853,False
clustered,500,0.03,4,4,32.0,32.0,False,False,0.02213310797040018,False
clustered,500,0.03,4,16,32.0,32.0,False,False,0.007897896820267678,False
clustered,500,0.03,16,0,8.0,32.0,False,False,0.029684740169698066,False
clustered,500,0.03,16,4,32.0,32.0,False,False,0.022286833776197425,False
clustered,500,0.03,16,16,32.0,32.0,False,False,0.007974464799621639,False
clustered,500,0.03,32,0,8.0,32.0,False,False,0.030805456582430966,False
clustered,500,0.03,32,4,32.0,32.0,False,False,0.023202409385201968,False
clustered,500,0.03,32,16,32.0,32.0,False,False,0.00841627538983634,False
clustered,500,0.1,0,0,1.0,2.0,False,False,0.032409542067987615,False
clustered,500,0.1,0,4,32.0,4.0,True,True,0.11479701009138593,True
clustered,500,0.1,0,16,32.0,4.0,True,True,0.037609605035220886,False
clustered,500,0.1,4,0,1.0,2.0,False,False,0.032409542067987615,False
clustered,500,0.1,4,4,32.0,4.0,True,True,0.11479701009138593,True
clustered,500,0.1,4,16,32.0,4.0,True,True,0.037609605035220886,False
clustered,500,0.1,16,0,32.0,2.0,False,False,0.032409542067987615,False
clustered,500,0.1,16,4,32.0,4.0,True,True,0.11479701009138593,True
clustered,500,0.1,16,16,32.0,4.0,True,True,0.037776394191552425,False
clustered,500,0.1,32,0,32.0,2.0,False,False,0.032521206224725874,False
clustered,500,0.1,32,4,32.0,4.0,True,True,0.11469754178413767,True
clustered,500,0.1,32,16,32.0,4.0,True,True,0.03783644154641952,False
clustered,500,0.3,0,0,1.0,1.0,True,False,0.09371826765234284,False
clustered,500,0.3,0,4,16.0,4.0,True,True,0.2694410762316401,True
clustered,500,0.3,0,16,8.0,4.0,True,False,0.13631052026235652,False
clustered,500,0.3,4,0,1.0,1.0,True,False,0.09371826765234284,False
clustered,500,0.3,4,4,16.0,4.0,True,True,0.2694410762316401,True
clustered,500,0.3,4,16,16.0,4.0,True,True,0.13631052026235652,True
clustered,500,0.3,16,0,32.0,1.0,True,True,0.09371826765234284,True
clustered,500,0.3,16,4,32.0,4.0,True,True,0.2694410762316401,True
clustered,500,0.3,16,16,16.0,4.0,True,True,0.1333829527686305,True
clustered,500,0.3,32,0,32.0,1.0,True,True,0.09371826765234284,True
clustered,500,0.3,32,4,32.0,4.0,True,True,0.27196329677906067,True
clustered,500,0.3,32,16,16.0,4.0,True,True,0.12788382263851766,True
clustered,500,1.0,0,0,2.0,1.0,True,False,0.1137448885924468,False
clustered,500,1.0,0,4,8.0,4.0,True,False,0.3569648309679388,False
clustered,500,1.0,0,16,4.0,4.0,True,False,0.3227943563234216,False
clustered,500,1.0,4,0,2.0,1.0,True,False,0.1137448885924468,False
clustered,500,1.0,4,4,8.0,4.0,True,False,0.3569648309679388,False
clustered,500,1.0,4,16,4.0,4.0,True,False,0.3227943563234216,False
clustered,500,1.0,16,0,32.0,1.0,True,True,0.1137448885924468,True
clustered,500,1.0,16,4,8.0,4.0,True,False,0.3569648309679388,False
clustered,500,1.0,16,16,4.0,4.0,True,False,0.24572705789264188,False
clustered,500,1.0,32,0,16.0,1.0,True,True,0.1137448885924468,True
clustered,500,1.0,32,4,16.0,4.0,True,True,0.3607449243048426,True
clustered,500,1.0,32,16,16.0,4.0,True,True,0.16331154993516248,True
clustered,1000,0.01,0,0,32.0,32.0,True,False,0.4991172420986354,False
clustered,1000,0.01,0,4,32.0,32.0,True,False,0.4143950115947695,False
clustered,1000,0.01,0,16,32.0,32.0,True,False,0.24072340101642853,False
clustered,1000,0.01,4,0,32.0,32.0,True,False,0.4945637644701201,False
clustered,1000,0.01,4,4,32.0,32.0,True,False,0.4103293396121734,False
clustered,1000,0.01,4,16,32.0,32.0,True,False,0.2376019439607238,False
clustered,1000,0.01,16,0,32.0,32.0,True,False,0.48473872540710405,False
clustered,1000,0.01,16,4,32.0,32.0,True,False,0.40218246259872564,False
clustered,1000,0.01,16,16,32.0,32.0,True,False,0.23251993306458846,False
clustered,1000,0.01,32,0,32.0,32.0,True,False,0.4813123924284524,False
clustered,1000,0.01,32,4,32.0,32.0,True,False,0.40121986406096033,False
clustered,1000,0.01,32,16,32.0,32.0,True,False,0.23473442229466596,False
clustered,1000,0.03,0,0,8.0,32.0,False,False,0.04803382051785481,False
clustered,1000,0.03,0,4,32.0,32.0,False,False,0.03632752173574926,False
clustered,1000,0.03,0,16,32.0,32.0,False,False,0.016626252476031306,False
clustered,1000,0.03,4,0,8.0,32.0,False,False,0.04745648734047971,False
clustered,1000,0.03,4,4,32.0,32.0,False,False,0.03581181385081945,False
clustered,1000,0.03,4,16,32.0,32.0,False,False,0.01622164927208184,False
clustered,1000,0.03,16,0,8.0,32.0,False,False,0.04665969300946443,False
clustered,1000,0.03,16,4,32.0,32.0,False,False,0.0351167804450119,False
clustered,1000,0.03,16,16,32.0,32.0,False,False,0.015712329399937653,False
clustered,1000,0.03,32,0,8.0,32.0,False,False,0.04703453901559822,False
clustered,1000,0.03,32,4,32.0,32.0,False,False,0.035623728000215266,False
clustered,1000,0.03,32,16,32.0,32.0,False,False,0.016283910689228673,False
clustered,1000,0.1,0,0,2.0,2.0,True,False,0.029076618948962376,False
clustered,1000,0.1,0,4,32.0,4.0,True,True,0.17990620313463657,True
clustered,1000,0.1,0,16,32.0,4.0,True,True,0.059455433060624285,True
clustered,1000,0.1,4,0,2.0,2.0,True,False,0.029076618948962376,False
clustered,1000,0.1,4,4,32.0,4.0,True,True,0.17990620313463657,True
clustered,1000,0.1,4,16,32.0,4.0,True,True,0.059455433060624285,True
clustered,1000,0.1,16,0,32.0,2.0,True,True,0.029076618948962376,False
clustered,1000,0.1,16,4,32.0,4.0,True,True,0.17990620313463657,True
clustered,1000,0.1,16,16,32.0,4.0,True,True,0.05928576160171885,True
clustered,1000,0.1,32,0,32.0,2.0,True,True,0.02879113118163711,False
clustered,1000,0.1,32,4,32.0,4.0,True,True,0.17977859972038324,True
clustered,1000,0.1,32,16,32.0,4.0,True,True,0.05908381562042566,True
clustered,1000,0.3,0,0,8.0,1.0,True,False,0.09251035769279456,False
clustered,1000,0.3,0,4,16.0,4.0,True,True,0.309625114935292,True
clustered,1000,0.3,0,16,16.0,4.0,True,True,0.1569049524574987,True
clustered,1000,0.3,4,0,32.0,1.0,True,True,0.09251035769279456,True
clustered,1000,0.3,4,4,32.0,4.0,True,True,0.309625114935292,True
clustered,1000,0.3,4,16,32.0,4.0,True,True,0.1569049524574987,True
clustered,1000,0.3,16,0,32.0,1.0,True,True,0.09251035769279456,True
clustered,1000,0.3,16,4,32.0,4.0,True,True,0.309625114935292,True
clustered,1000,0.3,16,16,32.0,4.0,True,True,0.15158064350823203,True
clustered,1000,0.3,32,0,32.0,1.0,True,True,0.09251035769279456,True
clustered,1000,0.3,32,4,32.0,4.0,True,True,0.3105663697972625,True
clustered,1000,0.3,32,16,32.0,4.0,True,True,0.14397985497324192,True
clustered,1000,1.0,0,0,1.0,1.0,True,False,0.09370223255928259,False
clustered,1000,1.0,0,4,16.0,4.0,True,True,0.3064241091351078,True
clustered,1000,1.0,0,16,8.0,4.0,True,False,0.1930924847669963,False
clustered,1000,1.0,4,0,1.0,1.0,True,False,0.09370223255928259,False
clustered,1000,1.0,4,4,16.0,4.0,True,True,0.3064241091351078,True
clustered,1000,1.0,4,16,8.0,4.0,True,False,0.1930924847669963,False
clustered,1000,1.0,16,0,16.0,1.0,True,True,0.09370223255928259,True
clustered,1000,1.0,16,4,32.0,4.0,True,True,0.3064241091351078,True
clustered,1000,1.0,16,16,16.0,4.0,True,True,0.1955036812086722,True
clustered,1000,1.0,32,0,32.0,1.0,True,True,0.09370223255928259,True
clustered,1000,1.0,32,4,16.0,4.0,True,True,0.31000370942068256,True
clustered,1000,1.0,32,16,16.0,4.0,True,True,0.15648175912022183,True
clustered,2000,0.01,0,0,32.0,32.0,True,False,0.509429735792073,False
clustered,2000,0.01,0,4,32.0,32.0,True,False,0.4203197144753134,False
clustered,2000,0.01,0,16,32.0,32.0,True,False,0.25871884477433427,False
clustered,2000,0.01,4,0,32.0,32.0,True,False,0.5037879779662522,False
clustered,2000,0.01,4,4,32.0,32.0,True,False,0.4151422847891219,False
clustered,2000,0.01,4,16,32.0,32.0,True,False,0.25444232280398116,False
clustered,2000,0.01,16,0,32.0,32.0,True,False,0.48823021385803905,False
clustered,2000,0.01,16,4,32.0,32.0,True,False,0.40123176533685545,False
clustered,2000,0.01,16,16,32.0,32.0,True,False,0.24371783117182996,False
clustered,2000,0.01,32,0,32.0,32.0,True,False,0.47281011352690355,False
clustered,2000,0.01,32,4,32.0,32.0,True,False,0.3882495240576862,False
clustered,2000,0.01,32,16,32.0,32.0,True,False,0.23572693506617887,False
clustered,2000,0.03,0,0,16.0,32.0,False,False,0.07021218523297693,False
clustered,2000,0.03,0,4,32.0,32.0,False,False,0.05263486519617881,False
clustered,2000,0.03,0,16,32.0,32.0,False,False,0.024757855110025814,False
clustered,2000,0.03,4,0,16.0,32.0,False,False,0.0691031001094353,False
clustered,2000,0.03,4,4,32.0,32.0,False,False,0.05161808816958438,False
clustered,2000,0.03,4,16,32.0,32.0,False,False,0.023941824074412914,False
clustered,2000,0.03,16,0,16.0,32.0,False,False,0.06664984896522964,False
clustered,2000,0.03,16,4,32.0,32.0,False,False,0.04934302910995016,False
clustered,2000,0.03,16,16,32.0,32.0,False,False,0.022110751657044396,False
clustered,2000,0.03,32,0,16.0,32.0,False,False,0.06450170572871727,False
clustered,2000,0.03,32,4,32.0,32.0,False,False,0.04746830367194093,False
clustered,2000,0.03,32,16,32.0,32.0,False,False,0.02092134192942251,False
clustered,2000,0.1,0,0,4.0,4.0,True,False,0.2592479414139509,False
clustered,2000,0.1,0,4,32.0,4.0,True,True,0.22103466390716434,True
clustered,2000,0.1,0,16,32.0,4.0,True,True,0.08755510452762015,True
clustered,2000,0.1,4,0,4.0,4.0,True,False,0.2592479414139509,False
clustered,2000,0.1,4,4,32.0,4.0,True,True,0.22103466390716434,True
clustered,2000,0.1,4,16,32.0,4.0,True,True,0.08755510452762015,True
clustered,2000,0.1,16,0,32.0,4.0,True,True,0.2592479414139509,True
clustered,2000,0.1,16,4,32.0,4.0,True,True,0.22103466390716434,True
clustered,2000,0.1,16,16,32.0,4.0,True,True,0.08711415729794224,True
clustered,2000,0.1,32,0,32.0,4.0,True,True,0.2588369095835215,True
clustered,2000,0.1,32,4,32.0,4.0,True,True,0.2213734989237777,True
clustered,2000,0.1,32,16,32.0,4.0,True,True,0.08661999464250446,True
clustered,2000,0.3,0,0,2.0,2.0,True,False,0.06067472506023148,False
clustered,2000,0.3,0,4,32.0,4.0,True,True,0.31053201426075255,True
clustered,2000,0.3,0,16,32.0,4.0,True,True,0.16135142541589517,True
clustered,2000,0.3,4,0,2.0,2.0,True,False,0.06067472506023148,False
clustered,2000,0.3,4,4,32.0,4.0,True,True,0.31053201426075255,True
clustered,2000,0.3,4,16,32.0,4.0,True,True,0.16135142541589517,True
clustered,2000,0.3,16,0,32.0,2.0,True,True,0.06067472506023148,True
clustered,2000,0.3,16,4,32.0,4.0,True,True,0.31053201426075255,True
clustered,2000,0.3,16,16,32.0,4.0,True,True,0.15720559688074992,True
clustered,2000,0.3,32,0,32.0,2.0,True,True,0.05996423028163369,True
clustered,2000,0.3,32,4,32.0,4.0,True,True,0.30955164116144496,True
clustered,2000,0.3,32,16,32.0,4.0,True,True,0.1506564410844212,True
clustered,2000,1.0,0,0,16.0,2.0,True,True,0.0477769380108025,False
clustered,2000,1.0,0,4,32.0,4.0,True,True,0.35351635898309414,True
clustered,2000,1.0,0,16,32.0,4.0,True,True,0.15255205460161966,True
clustered,2000,1.0,4,0,16.0,2.0,True,True,0.0477769380108025,False
clustered,2000,1.0,4,4,32.0,4.0,True,True,0.35351635898309414,True
clustered,2000,1.0,4,16,32.0,4.0,True,True,0.15255205460161966,True
clustered,2000,1.0,16,0,32.0,2.0,True,True,0.0477769380108025,False
clustered,2000,1.0,16,4,32.0,4.0,True,True,0.35351635898309414,True
clustered,2000,1.0,16,16,32.0,4.0,True,True,0.15134995197597065,True
clustered,2000,1.0,32,0,32.0,2.0,True,True,0.0477769380108025,False
clustered,2000,1.0,32,4,16.0,4.0,True,True,0.3513561410249552,True
clustered,2000,1.0,32,16,32.0,4.0,True,True,0.16067143477826396,True
clustered,4000,0.01,0,0,32.0,32.0,True,False,0.39200323483279353,False
clustered,4000,0.01,0,4,32.0,32.0,True,False,0.3459490865666086,False
clustered,4000,0.01,0,16,32.0,32.0,True,False,0.24342512586991785,False
clustered,4000,0.01,4,0,32.0,32.0,True,False,0.38640103259231756,False
clustered,4000,0.01,4,4,32.0,32.0,True,False,0.34057693570146175,False
clustered,4000,0.01,4,16,32.0,32.0,True,False,0.23858433357276648,False
clustered,4000,0.01,16,0,32.0,32.0,True,False,0.3692082938200933,False
clustered,4000,0.01,16,4,32.0,32.0,True,False,0.3243836425584152,False
clustered,4000,0.01,16,16,32.0,32.0,True,False,0.22455588726696746,False
clustered,4000,0.01,32,0,32.0,32.0,True,False,0.3486773445912786,False
clustered,4000,0.01,32,4,32.0,32.0,True,False,0.3053975360292768,False
clustered,4000,0.01,32,16,32.0,32.0,True,False,0.20904829018256427,False
clustered,4000,0.03,0,0,32.0,32.0,False,False,0.07216396931532783,False
clustered,4000,0.03,0,4,32.0,32.0,False,False,0.05843144973231098,False
clustered,4000,0.03,0,16,32.0,32.0,False,False,0.03177280868002063,False
clustered,4000,0.03,4,0,32.0,32.0,False,False,0.07031305100092024,False
clustered,4000,0.03,4,4,32.0,32.0,False,False,0.05671072534923387,False
clustered,4000,0.03,4,16,32.0,32.0,False,False,0.030342822573102914,False
clustered,4000,0.03,16,0,32.0,32.0,False,False,0.0652572123778438,False
clustered,4000,0.03,16,4,32.0,32.0,False,False,0.05203253974037553,False
clustered,4000,0.03,16,16,32.0,32.0,False,False,0.026480301677313092,False
clustered,4000,0.03,32,0,32.0,32.0,False,False,0.059215758380020043,False
clustered,4000,0.03,32,4,32.0,32.0,False,False,0.04654433203472005,False
clustered,4000,0.03,32,16,32.0,32.0,False,False,0.022205529484976776,False
clustered,4000,0.1,0,0,16.0,4.0,True,True,0.45459706157102703,True
clustered,4000,0.1,0,4,32.0,4.0,True,True,0.3106504551860293,True
clustered,4000,0.1,0,16,32.0,4.0,True,True,0.11382373481367968,True
clustered,4000,0.1,4,0,32.0,4.0,True,True,0.45459706157102703,True
clustered,4000,0.1,4,4,32.0,4.0,True,True,0.3106504551860293,True
clustered,4000,0.1,4,16,32.0,4.0,True,True,0.11382373481367968,True
clustered,4000,0.1,16,0,32.0,4.0,True,True,0.45530306422891814,True
clustered,4000,0.1,16,4,32.0,4.0,True,True,0.3111305436888533,True
clustered,4000,0.1,16,16,32.0,4.0,True,True,0.11345019996292813,True
clustered,4000,0.1,32,0,32.0,4.0,True,True,0.4550249281108158,True
clustered,4000,0.1,32,4,32.0,4.0,True,True,0.3114392048594159,True
clustered,4000,0.1,32,16,32.0,4.0,True,True,0.11283601260197544,True
clustered,4000,0.3,0,0,32.0,4.0,True,True,0.36858152295027413,True
clustered,4000,0.3,0,4,32.0,4.0,True,True,0.3324566837732875,True
clustered,4000,0.3,0,16,32.0,4.0,True,True,0.1431111135961668,True
clustered,4000,0.3,4,0,32.0,4.0,True,True,0.36858152295027413,True
clustered,4000,0.3,4,4,32.0,4.0,True,True,0.3324566837732875,True
clustered,4000,0.3,4,16,32.0,4.0,True,True,0.1431111135961668,True
clustered,4000,0.3,16,0,32.0,4.0,True,True,0.36858152295027413,True
clustered,4000,0.3,16,4,32.0,4.0,True,True,0.3324566837732875,True
clustered,4000,0.3,16,16,32.0,4.0,True,True,0.14164936570834463,True
clustered,4000,0.3,32,0,32.0,4.0,True,True,0.3679302934348299,True
clustered,4000,0.3,32,4,32.0,4.0,True,True,0.3333498304375642,True
clustered,4000,0.3,32,16,32.0,4.0,True,True,0.1377714023123015,True
clustered,4000,1.0,0,0,8.0,4.0,False,False,0.02035172983794625,False
clustered,4000,1.0,0,4,32.0,4.0,True,True,0.3885422280280739,True
clustered,4000,1.0,0,16,32.0,4.0,True,True,0.1856788288546664,True
clustered,4000,1.0,4,0,32.0,4.0,False,False,0.02035172983794625,False
clustered,4000,1.0,4,4,32.0,4.0,True,True,0.3885422280280739,True
clustered,4000,1.0,4,16,32.0,4.0,True,True,0.1856788288546664,True
clustered,4000,1.0,16,0,32.0,4.0,False,False,0.02035172983794625,False
clustered,4000,1.0,16,4,32.0,4.0,True,True,0.3885422280280739,True
clustered,4000,1.0,16,16,32.0,4.0,True,True,0.17695831044148072,True
clustered,4000,1.0,32,0,32.0,4.0,False,False,0.021402815043983014,False
clustered,4000,1.0,32,4,32.0,4.0,True,True,0.3891039770829872,True
clustered,4000,1.0,32,16,32.0,4.0,True,True,0.16212975614018693,True
clustered,8000,0.01,0,0,32.0,32.0,True,False,0.1985453281376826,False
clustered,8000,0.01,0,4,32.0,32.0,True,False,0.20012178219939317,False
clustered,8000,0.01,0,16,32.0,32.0,True,False,0.17599760197649722,False
clustered,8000,0.01,4,0,32.0,32.0,True,False,0.1939520142473266,False
clustered,8000,0.01,4,4,32.0,32.0,True,False,0.19547443994530062,False
clustered,8000,0.01,4,16,32.0,32.0,True,False,0.1713643382655823,False
clustered,8000,0.01,16,0,32.0,32.0,True,False,0.17909869308635967,False
clustered,8000,0.01,16,4,32.0,32.0,True,False,0.1806434980291259,False
clustered,8000,0.01,16,16,32.0,32.0,True,False,0.15701176941007491,False
clustered,8000,0.01,32,0,32.0,32.0,True,False,0.1602800491439749,False
clustered,8000,0.01,32,4,32.0,32.0,True,False,0.16197748145009502,False
clustered,8000,0.01,32,16,32.0,32.0,True,False,0.1393322970898477,False
clustered,8000,0.03,0,0,32.0,32.0,False,False,0.0352311044098835,False
clustered,8000,0.03,0,4,32.0,32.0,False,False,0.03451326384809866,False
clustered,8000,0.03,0,16,32.0,32.0,False,False,0.02511041054547171,False
clustered,8000,0.03,4,0,32.0,32.0,False,False,0.03277019533071539,False
clustered,8000,0.03,4,4,32.0,32.0,False,False,0.03214369575665895,False
clustered,8000,0.03,4,16,32.0,32.0,False,False,0.022997874949373828,False
clustered,8000,0.03,16,0,32.0,32.0,False,False,0.025317641585274157,False
clustered,8000,0.03,16,4,32.0,32.0,False,False,0.025033765401800915,False
clustered,8000,0.03,16,16,32.0,32.0,False,False,0.016756273804344628,False
clustered,8000,0.03,32,0,32.0,32.0,False,False,0.012883698875175823,False
clustered,8000,0.03,32,4,32.0,32.0,False,False,0.015979265015434185,False
clustered,8000,0.03,32,16,32.0,32.0,False,False,0.008952444359419647,False
clustered,8000,0.1,0,0,8.0,4.0,True,False,0.040711131074369356,False
clustered,8000,0.1,0,4,32.0,4.0,True,True,0.17754257970043416,True
clustered,8000,0.1,0,16,32.0,4.0,True,True,0.1319709845129586,True
clustered,8000,0.1,4,0,8.0,4.0,True,False,0.040711131074369356,False
clustered,8000,0.1,4,4,32.0,4.0,True,True,0.17754257970043416,True
clustered,8000,0.1,4,16,32.0,4.0,True,True,0.1319709845129586,True
clustered,8000,0.1,16,0,8.0,4.0,True,False,0.04216084986355242,False
clustered,8000,0.1,16,4,32.0,4.0,True,True,0.17788510238818692,True
clustered,8000,0.1,16,16,32.0,4.0,True,True,0.1323856231017942,True
clustered,8000,0.1,32,0,32.0,4.0,True,True,0.043043928204791373,False
clustered,8000,0.1,32,4,32.0,4.0,True,True,0.17731356685539432,True
clustered,8000,0.1,32,16,32.0,4.0,True,True,0.13317477867135222,True
clustered,8000,0.3,0,0,16.0,4.0,True,True,0.3667739285465499,True
clustered,8000,0.3,0,4,32.0,4.0,True,True,0.3995702942204734,True
clustered,8000,0.3,0,16,32.0,4.0,True,True,0.164883477265266,True
clustered,8000,0.3,4,0,16.0,4.0,True,True,0.3667739285465499,True
clustered,8000,0.3,4,4,32.0,4.0,True,True,0.3995702942204734,True
clustered,8000,0.3,4,16,32.0,4.0,True,True,0.164883477265266,True
clustered,8000,0.3,16,0,32.0,4.0,True,True,0.3677461678294436,True
clustered,8000,0.3,16,4,32.0,4.0,True,True,0.3986393897761834,True
clustered,8000,0.3,16,16,32.0,4.0,True,True,0.16610381721984382,True
clustered,8000,0.3,32,0,32.0,4.0,True,True,0.36758761766231673,True
clustered,8000,0.3,32,4,32.0,4.0,True,True,0.39664440197623674,True
clustered,8000,0.3,32,16,32.0,4.0,True,True,0.1683931766656385,True
clustered,8000,1.0,0,0,4.0,4.0,True,False,0.8083204920305832,False
clustered,8000,1.0,0,4,32.0,4.0,True,True,0.3452784988862169,True
clustered,8000,1.0,0,16,32.0,4.0,True,True,0.18733857062441198,True
clustered,8000,1.0,4,0,4.0,4.0,True,False,0.8083204920305832,False
clustered,8000,1.0,4,4,32.0,4.0,True,True,0.3452784988862169,True
clustered,8000,1.0,4,16,32.0,4.0,True,True,0.18733857062441198,True
clustered,8000,1.0,16,0,32.0,4.0,True,True,0.8055249546206432,True
clustered,8000,1.0,16,4,32.0,4.0,True,True,0.3452784988862169,True
clustered,8000,1.0,16,16,32.0,4.0,True,True,0.191082806814142,True
clustered,8000,1.0,32,0,32.0,4.0,True,True,0.8000837778622327,True
clustered,8000,1.0,32,4,32.0,4.0,True,True,0.3466642978091072,True
clustered,8000,1.0,32,16,32.0,4.0,True,True,0.1969333405596696,True
global,250,0.01,0,0,32.0,32.0,True,False,0.9747546562105048,False
global,250,0.01,0,4,32.0,32.0,True,False,0.8469066338162538,False
global,250,0.01,0,16,32.0,32.0,True,False,0.32402203982072286,False
global,250,0.01,4,0,32.0,32.0,True,False,0.9682180825655599,False
global,250,0.01,4,4,32.0,32.0,True,False,0.841289462523935,False
global,250,0.01,4,16,32.0,32.0,True,False,0.32038537851102594,False
global,250,0.01,16,0,32.0,32.0,True,False,0.9726339737569848,False
global,250,0.01,16,4,32.0,32.0,True,False,0.8469032185126756,False
global,250,0.01,16,16,32.0,32.0,True,False,0.32381466035444234,False
global,250,0.01,32,0,32.0,32.0,True,False,0.9854156611514793,False
global,250,0.01,32,4,32.0,32.0,True,False,0.8568375337203055,False
global,250,0.01,32,16,32.0,32.0,True,False,0.32659507280452893,False
global,250,0.03,0,0,8.0,32.0,False,False,0.6209927694577969,False
global,250,0.03,0,4,16.0,32.0,False,False,0.5115788758028662,False
global,250,0.03,0,16,32.0,32.0,True,False,0.18265858360809262,False
global,250,0.03,4,0,8.0,32.0,False,False,0.6178440079565702,False
global,250,0.03,4,4,32.0,32.0,True,False,0.5090414629447121,False
global,250,0.03,4,16,32.0,32.0,True,False,0.18090059933095404,False
global,250,0.03,16,0,8.0,32.0,False,False,0.6220188625915772,False
global,250,0.03,16,4,32.0,32.0,True,False,0.5134088926685193,False
global,250,0.03,16,16,32.0,32.0,True,False,0.18312542851718977,False
global,250,0.03,32,0,8.0,32.0,False,False,0.6306158569722369,False
global,250,0.03,32,4,32.0,32.0,True,False,0.5197234623056465,False
global,250,0.03,32,16,32.0,32.0,True,False,0.18477933438624655,False
global,250,0.1,0,0,2.0,32.0,False,False,0.09363066006931746,False
global,250,0.1,0,4,16.0,32.0,False,False,0.07152805143094523,False
global,250,0.1,0,16,32.0,32.0,False,False,0.023164470691777517,False
global,250,0.1,4,0,2.0,32.0,False,False,0.0933535084192376,False
global,250,0.1,4,4,16.0,32.0,False,False,0.07130348425257046,False
global,250,0.1,4,16,32.0,32.0,False,False,0.022951814728189718,False
global,250,0.1,16,0,2.0,32.0,False,False,0.09444900074475075,False
global,250,0.1,16,4,16.0,32.0,False,False,0.07222615253491203,False
global,250,0.1,16,16,32.0,32.0,False,False,0.023333884197638675,False
global,250,0.1,32,0,2.0,32.0,False,False,0.09607121828658215,False
global,250,0.1,32,4,16.0,32.0,False,False,0.07331922258895278,False
global,250,0.1,32,16,32.0,32.0,False,False,0.023595722697961057,False
global,250,0.3,0,0,8.0,1.0,True,False,0.3730342238387123,False
global,250,0.3,0,4,8.0,1.0,True,False,0.049187489900675355,False
global,250,0.3,0,16,8.0,1.0,True,False,0.008894506978433381,False
global,250,0.3,4,0,8.0,1.0,True,False,0.3730342238387123,False
global,250,0.3,4,4,8.0,1.0,True,False,0.049187489900675355,False
global,250,0.3,4,16,8.0,1.0,True,False,0.008894506978433381,False
global,250,0.3,16,0,8.0,1.0,True,False,0.3730342238387123,False
global,250,0.3,16,4,8.0,1.0,True,False,0.049187489900675355,False
global,250,0.3,16,16,8.0,1.0,True,False,0.008894506978433381,False
global,250,0.3,32,0,16.0,1.0,True,True,0.3730342238387123,True
global,250,0.3,32,4,16.0,1.0,True,True,0.049187489900675355,False
global,250,0.3,32,16,8.0,1.0,True,False,0.008894506978433381,False
global,250,1.0,0,0,4.0,1.0,True,False,0.8215606704649369,False
global,250,1.0,0,4,4.0,1.0,True,False,0.19961614147453238,False
global,250,1.0,0,16,2.0,1.0,True,False,0.06629725927030224,False
global,250,1.0,4,0,4.0,1.0,True,False,0.8215606704649369,False
global,250,1.0,4,4,4.0,1.0,True,False,0.19961614147453238,False
global,250,1.0,4,16,2.0,1.0,True,False,0.06629725927030224,False
global,250,1.0,16,0,4.0,1.0,True,False,0.8215606704649369,False
global,250,1.0,16,4,4.0,1.0,True,False,0.19961614147453238,False
global,250,1.0,16,16,2.0,1.0,True,False,0.06629725927030224,False
global,250,1.0,32,0,8.0,1.0,True,False,0.8215606704649369,False
global,250,1.0,32,4,4.0,1.0,True,False,0.19961614147453238,False
global,250,1.0,32,16,4.0,1.0,True,False,0.06629725927030224,False
global,500,0.01,0,0,32.0,32.0,True,False,0.90450215791577,False
global,500,0.01,0,4,32.0,32.0,True,False,0.7875607817704054,False
global,500,0.01,0,16,32.0,32.0,True,False,0.4217420737811338,False
global,500,0.01,4,0,32.0,32.0,True,False,0.8964475001556061,False
global,500,0.01,4,4,32.0,32.0,True,False,0.7802159636339081,False
global,500,0.01,4,16,32.0,32.0,True,False,0.41625822348670866,False
global,500,0.01,16,0,32.0,32.0,True,False,0.8865190006490348,False
global,500,0.01,16,4,32.0,32.0,True,False,0.7735491791254232,False
global,500,0.01,16,16,32.0,32.0,True,False,0.4142828319540275,False
global,500,0.01,32,0,32.0,32.0,True,False,0.8963491402589965,False
global,500,0.01,32,4,32.0,32.0,True,False,0.7839196036397877,False
global,500,0.01,32,16,32.0,32.0,True,False,0.4215994579987393,False
global,500,0.03,0,0,8.0,32.0,False,False,0.7055278739975877,False
global,500,0.03,0,4,32.0,32.0,True,False,0.5956813632258113,False
global,500,0.03,0,16,32.0,32.0,True,False,0.29880242024026865,False
global,500,0.03,4,0,8.0,32.0,False,False,0.7000524876009772,False
global,500,0.03,4,4,32.0,32.0,True,False,0.5908656473653152,False
global,500,0.03,4,16,32.0,32.0,True,False,0.2953253215200427,False
global,500,0.03,16,0,8.0,32.0,False,False,0.6943813214499654,False
global,500,0.03,16,4,32.0,32.0,True,False,0.5875556187078472,False
global,500,0.03,16,16,32.0,32.0,True,False,0.29472227209892765,False
global,500,0.03,32,0,8.0,32.0,False,False,0.7030331418536035,False
global,500,0.03,32,4,32.0,32.0,True,False,0.5961545057004157,False
global,500,0.03,32,16,32.0,32.0,True,False,0.30022999432207165,False
global,500,0.1,0,0,1.0,32.0,False,False,0.15971277771798392,False
global,500,0.1,0,4,32.0,32.0,False,False,0.12435429474325879,False
global,500,0.1,0,16,32.0,32.0,False,False,0.05357135985073677,False
global,500,0.1,4,0,1.0,32.0,False,False,0.15889772226587653,False
global,500,0.1,4,4,32.0,32.0,False,False,0.12365552655013672,False
global,500,0.1,4,16,32.0,32.0,False,False,0.05302273301247061,False
global,500,0.1,16,0,32.0,32.0,False,False,0.15899929587872624,False
global,500,0.1,16,4,32.0,32.0,False,False,0.12394271357853692,False
global,500,0.1,16,16,32.0,32.0,False,False,0.05324267369833084,False
global,500,0.1,32,0,32.0,32.0,False,False,0.16199032101475352,False
global,500,0.1,32,4,32.0,32.0,False,False,0.12647669304751716,False
global,500,0.1,32,16,32.0,32.0,False,False,0.05453034290065925,False
global,500,0.3,0,0,1.0,1.0,True,False,0.4937843079457364,False
global,500,0.3,0,4,16.0,1.0,True,True,0.0821427687629024,True
global,500,0.3,0,16,8.0,1.0,True,False,0.017813359699299914,False
global,500,0.3,4,0,1.0,1.0,True,False,0.4937843079457364,False
global,500,0.3,4,4,16.0,1.0,True,True,0.0821427687629024,True
global,500,0.3,4,16,16.0,1.0,True,True,0.017813359699299914,False
global,500,0.3,16,0,32.0,1.0,True,True,0.4937843079457364,True
global,500,0.3,16,4,32.0,1.0,True,True,0.0821427687629024,True
global,500,0.3,16,16,16.0,1.0,True,True,0.017813359699299914,False
global,500,0.3,32,0,32.0,1.0,True,True,0.4937843079457364,True
global,500,0.3,32,4,32.0,1.0,True,True,0.0821427687629024,True
global,500,0.3,32,16,16.0,1.0,True,True,0.017813359699299914,False
global,500,1.0,0,0,2.0,1.0,True,False,0.8713900635156765,False
global,500,1.0,0,4,8.0,1.0,True,False,0.23138456154990672,False
global,500,1.0,0,16,4.0,1.0,True,False,0.09422512138176597,False
global,500,1.0,4,0,2.0,1.0,True,False,0.8713900635156765,False
global,500,1.0,4,4,8.0,1.0,True,False,0.23138456154990672,False
global,500,1.0,4,16,4.0,1.0,True,False,0.09422512138176597,False
global,500,1.0,16,0,32.0,1.0,True,True,0.8713900635156765,True
global,500,1.0,16,4,8.0,1.0,True,False,0.23138456154990672,False
global,500,1.0,16,16,4.0,1.0,True,False,0.09422512138176597,False
global,500,1.0,32,0,16.0,1.0,True,True,0.8713900635156765,True
global,500,1.0,32,4,16.0,1.0,True,True,0.23138456154990672,True
global,500,1.0,32,16,16.0,1.0,True,True,0.09422512138176597,True
global,1000,0.01,0,0,32.0,32.0,True,False,0.7949127391820475,False
global,1000,0.01,0,4,32.0,32.0,True,False,0.6929325886253204,False
global,1000,0.01,0,16,32.0,32.0,True,False,0.45812695407180537,False
global,1000,0.01,4,0,32.0,32.0,True,False,0.7866389837150716,False
global,1000,0.01,4,4,32.0,32.0,True,False,0.685212483294772,False
global,1000,0.01,4,16,32.0,32.0,True,False,0.4516755851995443,False
global,1000,0.01,16,0,32.0,32.0,True,False,0.7671565207244225,False
global,1000,0.01,16,4,32.0,32.0,True,False,0.6681509776996806,False
global,1000,0.01,16,16,32.0,32.0,True,False,0.4399030944086982,False
global,1000,0.01,32,0,32.0,32.0,True,False,0.7580125946718665,False
global,1000,0.01,32,4,32.0,32.0,True,False,0.6633517898011319,False
global,1000,0.01,32,16,32.0,32.0,True,False,0.44203296664012265,False
global,1000,0.03,0,0,8.0,32.0,False,False,0.6942202118604454,False
global,1000,0.03,0,4,32.0,32.0,True,False,0.5950641231166524,False
global,1000,0.03,0,16,32.0,32.0,True,False,0.37647330116069955,False
global,1000,0.03,4,0,8.0,32.0,False,False,0.687438068045146,False
global,1000,0.03,4,4,32.0,32.0,True,False,0.5888576788638054,False
global,1000,0.03,4,16,32.0,32.0,True,False,0.37149806677417013,False
global,1000,0.03,16,0,8.0,32.0,False,False,0.6719165487580654,False
global,1000,0.03,16,4,32.0,32.0,True,False,0.5755867815897607,False
global,1000,0.03,16,16,32.0,32.0,True,False,0.36280055367292596,False
global,1000,0.03,32,0,8.0,32.0,False,False,0.6652220362755349,False
global,1000,0.03,32,4,32.0,32.0,True,False,0.5725598201787877,False
global,1000,0.03,32,16,32.0,32.0,True,False,0.3651790533204101,False
global,1000,0.1,0,0,2.0,32.0,False,False,0.23367587975274415,False
global,1000,0.1,0,4,32.0,32.0,False,False,0.1858952669697184,False
global,1000,0.1,0,16,32.0,32.0,False,False,0.08644264197237751,False
global,1000,0.1,4,0,2.0,32.0,False,False,0.23194258528182424,False
global,1000,0.1,4,4,32.0,32.0,False,False,0.18437806313002741,False
global,1000,0.1,4,16,32.0,32.0,False,False,0.08477227826516441,False
global,1000,0.1,16,0,32.0,32.0,False,False,0.22892041566608967,False
global,1000,0.1,16,4,32.0,32.0,False,False,0.18192668025999487,False
global,1000,0.1,16,16,32.0,32.0,False,False,0.0798717509896853,False
global,1000,0.1,32,0,32.0,32.0,False,False,0.22890686143824024,False
global,1000,0.1,32,4,32.0,32.0,False,False,0.18266018124773503,False
global,1000,0.1,32,16,32.0,32.0,False,False,0.07718185296046284,False
global,1000,0.3,0,0,8.0,1.0,True,False,0.28479333840672216,False
global,1000,0.3,0,4,16.0,1.0,True,True,0.1269402130891109,True
global,1000,0.3,0,16,16.0,1.0,True,True,0.03087152415725759,False
global,1000,0.3,4,0,32.0,1.0,True,True,0.28479333840672216,True
global,1000,0.3,4,4,32.0,1.0,True,True,0.1269402130891109,True
global,1000,0.3,4,16,32.0,1.0,True,True,0.03087152415725759,False
global,1000,0.3,16,0,32.0,1.0,True,True,0.28479333840672216,True
global,1000,0.3,16,4,32.0,1.0,True,True,0.1269402130891109,True
global,1000,0.3,16,16,32.0,1.0,True,True,0.03087152415725759,False
global,1000,0.3,32,0,32.0,1.0,True,True,0.28479333840672216,True
global,1000,0.3,32,4,32.0,1.0,True,True,0.1269402130891109,True
global,1000,0.3,32,16,32.0,1.0,True,True,0.03087152415725759,False
global,1000,1.0,0,0,1.0,1.0,True,False,0.9324606879456273,False
global,1000,1.0,0,4,16.0,1.0,True,True,0.25265290535028334,True
global,1000,1.0,0,16,8.0,1.0,True,False,0.1031483705259202,False
global,1000,1.0,4,0,1.0,1.0,True,False,0.9324606879456273,False
global,1000,1.0,4,4,16.0,1.0,True,True,0.25265290535028334,True
global,1000,1.0,4,16,8.0,1.0,True,False,0.1031483705259202,False
global,1000,1.0,16,0,16.0,1.0,True,True,0.9324606879456273,True
global,1000,1.0,16,4,32.0,1.0,True,True,0.25265290535028334,True
global,1000,1.0,16,16,16.0,1.0,True,True,0.1031483705259202,True
global,1000,1.0,32,0,32.0,1.0,True,True,0.9324606879456273,True
global,1000,1.0,32,4,16.0,1.0,True,True,0.25265290535028334,True
global,1000,1.0,32,16,16.0,1.0,True,True,0.1031483705259202,True
global,2000,0.01,0,0,32.0,32.0,True,False,0.6922903922546867,False
global,2000,0.01,0,4,32.0,32.0,True,False,0.5885034207152643,False
global,2000,0.01,0,16,32.0,32.0,True,False,0.39600106306729677,False
global,2000,0.01,4,0,32.0,32.0,True,False,0.6843553273004683,False
global,2000,0.01,4,4,32.0,32.0,True,False,0.5810739824727414,False
global,2000,0.01,4,16,32.0,32.0,True,False,0.3895169240488415,False
global,2000,0.01,16,0,32.0,32.0,True,False,0.6618033579104354,False
global,2000,0.01,16,4,32.0,32.0,True,False,0.5604902711964558,False
global,2000,0.01,16,16,32.0,32.0,True,False,0.37275714548344724,False
global,2000,0.01,32,0,32.0,32.0,True,False,0.6392319142334972,False
global,2000,0.01,32,4,32.0,32.0,True,False,0.5410172079877971,False
global,2000,0.01,32,16,32.0,32.0,True,False,0.359895819105818,False
global,2000,0.03,0,0,16.0,32.0,False,False,0.6413365494201895,False
global,2000,0.03,0,4,32.0,32.0,True,False,0.5409059082890402,False
global,2000,0.03,0,16,32.0,32.0,True,False,0.355526199685846,False
global,2000,0.03,4,0,16.0,32.0,False,False,0.6341784788479031,False
global,2000,0.03,4,4,32.0,32.0,True,False,0.53425593906868,False
global,2000,0.03,4,16,32.0,32.0,True,False,0.3498490647617766,False
global,2000,0.03,16,0,16.0,32.0,False,False,0.6140274994716899,False
global,2000,0.03,16,4,32.0,32.0,True,False,0.5160143050131457,False
global,2000,0.03,16,16,32.0,32.0,True,False,0.3353305725457205,False
global,2000,0.03,32,0,16.0,32.0,False,False,0.5939163584982364,False
global,2000,0.03,32,4,32.0,32.0,True,False,0.4988286215445021,False
global,2000,0.03,32,16,32.0,32.0,True,False,0.3243006782191338,False
global,2000,0.1,0,0,4.0,32.0,False,False,0.2986864750208192,False
global,2000,0.1,0,4,32.0,32.0,False,False,0.23897030043481737,False
global,2000,0.1,0,16,32.0,32.0,False,False,0.09222447708870854,False
global,2000,0.1,4,0,4.0,32.0,False,False,0.29578114547523215,False
global,2000,0.1,4,4,32.0,32.0,False,False,0.23635125310215893,False
global,2000,0.1,4,16,32.0,32.0,False,False,0.08944525680119962,False
global,2000,0.1,16,0,32.0,32.0,False,False,0.288421614947277,False
global,2000,0.1,16,4,32.0,32.0,False,False,0.2298581936302017,False
global,2000,0.1,16,16,32.0,32.0,False,False,0.07968862054397852,False
global,2000,0.1,32,0,32.0,32.0,False,False,0.28140681522814903,False
global,2000,0.1,32,4,32.0,32.0,False,False,0.22407950445119154,False
global,2000,0.1,32,16,32.0,32.0,False,False,0.06991043613488862,False
global,2000,0.3,0,0,2.0,1.0,True,False,0.12318713906213424,False
global,2000,0.3,0,4,32.0,1.0,True,True,0.16656287043275828,True
global,2000,0.3,0,16,32.0,1.0,True,True,0.0465056560045444,False
global,2000,0.3,4,0,2.0,1.0,True,False,0.12318713906213424,False
global,2000,0.3,4,4,32.0,1.0,True,True,0.16656287043275828,True
global,2000,0.3,4,16,32.0,1.0,True,True,0.0465056560045444,False
global,2000,0.3,16,0,32.0,1.0,True,True,0.12318713906213424,True
global,2000,0.3,16,4,32.0,1.0,True,True,0.16656287043275828,True
global,2000,0.3,16,16,32.0,1.0,True,True,0.0465056560045444,False
global,2000,0.3,32,0,32.0,1.0,True,True,0.12318713906213424,True
global,2000,0.3,32,4,32.0,1.0,True,True,0.16656287043275828,True
global,2000,0.3,32,16,32.0,1.0,True,True,0.0465056560045444,False
global,2000,1.0,0,0,16.0,1.0,True,True,0.3611778148054227,True
global,2000,1.0,0,4,32.0,1.0,True,True,0.23514358247302053,True
global,2000,1.0,0,16,32.0,1.0,True,True,0.11710185931052342,True
global,2000,1.0,4,0,16.0,1.0,True,True,0.3611778148054227,True
global,2000,1.0,4,4,32.0,1.0,True,True,0.23514358247302053,True
global,2000,1.0,4,16,32.0,1.0,True,True,0.11710185931052342,True
global,2000,1.0,16,0,32.0,1.0,True,True,0.3611778148054227,True
global,2000,1.0,16,4,32.0,1.0,True,True,0.23514358247302053,True
global,2000,1.0,16,16,32.0,1.0,True,True,0.11710185931052342,True
global,2000,1.0,32,0,32.0,1.0,True,True,0.3611778148054227,True
global,2000,1.0,32,4,16.0,1.0,True,True,0.23514358247302053,True
global,2000,1.0,32,16,32.0,1.0,True,True,0.11710185931052342,True
global,4000,0.01,0,0,32.0,32.0,True,False,0.39203278411336495,False
global,4000,0.01,0,4,32.0,32.0,True,False,0.4434408465386287,False
global,4000,0.01,0,16,32.0,32.0,True,False,0.3168311580908357,False
global,4000,0.01,4,0,32.0,32.0,True,False,0.3841229415229406,False
global,4000,0.01,4,4,32.0,32.0,True,False,0.43688779661998167,False
global,4000,0.01,4,16,32.0,32.0,True,False,0.3090402693422606,False
global,4000,0.01,16,0,32.0,32.0,True,False,0.3541618283831813,False
global,4000,0.01,16,4,32.0,32.0,True,False,0.41689489749319886,False
global,4000,0.01,16,16,32.0,32.0,True,False,0.2801500202563879,False
global,4000,0.01,32,0,32.0,32.0,True,False,0.3173231440964213,False
global,4000,0.01,32,4,32.0,32.0,True,False,0.3935091084317755,False
global,4000,0.01,32,16,32.0,32.0,True,False,0.24622938233293123,False
global,4000,0.03,0,0,32.0,32.0,True,False,0.3600974510194614,False
global,4000,0.03,0,4,32.0,32.0,True,False,0.42197664618289954,False
global,4000,0.03,0,16,32.0,32.0,True,False,0.2844994835304086,False
global,4000,0.03,4,0,32.0,32.0,True,False,0.3526098718095364,False
global,4000,0.03,4,4,32.0,32.0,True,False,0.41577459569258074,False
global,4000,0.03,4,16,32.0,32.0,True,False,0.2772540416094844,False
global,4000,0.03,16,0,32.0,32.0,True,False,0.32422351786900383,False
global,4000,0.03,16,4,32.0,32.0,True,False,0.39692452865502587,False
global,4000,0.03,16,16,32.0,32.0,True,False,0.25035079168617846,False
global,4000,0.03,32,0,32.0,32.0,True,False,0.289267316497786,False
global,4000,0.03,32,4,32.0,32.0,True,False,0.37485839849862335,False
global,4000,0.03,32,16,32.0,32.0,True,False,0.21869114559192285,False
global,4000,0.1,0,0,16.0,32.0,False,False,0.07862089896331421,False
global,4000,0.1,0,4,32.0,32.0,False,False,0.12047650744686475,False
global,4000,0.1,0,16,32.0,32.0,False,False,0.037598769979526596,False
global,4000,0.1,4,0,32.0,32.0,False,False,0.0743690043905126,False
global,4000,0.1,4,4,32.0,32.0,False,False,0.11617270181376174,False
global,4000,0.1,4,16,32.0,32.0,False,False,0.033935945258130484,False
global,4000,0.1,16,0,32.0,32.0,False,False,0.058123704660164546,False
global,4000,0.1,16,4,32.0,32.0,False,False,0.09980033732969257,False
global,4000,0.1,16,16,32.0,32.0,False,False,0.020194901074758756,False
global,4000,0.1,32,0,32.0,32.0,False,False,0.03783994777298676,False
global,4000,0.1,32,4,32.0,32.0,False,False,0.07955212679031994,False
global,4000,0.1,32,16,32.0,32.0,False,False,0.003734128858110886,False
global,4000,0.3,0,0,32.0,1.0,True,True,0.107080292932482,True
global,4000,0.3,0,4,32.0,1.0,True,True,0.14099641728339332,True
global,4000,0.3,0,16,32.0,1.0,True,True,0.07505838908802105,True
global,4000,0.3,4,0,32.0,1.0,True,True,0.107080292932482,True
global,4000,0.3,4,4,32.0,1.0,True,True,0.14099641728339332,True
global,4000,0.3,4,16,32.0,1.0,True,True,0.07505838908802105,True
global,4000,0.3,16,0,32.0,1.0,True,True,0.107080292932482,True
global,4000,0.3,16,4,32.0,1.0,True,True,0.14099641728339332,True
global,4000,0.3,16,16,32.0,1.0,True,True,0.07505838908802105,True
global,4000,0.3,32,0,32.0,1.0,True,True,0.107080292932482,True
global,4000,0.3,32,4,32.0,1.0,True,True,0.14099641728339332,True
global,4000,0.3,32,16,32.0,1.0,True,True,0.07505838908802105,True
global,4000,1.0,0,0,8.0,1.0,True,False,0.10868861536879147,False
global,4000,1.0,0,4,32.0,1.0,True,True,0.28028056660705253,True
global,4000,1.0,0,16,32.0,1.0,True,True,0.13303806271783783,True
global,4000,1.0,4,0,32.0,1.0,True,True,0.10868861536879147,True
global,4000,1.0,4,4,32.0,1.0,True,True,0.28028056660705253,True
global,4000,1.0,4,16,32.0,1.0,True,True,0.13303806271783783,True
global,4000,1.0,16,0,32.0,1.0,True,True,0.10868861536879147,True
global,4000,1.0,16,4,32.0,1.0,True,True,0.28028056660705253,True
global,4000,1.0,16,16,32.0,1.0,True,True,0.13303806271783783,True
global,4000,1.0,32,0,32.0,1.0,True,True,0.10868861536879147,True
global,4000,1.0,32,4,32.0,1.0,True,True,0.28028056660705253,True
global,4000,1.0,32,16,32.0,1.0,True,True,0.13303806271783783,True
global,8000,0.01,0,0,32.0,1.0,True,True,0.1004824836107355,True
global,8000,0.01,0,4,32.0,1.0,True,True,0.03471301484828595,False
global,8000,0.01,0,16,32.0,32.0,True,False,0.03959580547160383,False
global,8000,0.01,4,0,32.0,1.0,True,True,0.10601727162107835,True
global,8000,0.01,4,4,32.0,1.0,True,True,0.04006376537944021,False
global,8000,0.01,4,16,32.0,32.0,True,False,0.03393271823073984,False
global,8000,0.01,16,0,32.0,1.0,True,True,0.10697085468935355,True
global,8000,0.01,16,4,32.0,1.0,True,True,0.0612095882648028,True
global,8000,0.01,16,16,32.0,32.0,True,False,0.012268664028098737,False
global,8000,0.01,32,0,32.0,1.0,True,True,0.10697085468935355,True
global,8000,0.01,32,4,32.0,1.0,True,True,0.0894036480699,True
global,8000,0.01,32,16,32.0,1.0,True,True,0.015140295684365427,False
global,8000,0.03,0,0,32.0,1.0,True,True,0.10697085475274941,True
global,8000,0.03,0,4,32.0,1.0,True,True,0.04508449690714117,False
global,8000,0.03,0,16,32.0,32.0,True,False,0.026840444330514877,False
global,8000,0.03,4,0,32.0,1.0,True,True,0.10697085475274941,True
global,8000,0.03,4,4,32.0,1.0,True,True,0.050396456266038205,True
global,8000,0.03,4,16,32.0,32.0,True,False,0.021377167206849228,False
global,8000,0.03,16,0,32.0,1.0,True,True,0.10697085475274941,True
global,8000,0.03,16,4,32.0,1.0,True,True,0.07138935026884399,True
global,8000,0.03,16,16,32.0,32.0,True,False,0.00046424515771744453,False
global,8000,0.03,32,0,32.0,1.0,True,True,0.10697085475274941,True
global,8000,0.03,32,4,32.0,1.0,True,True,0.09938046031286911,True
global,8000,0.03,32,16,32.0,1.0,True,True,0.026489792819972293,False
global,8000,0.1,0,0,8.0,1.0,True,False,0.10697085547387705,False
global,8000,0.1,0,4,32.0,1.0,True,True,0.10629239774640284,True
global,8000,0.1,0,16,32.0,1.0,True,True,0.09271832975048672,True
global,8000,0.1,4,0,8.0,1.0,True,False,0.10697085547387705,False
global,8000,0.1,4,4,32.0,1.0,True,True,0.10629239774640284,True
global,8000,0.1,4,16,32.0,1.0,True,True,0.09271832975048672,True
global,8000,0.1,16,0,8.0,1.0,True,False,0.10697085547387705,False
global,8000,0.1,16,4,32.0,1.0,True,True,0.10629239774640284,True
global,8000,0.1,16,16,32.0,1.0,True,True,0.09271832975048672,True
global,8000,0.1,32,0,32.0,1.0,True,True,0.10697085547387705,True
global,8000,0.1,32,4,32.0,1.0,True,True,0.10629239774640284,True
global,8000,0.1,32,16,32.0,1.0,True,True,0.09271832975048672,True
global,8000,0.3,0,0,16.0,1.0,True,True,0.1069708618134608,True
global,8000,0.3,0,4,32.0,1.0,True,True,0.10911809734234236,True
global,8000,0.3,0,16,32.0,1.0,True,True,0.10389400441368264,True
global,8000,0.3,4,0,16.0,1.0,True,True,0.1069708618134608,True
global,8000,0.3,4,4,32.0,1.0,True,True,0.10911809734234236,True
global,8000,0.3,4,16,32.0,1.0,True,True,0.10389400441368264,True
global,8000,0.3,16,0,32.0,1.0,True,True,0.1069708618134608,True
global,8000,0.3,16,4,32.0,1.0,True,True,0.10911809734234236,True
global,8000,0.3,16,16,32.0,1.0,True,True,0.10389400441368264,True
global,8000,0.3,32,0,32.0,1.0,True,True,0.1069708618134608,True
global,8000,0.3,32,4,32.0,1.0,True,True,0.10911809734234236,True
global,8000,0.3,32,16,32.0,1.0,True,True,0.10389400441368264,True
global,8000,1.0,0,0,4.0,1.0,True,False,0.10697093392622536,False
global,8000,1.0,0,4,32.0,1.0,True,True,0.1408490573974671,True
global,8000,1.0,0,16,32.0,1.0,True,True,0.13693958284135838,True
global,8000,1.0,4,0,4.0,1.0,True,False,0.10697093392622536,False
global,8000,1.0,4,4,32.0,1.0,True,True,0.1408490573974671,True
global,8000,1.0,4,16,32.0,1.0,True,True,0.13693958284135838,True
global,8000,1.0,16,0,32.0,1.0,True,True,0.10697093392622536,True
global,8000,1.0,16,4,32.0,1.0,True,True,0.1408490573974671,True
global,8000,1.0,16,16,32.0,1.0,True,True,0.13693958284135838,True
global,8000,1.0,32,0,32.0,1.0,True,True,0.10697093392622536,True
global,8000,1.0,32,4,32.0,1.0,True,True,0.1408490573974671,True
global,8000,1.0,32,16,32.0,1.0,True,True,0.13693958284135838,True
