cell_id,schedule_family,target_scale,initial_common_parameter,noise_scale,spatial_correlation,temporal_correlation,delay,mean_persistent_auc,mean_strong_static_auc,persistent_to_static_ratio
Falternating-H0.1-I0.5-N0.1-S0-T0-D0,alternating,0.1,0.5,0.1,0.0,0.0,0,0.011462402867711054,0.011384291498132776,1.006861329015608
Falternating-H0.1-I0.5-N0.1-S0-T0-D3,alternating,0.1,0.5,0.1,0.0,0.0,3,0.012084135275093659,0.012212717505870737,0.9894714480446086
Falternating-H0.1-I0.5-N0.1-S0-T0.9-D0,alternating,0.1,0.5,0.1,0.0,0.9,0,0.036063321852671255,0.02826558715192544,1.2758737916475456
Falternating-H0.1-I0.5-N0.1-S0-T0.9-D3,alternating,0.1,0.5,0.1,0.0,0.9,3,0.038216560040705144,0.03567024953913617,1.071384712315378
Falternating-H0.1-I0.5-N0.1-S0.9-T0-D0,alternating,0.1,0.5,0.1,0.9,0.0,0,0.011773235758893209,0.01178052794886382,0.9993809963354559
Falternating-H0.1-I0.5-N0.1-S0.9-T0-D3,alternating,0.1,0.5,0.1,0.9,0.0,3,0.011410812547715454,0.011611134042994426,0.9827474651022708
Falternating-H0.1-I0.5-N0.1-S0.9-T0.9-D0,alternating,0.1,0.5,0.1,0.9,0.9,0,0.04203568868310935,0.039477296395660125,1.0648066742415137
Falternating-H0.1-I0.5-N0.1-S0.9-T0.9-D3,alternating,0.1,0.5,0.1,0.9,0.9,3,0.03439162706932586,0.033143343422401814,1.0376631781234333
Falternating-H0.1-I0.5-N0.5-S0-T0-D0,alternating,0.1,0.5,0.5,0.0,0.0,0,0.019004183210170993,0.017997532595545776,1.0559327012900843
Falternating-H0.1-I0.5-N0.5-S0-T0-D3,alternating,0.1,0.5,0.5,0.0,0.0,3,0.01970251806168115,0.019402722930522413,1.0154511885899853
Falternating-H0.1-I0.5-N0.5-S0-T0.9-D0,alternating,0.1,0.5,0.5,0.0,0.9,0,0.1487813953808702,0.1050759443340229,1.4159415489801672
Falternating-H0.1-I0.5-N0.5-S0-T0.9-D3,alternating,0.1,0.5,0.5,0.0,0.9,3,0.14963357386207055,0.10672723519831108,1.4020186467309372
Falternating-H0.1-I0.5-N0.5-S0.9-T0-D0,alternating,0.1,0.5,0.5,0.9,0.0,0,0.020304780650108545,0.019622091880367624,1.0347918445139872
Falternating-H0.1-I0.5-N0.5-S0.9-T0-D3,alternating,0.1,0.5,0.5,0.9,0.0,3,0.01987575633699317,0.019744601265626487,1.0066425788802842
Falternating-H0.1-I0.5-N0.5-S0.9-T0.9-D0,alternating,0.1,0.5,0.5,0.9,0.9,0,0.15105981770328036,0.14248509891518255,1.060179758117739
Falternating-H0.1-I0.5-N0.5-S0.9-T0.9-D3,alternating,0.1,0.5,0.5,0.9,0.9,3,0.15780636029423994,0.12532214143276488,1.259205743614769
Falternating-H0.1-I1.5-N0.1-S0-T0-D0,alternating,0.1,1.5,0.1,0.0,0.0,0,0.07596965848931685,0.07470096955221364,1.016983567210817
Falternating-H0.1-I1.5-N0.1-S0-T0-D3,alternating,0.1,1.5,0.1,0.0,0.0,3,0.07742167186675039,0.07757669080522185,0.9980017330352402
Falternating-H0.1-I1.5-N0.1-S0-T0.9-D0,alternating,0.1,1.5,0.1,0.0,0.9,0,0.09882748509076533,0.0927828752176442,1.0651479042758922
Falternating-H0.1-I1.5-N0.1-S0-T0.9-D3,alternating,0.1,1.5,0.1,0.0,0.9,3,0.10814135428455382,0.10718768083537059,1.0088972299964953
Falternating-H0.1-I1.5-N0.1-S0.9-T0-D0,alternating,0.1,1.5,0.1,0.9,0.0,0,0.0762099778378836,0.07300992722496422,1.0438303493038572
Falternating-H0.1-I1.5-N0.1-S0.9-T0-D3,alternating,0.1,1.5,0.1,0.9,0.0,3,0.07899583008578726,0.07923459039405804,0.9969866657089617
Falternating-H0.1-I1.5-N0.1-S0.9-T0.9-D0,alternating,0.1,1.5,0.1,0.9,0.9,0,0.10022498540340063,0.09711122303698608,1.0320638775729212
Falternating-H0.1-I1.5-N0.1-S0.9-T0.9-D3,alternating,0.1,1.5,0.1,0.9,0.9,3,0.09882810942324693,0.09808261219675496,1.0076007072996436
Falternating-H0.1-I1.5-N0.5-S0-T0-D0,alternating,0.1,1.5,0.5,0.0,0.0,0,0.08208324143815057,0.08365723056213259,0.9811852590217769
Falternating-H0.1-I1.5-N0.5-S0-T0-D3,alternating,0.1,1.5,0.5,0.0,0.0,3,0.08847612427855076,0.0884428410641874,1.0003763245726038
Falternating-H0.1-I1.5-N0.5-S0-T0.9-D0,alternating,0.1,1.5,0.5,0.0,0.9,0,0.19571236097138334,0.1689546273494557,1.1583723041014053
Falternating-H0.1-I1.5-N0.5-S0-T0.9-D3,alternating,0.1,1.5,0.5,0.0,0.9,3,0.21639878710364768,0.20848447395579406,1.0379611632352619
Falternating-H0.1-I1.5-N0.5-S0.9-T0-D0,alternating,0.1,1.5,0.5,0.9,0.0,0,0.08620905852807763,0.08213648607030448,1.0495829886645898
Falternating-H0.1-I1.5-N0.5-S0.9-T0-D3,alternating,0.1,1.5,0.5,0.9,0.0,3,0.08558312381882326,0.08487007978800803,1.0084015949153846
Falternating-H0.1-I1.5-N0.5-S0.9-T0.9-D0,alternating,0.1,1.5,0.5,0.9,0.9,0,0.23954771984134965,0.2229148551982626,1.0746153262342863
Falternating-H0.1-I1.5-N0.5-S0.9-T0.9-D3,alternating,0.1,1.5,0.5,0.9,0.9,3,0.17346317393345978,0.17160577388834497,1.0108236453997366
Falternating-H0.3-I0.5-N0.1-S0-T0-D0,alternating,0.3,0.5,0.1,0.0,0.0,0,0.014847379215457621,0.02398786663259287,0.6189537170130895
Falternating-H0.3-I0.5-N0.1-S0-T0-D3,alternating,0.3,0.5,0.1,0.0,0.0,3,0.015448466569934547,0.02184423393818873,0.7072102694765178
Falternating-H0.3-I0.5-N0.1-S0-T0.9-D0,alternating,0.3,0.5,0.1,0.0,0.9,0,0.04230646823184237,0.04789696523591731,0.8832807678620377
Falternating-H0.3-I0.5-N0.1-S0-T0.9-D3,alternating,0.3,0.5,0.1,0.0,0.9,3,0.0479182861146394,0.04911401123378294,0.9756540936261165
Falternating-H0.3-I0.5-N0.1-S0.9-T0-D0,alternating,0.3,0.5,0.1,0.9,0.0,0,0.014980543050596385,0.02399559399215315,0.6243039057710013
Falternating-H0.3-I0.5-N0.1-S0.9-T0-D3,alternating,0.3,0.5,0.1,0.9,0.0,3,0.015100513058880752,0.021794537412037775,0.6928576997711494
Falternating-H0.3-I0.5-N0.1-S0.9-T0.9-D0,alternating,0.3,0.5,0.1,0.9,0.9,0,0.04886087488355351,0.0529810248359101,0.9222334795312606
Falternating-H0.3-I0.5-N0.1-S0.9-T0.9-D3,alternating,0.3,0.5,0.1,0.9,0.9,3,0.044674127238991425,0.04398302023781532,1.0157130410199051
Falternating-H0.3-I0.5-N0.5-S0-T0-D0,alternating,0.3,0.5,0.5,0.0,0.0,0,0.0270713194870532,0.03261380752125141,0.8300570078919278
Falternating-H0.3-I0.5-N0.5-S0-T0-D3,alternating,0.3,0.5,0.5,0.0,0.0,3,0.02880607020716637,0.029335369714110993,0.9819569512127193
Falternating-H0.3-I0.5-N0.5-S0-T0.9-D0,alternating,0.3,0.5,0.5,0.0,0.9,0,0.1545405650699544,0.1193630414987554,1.2947103486095886
Falternating-H0.3-I0.5-N0.5-S0-T0.9-D3,alternating,0.3,0.5,0.5,0.0,0.9,3,0.1674669666563201,0.1439502093535197,1.163367301849814
Falternating-H0.3-I0.5-N0.5-S0.9-T0-D0,alternating,0.3,0.5,0.5,0.9,0.0,0,0.02893698732389327,0.03199543436668381,0.9044098914945428
Falternating-H0.3-I0.5-N0.5-S0.9-T0-D3,alternating,0.3,0.5,0.5,0.9,0.0,3,0.026092498121173056,0.02809071123623119,0.9288656987623419
Falternating-H0.3-I0.5-N0.5-S0.9-T0.9-D0,alternating,0.3,0.5,0.5,0.9,0.9,0,0.1584177260374439,0.14547928223758017,1.0889366760741515
Falternating-H0.3-I0.5-N0.5-S0.9-T0.9-D3,alternating,0.3,0.5,0.5,0.9,0.9,3,0.12988777397902146,0.11439272836656089,1.1354548128514614
Falternating-H0.3-I1.5-N0.1-S0-T0-D0,alternating,0.3,1.5,0.1,0.0,0.0,0,0.07630562307952495,0.08680898251184714,0.8790060760026905
Falternating-H0.3-I1.5-N0.1-S0-T0-D3,alternating,0.3,1.5,0.1,0.0,0.0,3,0.08185675943608275,0.09103283062484549,0.89920041895019
Falternating-H0.3-I1.5-N0.1-S0-T0.9-D0,alternating,0.3,1.5,0.1,0.0,0.9,0,0.10155251490157206,0.1054459293132963,0.9630766741108014
Falternating-H0.3-I1.5-N0.1-S0-T0.9-D3,alternating,0.3,1.5,0.1,0.0,0.9,3,0.10907904251674155,0.11371768818514254,0.9592091103641779
Falternating-H0.3-I1.5-N0.1-S0.9-T0-D0,alternating,0.3,1.5,0.1,0.9,0.0,0,0.07830227403789804,0.08710864944242153,0.898903547915245
Falternating-H0.3-I1.5-N0.1-S0.9-T0-D3,alternating,0.3,1.5,0.1,0.9,0.0,3,0.08064249522259281,0.08956911846419444,0.9003381590143698
Falternating-H0.3-I1.5-N0.1-S0.9-T0.9-D0,alternating,0.3,1.5,0.1,0.9,0.9,0,0.10688264142012724,0.11165869302084772,0.9572263343631584
Falternating-H0.3-I1.5-N0.1-S0.9-T0.9-D3,alternating,0.3,1.5,0.1,0.9,0.9,3,0.10672693471448785,0.11397899068316883,0.9363737481336385
Falternating-H0.3-I1.5-N0.5-S0-T0-D0,alternating,0.3,1.5,0.5,0.0,0.0,0,0.08765422305469661,0.09243150797821686,0.9483154064234665
Falternating-H0.3-I1.5-N0.5-S0-T0-D3,alternating,0.3,1.5,0.5,0.0,0.0,3,0.0952652154145644,0.09838324207537374,0.9683073397965423
Falternating-H0.3-I1.5-N0.5-S0-T0.9-D0,alternating,0.3,1.5,0.5,0.0,0.9,0,0.2175052186413104,0.1908618980203321,1.1395947588142503
Falternating-H0.3-I1.5-N0.5-S0-T0.9-D3,alternating,0.3,1.5,0.5,0.0,0.9,3,0.2220278265672489,0.21456482239448282,1.0347820490305963
Falternating-H0.3-I1.5-N0.5-S0.9-T0-D0,alternating,0.3,1.5,0.5,0.9,0.0,0,0.0904636130370512,0.09270731785815808,0.9757979750364502
Falternating-H0.3-I1.5-N0.5-S0.9-T0-D3,alternating,0.3,1.5,0.5,0.9,0.0,3,0.09233105551844614,0.09658804642347606,0.9559263173585086
Falternating-H0.3-I1.5-N0.5-S0.9-T0.9-D0,alternating,0.3,1.5,0.5,0.9,0.9,0,0.2286691603119776,0.21108621605832797,1.0832974534386037
Falternating-H0.3-I1.5-N0.5-S0.9-T0.9-D3,alternating,0.3,1.5,0.5,0.9,0.9,3,0.2260632612349391,0.22525588888033604,1.0035842452715276
Falternating-H0.6-I0.5-N0.1-S0-T0-D0,alternating,0.6,0.5,0.1,0.0,0.0,0,0.024116991642151808,0.06681248055743044,0.36096536816083946
Falternating-H0.6-I0.5-N0.1-S0-T0-D3,alternating,0.6,0.5,0.1,0.0,0.0,3,0.02440178037002297,0.05785992246921949,0.4217389054229084
Falternating-H0.6-I0.5-N0.1-S0-T0.9-D0,alternating,0.6,0.5,0.1,0.0,0.9,0,0.05803384175239583,0.09359674022644868,0.6200412707962725
Falternating-H0.6-I0.5-N0.1-S0-T0.9-D3,alternating,0.6,0.5,0.1,0.0,0.9,3,0.050847524266825476,0.07433544678637656,0.6840279633073287
Falternating-H0.6-I0.5-N0.1-S0.9-T0-D0,alternating,0.6,0.5,0.1,0.9,0.0,0,0.02523126853171659,0.06710292928757425,0.37600845148780676
Falternating-H0.6-I0.5-N0.1-S0.9-T0-D3,alternating,0.6,0.5,0.1,0.9,0.0,3,0.02447368086567616,0.05787618626817134,0.42286270820051103
Falternating-H0.6-I0.5-N0.1-S0.9-T0.9-D0,alternating,0.6,0.5,0.1,0.9,0.9,0,0.05833245282138352,0.09573407180713048,0.6093175785827046
Falternating-H0.6-I0.5-N0.1-S0.9-T0.9-D3,alternating,0.6,0.5,0.1,0.9,0.9,3,0.05502331569083098,0.08054970342904812,0.6830976819088855
Falternating-H0.6-I0.5-N0.5-S0-T0-D0,alternating,0.6,0.5,0.5,0.0,0.0,0,0.04120897275964724,0.07371916508376786,0.5589994503169027
Falternating-H0.6-I0.5-N0.5-S0-T0-D3,alternating,0.6,0.5,0.5,0.0,0.0,3,0.04159642316664671,0.0660055986800625,0.6301953773386685
Falternating-H0.6-I0.5-N0.5-S0-T0.9-D0,alternating,0.6,0.5,0.5,0.0,0.9,0,0.16378351348418074,0.18221174975858073,0.8988636226872512
Falternating-H0.6-I0.5-N0.5-S0-T0.9-D3,alternating,0.6,0.5,0.5,0.0,0.9,3,0.1959172683531355,0.18485001884775829,1.0598715086661266
Falternating-H0.6-I0.5-N0.5-S0.9-T0-D0,alternating,0.6,0.5,0.5,0.9,0.0,0,0.041133789278770545,0.07410190817743939,0.5550975715804021
Falternating-H0.6-I0.5-N0.5-S0.9-T0-D3,alternating,0.6,0.5,0.5,0.9,0.0,3,0.039269694547704626,0.06401947291859714,0.6134023408414707
Falternating-H0.6-I0.5-N0.5-S0.9-T0.9-D0,alternating,0.6,0.5,0.5,0.9,0.9,0,0.20698488919588368,0.2068390419459192,1.000705124373969
Falternating-H0.6-I0.5-N0.5-S0.9-T0.9-D3,alternating,0.6,0.5,0.5,0.9,0.9,3,0.19172724661627302,0.1885507969287689,1.016846652144908
Falternating-H0.6-I1.5-N0.1-S0-T0-D0,alternating,0.6,1.5,0.1,0.0,0.0,0,0.08492955080953955,0.1335469867456256,0.6359525802802994
Falternating-H0.6-I1.5-N0.1-S0-T0-D3,alternating,0.6,1.5,0.1,0.0,0.0,3,0.09039293679856304,0.12494983054864914,0.7234338486226967
Falternating-H0.6-I1.5-N0.1-S0-T0.9-D0,alternating,0.6,1.5,0.1,0.0,0.9,0,0.11312532610232387,0.15703478938882398,0.720383849608136
Falternating-H0.6-I1.5-N0.1-S0-T0.9-D3,alternating,0.6,1.5,0.1,0.0,0.9,3,0.12009287452768701,0.14764381105947172,0.8133959267639939
Falternating-H0.6-I1.5-N0.1-S0.9-T0-D0,alternating,0.6,1.5,0.1,0.9,0.0,0,0.08664960485596405,0.13367275321148653,0.6482218909553981
Falternating-H0.6-I1.5-N0.1-S0.9-T0-D3,alternating,0.6,1.5,0.1,0.9,0.0,3,0.09126127291849767,0.12593421774530766,0.7246741557014046
Falternating-H0.6-I1.5-N0.1-S0.9-T0.9-D0,alternating,0.6,1.5,0.1,0.9,0.9,0,0.1152007857607152,0.15718839367443577,0.7328835359137003
Falternating-H0.6-I1.5-N0.1-S0.9-T0.9-D3,alternating,0.6,1.5,0.1,0.9,0.9,3,0.11960733770548163,0.15087006455673516,0.7927837643398298
Falternating-H0.6-I1.5-N0.5-S0-T0-D0,alternating,0.6,1.5,0.5,0.0,0.0,0,0.10658963912995914,0.14417848759818375,0.7392894800437751
Falternating-H0.6-I1.5-N0.5-S0-T0-D3,alternating,0.6,1.5,0.5,0.0,0.0,3,0.10626997430377431,0.1305554146562111,0.8139836603760393
Falternating-H0.6-I1.5-N0.5-S0-T0.9-D0,alternating,0.6,1.5,0.5,0.0,0.9,0,0.23595304220770336,0.24102375413724084,0.9789617751673962
Falternating-H0.6-I1.5-N0.5-S0-T0.9-D3,alternating,0.6,1.5,0.5,0.0,0.9,3,0.24851955958187055,0.2508673597461094,0.9906412688896039
Falternating-H0.6-I1.5-N0.5-S0.9-T0-D0,alternating,0.6,1.5,0.5,0.9,0.0,0,0.1018367961559031,0.13905794214173853,0.7323335480695035
Falternating-H0.6-I1.5-N0.5-S0.9-T0-D3,alternating,0.6,1.5,0.5,0.9,0.0,3,0.10803428754329618,0.1345944024374271,0.8026655313063357
Falternating-H0.6-I1.5-N0.5-S0.9-T0.9-D0,alternating,0.6,1.5,0.5,0.9,0.9,0,0.2636753175037898,0.2792096771131813,0.9443631045671299
Falternating-H0.6-I1.5-N0.5-S0.9-T0.9-D3,alternating,0.6,1.5,0.5,0.9,0.9,3,0.23168988513969882,0.23827128006598447,0.9723785639441603
Fsingle_switch-H0.1-I0.5-N0.1-S0-T0-D0,single_switch,0.1,0.5,0.1,0.0,0.0,0,0.01058797891449522,0.01031917119727607,1.0260493514527704
Fsingle_switch-H0.1-I0.5-N0.1-S0-T0-D3,single_switch,0.1,0.5,0.1,0.0,0.0,3,0.010666677643129875,0.010768203652838263,0.990571685586423
Fsingle_switch-H0.1-I0.5-N0.1-S0-T0.9-D0,single_switch,0.1,0.5,0.1,0.0,0.9,0,0.038186490527655645,0.028859118337471967,1.3232036433376622
Fsingle_switch-H0.1-I0.5-N0.1-S0-T0.9-D3,single_switch,0.1,0.5,0.1,0.0,0.9,3,0.038499227259081246,0.03623366331186635,1.0625264944290889
Fsingle_switch-H0.1-I0.5-N0.1-S0.9-T0-D0,single_switch,0.1,0.5,0.1,0.9,0.0,0,0.010774752580251297,0.010475992931865154,1.0285185041961413
Fsingle_switch-H0.1-I0.5-N0.1-S0.9-T0-D3,single_switch,0.1,0.5,0.1,0.9,0.0,3,0.010905827065262438,0.010973559563347796,0.9938276638774908
Fsingle_switch-H0.1-I0.5-N0.1-S0.9-T0.9-D0,single_switch,0.1,0.5,0.1,0.9,0.9,0,0.038036176621594205,0.03574916327579513,1.063973898582056
Fsingle_switch-H0.1-I0.5-N0.1-S0.9-T0.9-D3,single_switch,0.1,0.5,0.1,0.9,0.9,3,0.03646729183548075,0.03467578699176604,1.0516644321335842
Fsingle_switch-H0.1-I0.5-N0.5-S0-T0-D0,single_switch,0.1,0.5,0.5,0.0,0.0,0,0.019650125137333024,0.018504515849907536,1.0619097141864002
Fsingle_switch-H0.1-I0.5-N0.5-S0-T0-D3,single_switch,0.1,0.5,0.5,0.0,0.0,3,0.01945315089255005,0.019005240505711965,1.0235677305269284
Fsingle_switch-H0.1-I0.5-N0.5-S0-T0.9-D0,single_switch,0.1,0.5,0.5,0.0,0.9,0,0.1633764170498996,0.12013979021465557,1.3598859858003123
Fsingle_switch-H0.1-I0.5-N0.5-S0-T0.9-D3,single_switch,0.1,0.5,0.5,0.0,0.9,3,0.16057451949652626,0.11567259263224192,1.388181209070338
Fsingle_switch-H0.1-I0.5-N0.5-S0.9-T0-D0,single_switch,0.1,0.5,0.5,0.9,0.0,0,0.018934134401059052,0.018551014621976815,1.020652227756231
Fsingle_switch-H0.1-I0.5-N0.5-S0.9-T0-D3,single_switch,0.1,0.5,0.5,0.9,0.0,3,0.018477458183348897,0.018363294882101474,1.0062169290413507
Fsingle_switch-H0.1-I0.5-N0.5-S0.9-T0.9-D0,single_switch,0.1,0.5,0.5,0.9,0.9,0,0.17597095526512474,0.16792902854111413,1.0478888420535446
Fsingle_switch-H0.1-I0.5-N0.5-S0.9-T0.9-D3,single_switch,0.1,0.5,0.5,0.9,0.9,3,0.17206705297173305,0.14139058279910677,1.2169626121154944
Fsingle_switch-H0.1-I1.5-N0.1-S0-T0-D0,single_switch,0.1,1.5,0.1,0.0,0.0,0,0.0755049042853074,0.07325640806148473,1.030693509050232
Fsingle_switch-H0.1-I1.5-N0.1-S0-T0-D3,single_switch,0.1,1.5,0.1,0.0,0.0,3,0.0764094734501794,0.07650497869181638,0.9987516467128015
Fsingle_switch-H0.1-I1.5-N0.1-S0-T0.9-D0,single_switch,0.1,1.5,0.1,0.0,0.9,0,0.10044353989505325,0.09304392965714782,1.0795281354213202
Fsingle_switch-H0.1-I1.5-N0.1-S0-T0.9-D3,single_switch,0.1,1.5,0.1,0.0,0.9,3,0.10496726100809442,0.10362551753600983,1.0129480026154594
Fsingle_switch-H0.1-I1.5-N0.1-S0.9-T0-D0,single_switch,0.1,1.5,0.1,0.9,0.0,0,0.07791453140251811,0.0744741628860026,1.046195464080364
Fsingle_switch-H0.1-I1.5-N0.1-S0.9-T0-D3,single_switch,0.1,1.5,0.1,0.9,0.0,3,0.07690556495798012,0.07696531584934962,0.9992236647025985
Fsingle_switch-H0.1-I1.5-N0.1-S0.9-T0.9-D0,single_switch,0.1,1.5,0.1,0.9,0.9,0,0.09524183637433709,0.09024447287773232,1.0553758400625315
Fsingle_switch-H0.1-I1.5-N0.1-S0.9-T0.9-D3,single_switch,0.1,1.5,0.1,0.9,0.9,3,0.09873759569137766,0.09813430919319296,1.006147559433032
Fsingle_switch-H0.1-I1.5-N0.5-S0-T0-D0,single_switch,0.1,1.5,0.5,0.0,0.0,0,0.08094495368461765,0.08041329011365934,1.0066116380788155
Fsingle_switch-H0.1-I1.5-N0.5-S0-T0-D3,single_switch,0.1,1.5,0.5,0.0,0.0,3,0.08492277973982687,0.08468790207324747,1.0027734500540142
Fsingle_switch-H0.1-I1.5-N0.5-S0-T0.9-D0,single_switch,0.1,1.5,0.5,0.0,0.9,0,0.2026068613219905,0.17145957553010274,1.1816596459870465
Fsingle_switch-H0.1-I1.5-N0.5-S0-T0.9-D3,single_switch,0.1,1.5,0.5,0.0,0.9,3,0.1979808702066571,0.19241023856010148,1.0289518462647484
Fsingle_switch-H0.1-I1.5-N0.5-S0.9-T0-D0,single_switch,0.1,1.5,0.5,0.9,0.0,0,0.08755483447498028,0.08344934993286826,1.049197322033242
Fsingle_switch-H0.1-I1.5-N0.5-S0.9-T0-D3,single_switch,0.1,1.5,0.5,0.9,0.0,3,0.08750430359682479,0.08727502872603458,1.0026270386173108
Fsingle_switch-H0.1-I1.5-N0.5-S0.9-T0.9-D0,single_switch,0.1,1.5,0.5,0.9,0.9,0,0.18475673476008364,0.17010485591456162,1.0861343949691902
Fsingle_switch-H0.1-I1.5-N0.5-S0.9-T0.9-D3,single_switch,0.1,1.5,0.5,0.9,0.9,3,0.21337555741695025,0.2134026384130876,0.9998730990566062
Fsingle_switch-H0.3-I0.5-N0.1-S0-T0-D0,single_switch,0.3,0.5,0.1,0.0,0.0,0,0.01416124167195635,0.018961697286899594,0.7468340759632409
Fsingle_switch-H0.3-I0.5-N0.1-S0-T0-D3,single_switch,0.3,0.5,0.1,0.0,0.0,3,0.014997162903366525,0.018188620674548323,0.8245354703752955
Fsingle_switch-H0.3-I0.5-N0.1-S0-T0.9-D0,single_switch,0.3,0.5,0.1,0.0,0.9,0,0.04280796482785748,0.041878812052089986,1.0221867032572889
Fsingle_switch-H0.3-I0.5-N0.1-S0-T0.9-D3,single_switch,0.3,0.5,0.1,0.0,0.9,3,0.04627330392416857,0.042654285419352705,1.0848453671005323
Fsingle_switch-H0.3-I0.5-N0.1-S0.9-T0-D0,single_switch,0.3,0.5,0.1,0.9,0.0,0,0.014199932853573216,0.018703002174392858,0.7592328077154906
Fsingle_switch-H0.3-I0.5-N0.1-S0.9-T0-D3,single_switch,0.3,0.5,0.1,0.9,0.0,3,0.013974767018793854,0.01784703480459779,0.783030188028414
Fsingle_switch-H0.3-I0.5-N0.1-S0.9-T0.9-D0,single_switch,0.3,0.5,0.1,0.9,0.9,0,0.04403423162420845,0.043246365290023785,1.018218093680266
Fsingle_switch-H0.3-I0.5-N0.1-S0.9-T0.9-D3,single_switch,0.3,0.5,0.1,0.9,0.9,3,0.037366434328177406,0.03622164539178116,1.0316051058424862
Fsingle_switch-H0.3-I0.5-N0.5-S0-T0-D0,single_switch,0.3,0.5,0.5,0.0,0.0,0,0.027080242209925345,0.027241363046122104,0.9940854341273612
Fsingle_switch-H0.3-I0.5-N0.5-S0-T0-D3,single_switch,0.3,0.5,0.5,0.0,0.0,3,0.025126991072710866,0.024638298200326057,1.0198346845391433
Fsingle_switch-H0.3-I0.5-N0.5-S0-T0.9-D0,single_switch,0.3,0.5,0.5,0.0,0.9,0,0.1646953894712418,0.1348062237321902,1.2217194793500799
Fsingle_switch-H0.3-I0.5-N0.5-S0-T0.9-D3,single_switch,0.3,0.5,0.5,0.0,0.9,3,0.14887048963820734,0.11759727579224427,1.2659348495556357
Fsingle_switch-H0.3-I0.5-N0.5-S0.9-T0-D0,single_switch,0.3,0.5,0.5,0.9,0.0,0,0.025317308701303665,0.026818586322724346,0.944021000832971
Fsingle_switch-H0.3-I0.5-N0.5-S0.9-T0-D3,single_switch,0.3,0.5,0.5,0.9,0.0,3,0.026645776714782528,0.0263502306962088,1.0112160694902852
Fsingle_switch-H0.3-I0.5-N0.5-S0.9-T0.9-D0,single_switch,0.3,0.5,0.5,0.9,0.9,0,0.16568437017964763,0.14296836239019856,1.1588883541062818
Fsingle_switch-H0.3-I0.5-N0.5-S0.9-T0.9-D3,single_switch,0.3,0.5,0.5,0.9,0.9,3,0.14758045494340488,0.1318312868864813,1.1194645704284527
Fsingle_switch-H0.3-I1.5-N0.1-S0-T0-D0,single_switch,0.3,1.5,0.1,0.0,0.0,0,0.07579098484792492,0.08024564203753498,0.9444872384779924
Fsingle_switch-H0.3-I1.5-N0.1-S0-T0-D3,single_switch,0.3,1.5,0.1,0.0,0.0,3,0.07972060666849617,0.08423232631798899,0.9464371952347554
Fsingle_switch-H0.3-I1.5-N0.1-S0-T0.9-D0,single_switch,0.3,1.5,0.1,0.0,0.9,0,0.1072421218097232,0.10425672459379538,1.0286350566599853
Fsingle_switch-H0.3-I1.5-N0.1-S0-T0.9-D3,single_switch,0.3,1.5,0.1,0.0,0.9,3,0.10539118306745852,0.10423142428120422,1.0111267671362276
Fsingle_switch-H0.3-I1.5-N0.1-S0.9-T0-D0,single_switch,0.3,1.5,0.1,0.9,0.0,0,0.0797349544046321,0.08325147534996788,0.9577602567335507
Fsingle_switch-H0.3-I1.5-N0.1-S0.9-T0-D3,single_switch,0.3,1.5,0.1,0.9,0.0,3,0.07814542813712647,0.08290417956217838,0.9425993785815968
Fsingle_switch-H0.3-I1.5-N0.1-S0.9-T0.9-D0,single_switch,0.3,1.5,0.1,0.9,0.9,0,0.10666895611401922,0.10018490281643107,1.0647208622787097
Fsingle_switch-H0.3-I1.5-N0.1-S0.9-T0.9-D3,single_switch,0.3,1.5,0.1,0.9,0.9,3,0.11091553702159063,0.11234465045773016,0.9872792035017525
Fsingle_switch-H0.3-I1.5-N0.5-S0-T0-D0,single_switch,0.3,1.5,0.5,0.0,0.0,0,0.08597164877477337,0.08736679468800532,0.9840311651787829
Fsingle_switch-H0.3-I1.5-N0.5-S0-T0-D3,single_switch,0.3,1.5,0.5,0.0,0.0,3,0.09255039742809001,0.09402376793914746,0.9843298078416617
Fsingle_switch-H0.3-I1.5-N0.5-S0-T0.9-D0,single_switch,0.3,1.5,0.5,0.0,0.9,0,0.2261401468945619,0.19145513998229874,1.181165190526982
Fsingle_switch-H0.3-I1.5-N0.5-S0-T0.9-D3,single_switch,0.3,1.5,0.5,0.0,0.9,3,0.22855276204959346,0.22352760937839158,1.0224811274328767
Fsingle_switch-H0.3-I1.5-N0.5-S0.9-T0-D0,single_switch,0.3,1.5,0.5,0.9,0.0,0,0.08722961559595749,0.08704522080767539,1.0021183792351969
Fsingle_switch-H0.3-I1.5-N0.5-S0.9-T0-D3,single_switch,0.3,1.5,0.5,0.9,0.0,3,0.09024569105531488,0.09150840921853204,0.9862010696721691
Fsingle_switch-H0.3-I1.5-N0.5-S0.9-T0.9-D0,single_switch,0.3,1.5,0.5,0.9,0.9,0,0.23588642927120712,0.2175842398015443,1.084115418866532
Fsingle_switch-H0.3-I1.5-N0.5-S0.9-T0.9-D3,single_switch,0.3,1.5,0.5,0.9,0.9,3,0.25082099925771034,0.24231910321578232,1.0350855377438286
Fsingle_switch-H0.6-I0.5-N0.1-S0-T0-D0,single_switch,0.6,0.5,0.1,0.0,0.0,0,0.023403419299058717,0.04527612005416108,0.5169042592665322
Fsingle_switch-H0.6-I0.5-N0.1-S0-T0-D3,single_switch,0.6,0.5,0.1,0.0,0.0,3,0.02409020227751476,0.044901287913699586,0.5365147281257545
Fsingle_switch-H0.6-I0.5-N0.1-S0-T0.9-D0,single_switch,0.6,0.5,0.1,0.0,0.9,0,0.04715879500720953,0.06554030551692351,0.7195388339322344
Fsingle_switch-H0.6-I0.5-N0.1-S0-T0.9-D3,single_switch,0.6,0.5,0.1,0.0,0.9,3,0.05520171652937765,0.06832584145427638,0.8079185759654144
Fsingle_switch-H0.6-I0.5-N0.1-S0.9-T0-D0,single_switch,0.6,0.5,0.1,0.9,0.0,0,0.024024697995938912,0.04551484956577561,0.5278430715500819
Fsingle_switch-H0.6-I0.5-N0.1-S0.9-T0-D3,single_switch,0.6,0.5,0.1,0.9,0.0,3,0.02483911785317542,0.04546433766589955,0.5463428948576976
Fsingle_switch-H0.6-I0.5-N0.1-S0.9-T0.9-D0,single_switch,0.6,0.5,0.1,0.9,0.9,0,0.05844427828230077,0.07349301242676276,0.7952358510347041
Fsingle_switch-H0.6-I0.5-N0.1-S0.9-T0.9-D3,single_switch,0.6,0.5,0.1,0.9,0.9,3,0.05104349828625263,0.06513872972195701,0.7836121229893566
Fsingle_switch-H0.6-I0.5-N0.5-S0-T0-D0,single_switch,0.6,0.5,0.5,0.0,0.0,0,0.03763066251387742,0.05323549472436109,0.7068716597585644
Fsingle_switch-H0.6-I0.5-N0.5-S0-T0-D3,single_switch,0.6,0.5,0.5,0.0,0.0,3,0.03662908095284423,0.05199740630238174,0.7044405395883455
Fsingle_switch-H0.6-I0.5-N0.5-S0-T0.9-D0,single_switch,0.6,0.5,0.5,0.0,0.9,0,0.17888047936434373,0.17575706001332975,1.0177712312141378
Fsingle_switch-H0.6-I0.5-N0.5-S0-T0.9-D3,single_switch,0.6,0.5,0.5,0.0,0.9,3,0.18136799901648695,0.17220109477001316,1.0532337164215875
Fsingle_switch-H0.6-I0.5-N0.5-S0.9-T0-D0,single_switch,0.6,0.5,0.5,0.9,0.0,0,0.03795273221308837,0.05278477878886538,0.7190090227505938
Fsingle_switch-H0.6-I0.5-N0.5-S0.9-T0-D3,single_switch,0.6,0.5,0.5,0.9,0.0,3,0.037818611344610495,0.051835618947546264,0.7295873399887455
Fsingle_switch-H0.6-I0.5-N0.5-S0.9-T0.9-D0,single_switch,0.6,0.5,0.5,0.9,0.9,0,0.18626922709304522,0.17606825168478213,1.0579376197051473
Fsingle_switch-H0.6-I0.5-N0.5-S0.9-T0.9-D3,single_switch,0.6,0.5,0.5,0.9,0.9,3,0.18589026499737277,0.17867519102956042,1.0403809500705594
Fsingle_switch-H0.6-I1.5-N0.1-S0-T0-D0,single_switch,0.6,1.5,0.1,0.0,0.0,0,0.08337943962020711,0.10768025082900558,0.7743243443276544
Fsingle_switch-H0.6-I1.5-N0.1-S0-T0-D3,single_switch,0.6,1.5,0.1,0.0,0.0,3,0.0893466308129528,0.11015802449813261,0.8110769162755582
Fsingle_switch-H0.6-I1.5-N0.1-S0-T0.9-D0,single_switch,0.6,1.5,0.1,0.0,0.9,0,0.1091534331370138,0.12671474154798834,0.8614106914756727
Fsingle_switch-H0.6-I1.5-N0.1-S0-T0.9-D3,single_switch,0.6,1.5,0.1,0.0,0.9,3,0.12564100994335875,0.13968842833809264,0.8994374941299043
Fsingle_switch-H0.6-I1.5-N0.1-S0.9-T0-D0,single_switch,0.6,1.5,0.1,0.9,0.0,0,0.08492897023018989,0.1085233271974802,0.7825872319196813
Fsingle_switch-H0.6-I1.5-N0.1-S0.9-T0-D3,single_switch,0.6,1.5,0.1,0.9,0.0,3,0.08943985719083716,0.11038827918124029,0.8102296534941984
Fsingle_switch-H0.6-I1.5-N0.1-S0.9-T0.9-D0,single_switch,0.6,1.5,0.1,0.9,0.9,0,0.11052448558105574,0.12756946706333974,0.8663866685762591
Fsingle_switch-H0.6-I1.5-N0.1-S0.9-T0.9-D3,single_switch,0.6,1.5,0.1,0.9,0.9,3,0.11160643901108808,0.12742911216502717,0.8758315671740071
Fsingle_switch-H0.6-I1.5-N0.5-S0-T0-D0,single_switch,0.6,1.5,0.5,0.0,0.0,0,0.09413841052036305,0.11474779309682107,0.8203940832302685
Fsingle_switch-H0.6-I1.5-N0.5-S0-T0-D3,single_switch,0.6,1.5,0.5,0.0,0.0,3,0.10442122353846194,0.11814023168335723,0.883875222272584
Fsingle_switch-H0.6-I1.5-N0.5-S0-T0.9-D0,single_switch,0.6,1.5,0.5,0.0,0.9,0,0.23376540263092177,0.22901860509155147,1.020726689595689
Fsingle_switch-H0.6-I1.5-N0.5-S0-T0.9-D3,single_switch,0.6,1.5,0.5,0.0,0.9,3,0.24660859827918846,0.23393891803190497,1.0541580697810853
Fsingle_switch-H0.6-I1.5-N0.5-S0.9-T0-D0,single_switch,0.6,1.5,0.5,0.9,0.0,0,0.10138469382716936,0.11901564674184717,0.8518602100031392
Fsingle_switch-H0.6-I1.5-N0.5-S0.9-T0-D3,single_switch,0.6,1.5,0.5,0.9,0.0,3,0.10139186999913774,0.11678100543745724,0.8682222731284734
Fsingle_switch-H0.6-I1.5-N0.5-S0.9-T0.9-D0,single_switch,0.6,1.5,0.5,0.9,0.9,0,0.2549608591375025,0.24575894472432855,1.037442846377355
Fsingle_switch-H0.6-I1.5-N0.5-S0.9-T0.9-D3,single_switch,0.6,1.5,0.5,0.9,0.9,3,0.2173119380340281,0.2106629389998686,1.0315622627583472
Fstationary-H0.1-I0.5-N0.1-S0-T0-D0,stationary,0.1,0.5,0.1,0.0,0.0,0,0.01010329100760003,0.010017598763901608,1.0085541700878673
Fstationary-H0.1-I0.5-N0.1-S0-T0-D3,stationary,0.1,0.5,0.1,0.0,0.0,3,0.01074695673520195,0.010660426554997722,1.008116952896567
Fstationary-H0.1-I0.5-N0.1-S0-T0.9-D0,stationary,0.1,0.5,0.1,0.0,0.9,0,0.034960180331859506,0.02754044463821643,1.2694123421430568
Fstationary-H0.1-I0.5-N0.1-S0-T0.9-D3,stationary,0.1,0.5,0.1,0.0,0.9,3,0.038643111119011336,0.036108056363051796,1.07020745537978
Fstationary-H0.1-I0.5-N0.1-S0.9-T0-D0,stationary,0.1,0.5,0.1,0.9,0.0,0,0.010634195908769468,0.010584085047922645,1.0047345482032628
Fstationary-H0.1-I0.5-N0.1-S0.9-T0-D3,stationary,0.1,0.5,0.1,0.9,0.0,3,0.010115800994023929,0.0100407302602944,1.0074766209014092
Fstationary-H0.1-I0.5-N0.1-S0.9-T0.9-D0,stationary,0.1,0.5,0.1,0.9,0.9,0,0.03596552889342241,0.033360021182390794,1.07810269953926
Fstationary-H0.1-I0.5-N0.1-S0.9-T0.9-D3,stationary,0.1,0.5,0.1,0.9,0.9,3,0.03321909044906746,0.031947930960764315,1.0397884761258647
Fstationary-H0.1-I0.5-N0.5-S0-T0-D0,stationary,0.1,0.5,0.5,0.0,0.0,0,0.017802410839720485,0.015938256224918207,1.116961014335296
Fstationary-H0.1-I0.5-N0.5-S0-T0-D3,stationary,0.1,0.5,0.5,0.0,0.0,3,0.019356788254014178,0.018637372068337738,1.0386007309956873
Fstationary-H0.1-I0.5-N0.5-S0-T0.9-D0,stationary,0.1,0.5,0.5,0.0,0.9,0,0.15409413303500274,0.11009420373127171,1.3996570919494562
Fstationary-H0.1-I0.5-N0.5-S0-T0.9-D3,stationary,0.1,0.5,0.5,0.0,0.9,3,0.13821341358620676,0.10012652172597672,1.3803876455877007
Fstationary-H0.1-I0.5-N0.5-S0.9-T0-D0,stationary,0.1,0.5,0.5,0.9,0.0,0,0.018181733171719394,0.017514147397273798,1.0381169439369633
Fstationary-H0.1-I0.5-N0.5-S0.9-T0-D3,stationary,0.1,0.5,0.5,0.9,0.0,3,0.018674514762823863,0.018192867144080905,1.026474530645911
Fstationary-H0.1-I0.5-N0.5-S0.9-T0.9-D0,stationary,0.1,0.5,0.5,0.9,0.9,0,0.1314786216658526,0.12168209122884908,1.080509221513781
Fstationary-H0.1-I0.5-N0.5-S0.9-T0.9-D3,stationary,0.1,0.5,0.5,0.9,0.9,3,0.12517873831168835,0.10295630259701609,1.2158433738792433
Fstationary-H0.1-I1.5-N0.1-S0-T0-D0,stationary,0.1,1.5,0.1,0.0,0.0,0,0.0752377207669222,0.07559586431658738,0.9952623922895396
Fstationary-H0.1-I1.5-N0.1-S0-T0-D3,stationary,0.1,1.5,0.1,0.0,0.0,3,0.07646712306394544,0.07636126455667328,1.0013862854142968
Fstationary-H0.1-I1.5-N0.1-S0-T0.9-D0,stationary,0.1,1.5,0.1,0.0,0.9,0,0.0996165918084522,0.09413965945502598,1.0581787992981084
Fstationary-H0.1-I1.5-N0.1-S0-T0.9-D3,stationary,0.1,1.5,0.1,0.0,0.9,3,0.09974810310018464,0.09785158356545506,1.0193815926694836
Fstationary-H0.1-I1.5-N0.1-S0.9-T0-D0,stationary,0.1,1.5,0.1,0.9,0.0,0,0.07705278531334672,0.07628936327360045,1.010006926352346
Fstationary-H0.1-I1.5-N0.1-S0.9-T0-D3,stationary,0.1,1.5,0.1,0.9,0.0,3,0.07795228874903679,0.07786542765590926,1.0011155283640305
Fstationary-H0.1-I1.5-N0.1-S0.9-T0.9-D0,stationary,0.1,1.5,0.1,0.9,0.9,0,0.1018289868512191,0.09860922320458615,1.0326517494205676
Fstationary-H0.1-I1.5-N0.1-S0.9-T0.9-D3,stationary,0.1,1.5,0.1,0.9,0.9,3,0.11405076297407402,0.1122156028286482,1.0163538768154021
Fstationary-H0.1-I1.5-N0.5-S0-T0-D0,stationary,0.1,1.5,0.5,0.0,0.0,0,0.08149932400027794,0.08037127019490173,1.0140355353678083
Fstationary-H0.1-I1.5-N0.5-S0-T0-D3,stationary,0.1,1.5,0.5,0.0,0.0,3,0.0857939319453717,0.08526210925625444,1.0062375033148532
Fstationary-H0.1-I1.5-N0.5-S0-T0.9-D0,stationary,0.1,1.5,0.5,0.0,0.9,0,0.1851035447380054,0.15553779680446822,1.1900872234335764
Fstationary-H0.1-I1.5-N0.5-S0-T0.9-D3,stationary,0.1,1.5,0.5,0.0,0.9,3,0.21039455375606758,0.204010732583289,1.0312915947702523
Fstationary-H0.1-I1.5-N0.5-S0.9-T0-D0,stationary,0.1,1.5,0.5,0.9,0.0,0,0.08285983762079804,0.08213160061407113,1.0088667090533014
Fstationary-H0.1-I1.5-N0.5-S0.9-T0-D3,stationary,0.1,1.5,0.5,0.9,0.0,3,0.08519421248562317,0.08490001104449311,1.003465269762755
Fstationary-H0.1-I1.5-N0.5-S0.9-T0.9-D0,stationary,0.1,1.5,0.5,0.9,0.9,0,0.19556281946241616,0.18437044487603776,1.0607059043216154
Fstationary-H0.1-I1.5-N0.5-S0.9-T0.9-D3,stationary,0.1,1.5,0.5,0.9,0.9,3,0.20519835359648383,0.20343609753169417,1.0086624551206558
Fstationary-H0.3-I0.5-N0.1-S0-T0-D0,stationary,0.3,0.5,0.1,0.0,0.0,0,0.012974029191978296,0.012642342691127502,1.0262361580408332
Fstationary-H0.3-I0.5-N0.1-S0-T0-D3,stationary,0.3,0.5,0.1,0.0,0.0,3,0.013455048654488018,0.01326258991678517,1.0145113992749841
Fstationary-H0.3-I0.5-N0.1-S0-T0.9-D0,stationary,0.3,0.5,0.1,0.0,0.9,0,0.04396509511173588,0.03246933387380421,1.3540498022722383
Fstationary-H0.3-I0.5-N0.1-S0-T0.9-D3,stationary,0.3,0.5,0.1,0.0,0.9,3,0.03995523413488031,0.032853543277384864,1.2161620984846397
Fstationary-H0.3-I0.5-N0.1-S0.9-T0-D0,stationary,0.3,0.5,0.1,0.9,0.0,0,0.012893460642773455,0.012724852975601282,1.0132502644624235
Fstationary-H0.3-I0.5-N0.1-S0.9-T0-D3,stationary,0.3,0.5,0.1,0.9,0.0,3,0.012904808404266933,0.012717351081605838,1.0147402805394143
Fstationary-H0.3-I0.5-N0.1-S0.9-T0.9-D0,stationary,0.3,0.5,0.1,0.9,0.9,0,0.0388538005848264,0.033530285690332486,1.1587673586696818
Fstationary-H0.3-I0.5-N0.1-S0.9-T0.9-D3,stationary,0.3,0.5,0.1,0.9,0.9,3,0.04381639490173088,0.03783762451555558,1.158011251042394
Fstationary-H0.3-I0.5-N0.5-S0-T0-D0,stationary,0.3,0.5,0.5,0.0,0.0,0,0.02174822137691057,0.01834396864084517,1.1855788571555557
Fstationary-H0.3-I0.5-N0.5-S0-T0-D3,stationary,0.3,0.5,0.5,0.0,0.0,3,0.021505624207522334,0.01985846052641731,1.0829451849459244
Fstationary-H0.3-I0.5-N0.5-S0-T0.9-D0,stationary,0.3,0.5,0.5,0.0,0.9,0,0.14764832086265017,0.1028814877734759,1.435130109974126
Fstationary-H0.3-I0.5-N0.5-S0-T0.9-D3,stationary,0.3,0.5,0.5,0.0,0.9,3,0.15569191410673883,0.11350696912054523,1.3716507040320396
Fstationary-H0.3-I0.5-N0.5-S0.9-T0-D0,stationary,0.3,0.5,0.5,0.9,0.0,0,0.02278273999386713,0.020626951231512335,1.1045132040192804
Fstationary-H0.3-I0.5-N0.5-S0.9-T0-D3,stationary,0.3,0.5,0.5,0.9,0.0,3,0.022293771159794452,0.01997720195380375,1.1159606441055985
Fstationary-H0.3-I0.5-N0.5-S0.9-T0.9-D0,stationary,0.3,0.5,0.5,0.9,0.9,0,0.1804721823112686,0.1542569627482957,1.1699451298399335
Fstationary-H0.3-I0.5-N0.5-S0.9-T0.9-D3,stationary,0.3,0.5,0.5,0.9,0.9,3,0.1562966549004119,0.12677063543913367,1.2329089805300735
Fstationary-H0.3-I1.5-N0.1-S0-T0-D0,stationary,0.3,1.5,0.1,0.0,0.0,0,0.07489657100148775,0.07898106756261944,0.948285118355822
Fstationary-H0.3-I1.5-N0.1-S0-T0-D3,stationary,0.3,1.5,0.1,0.0,0.0,3,0.07912023869720633,0.07903182797136019,1.0011186724148426
Fstationary-H0.3-I1.5-N0.1-S0-T0.9-D0,stationary,0.3,1.5,0.1,0.0,0.9,0,0.10048567941575391,0.09521206481839427,1.055388091912705
Fstationary-H0.3-I1.5-N0.1-S0-T0.9-D3,stationary,0.3,1.5,0.1,0.0,0.9,3,0.107775231919883,0.10456973059880788,1.0306541989036324
Fstationary-H0.3-I1.5-N0.1-S0.9-T0-D0,stationary,0.3,1.5,0.1,0.9,0.0,0,0.07591964595094208,0.07897233507767351,0.9613448288729345
Fstationary-H0.3-I1.5-N0.1-S0.9-T0-D3,stationary,0.3,1.5,0.1,0.9,0.0,3,0.07756264346661333,0.07738290350553564,1.002322734776485
Fstationary-H0.3-I1.5-N0.1-S0.9-T0.9-D0,stationary,0.3,1.5,0.1,0.9,0.9,0,0.10514195592061289,0.1026673749444506,1.0241028951748419
Fstationary-H0.3-I1.5-N0.1-S0.9-T0.9-D3,stationary,0.3,1.5,0.1,0.9,0.9,3,0.10623836987393923,0.10277293274997926,1.033719356169299
Fstationary-H0.3-I1.5-N0.5-S0-T0-D0,stationary,0.3,1.5,0.5,0.0,0.0,0,0.08387547650805569,0.08693622779745011,0.9647931435842193
Fstationary-H0.3-I1.5-N0.5-S0-T0-D3,stationary,0.3,1.5,0.5,0.0,0.0,3,0.09022486113448458,0.08944581383182115,1.0087097122748327
Fstationary-H0.3-I1.5-N0.5-S0-T0.9-D0,stationary,0.3,1.5,0.5,0.0,0.9,0,0.210121088248277,0.16960022458427465,1.2389198703204987
Fstationary-H0.3-I1.5-N0.5-S0-T0.9-D3,stationary,0.3,1.5,0.5,0.0,0.9,3,0.22350805927152856,0.2132723158664012,1.0479937743609409
Fstationary-H0.3-I1.5-N0.5-S0.9-T0-D0,stationary,0.3,1.5,0.5,0.9,0.0,0,0.08444123452237332,0.08615593042805036,0.9800977611505338
Fstationary-H0.3-I1.5-N0.5-S0.9-T0-D3,stationary,0.3,1.5,0.5,0.9,0.0,3,0.08730878950300874,0.08652005282782554,1.009116229699406
Fstationary-H0.3-I1.5-N0.5-S0.9-T0.9-D0,stationary,0.3,1.5,0.5,0.9,0.9,0,0.2321858426370615,0.2085107252736802,1.1135438828497026
Fstationary-H0.3-I1.5-N0.5-S0.9-T0.9-D3,stationary,0.3,1.5,0.5,0.9,0.9,3,0.20287042105463887,0.1934489103196088,1.048702836937485
Fstationary-H0.6-I0.5-N0.1-S0-T0-D0,stationary,0.6,0.5,0.1,0.0,0.0,0,0.021866060771883432,0.021595393801645442,1.0125335510305613
Fstationary-H0.6-I0.5-N0.1-S0-T0-D3,stationary,0.6,0.5,0.1,0.0,0.0,3,0.022597314168286867,0.022185803946190914,1.018548357458401
Fstationary-H0.6-I0.5-N0.1-S0-T0.9-D0,stationary,0.6,0.5,0.1,0.0,0.9,0,0.0506236196391841,0.0400226320287687,1.264874823894523
Fstationary-H0.6-I0.5-N0.1-S0-T0.9-D3,stationary,0.6,0.5,0.1,0.0,0.9,3,0.05101132531435959,0.04141222643082737,1.231793837493041
Fstationary-H0.6-I0.5-N0.1-S0.9-T0-D0,stationary,0.6,0.5,0.1,0.9,0.0,0,0.02185420323035133,0.021530321989921112,1.0150430281805278
Fstationary-H0.6-I0.5-N0.1-S0.9-T0-D3,stationary,0.6,0.5,0.1,0.9,0.0,3,0.022569178840466116,0.02216115450746481,1.018411691180794
Fstationary-H0.6-I0.5-N0.1-S0.9-T0.9-D0,stationary,0.6,0.5,0.1,0.9,0.9,0,0.05279751524674832,0.04688814109330994,1.1260313165684774
Fstationary-H0.6-I0.5-N0.1-S0.9-T0.9-D3,stationary,0.6,0.5,0.1,0.9,0.9,3,0.05383340247585988,0.04561248560005167,1.1802339155092854
Fstationary-H0.6-I0.5-N0.5-S0-T0-D0,stationary,0.6,0.5,0.5,0.0,0.0,0,0.031035821745169792,0.027625558473356418,1.1234459486168367
Fstationary-H0.6-I0.5-N0.5-S0-T0-D3,stationary,0.6,0.5,0.5,0.0,0.0,3,0.032269471090728676,0.029008344692240624,1.112420285717315
Fstationary-H0.6-I0.5-N0.5-S0-T0.9-D0,stationary,0.6,0.5,0.5,0.0,0.9,0,0.18687036731455783,0.11991748421142615,1.5583246141579092
Fstationary-H0.6-I0.5-N0.5-S0-T0.9-D3,stationary,0.6,0.5,0.5,0.0,0.9,3,0.18426712123255182,0.14096025545242774,1.3072274921829976
Fstationary-H0.6-I0.5-N0.5-S0.9-T0-D0,stationary,0.6,0.5,0.5,0.9,0.0,0,0.032164803726213276,0.030596461310079627,1.0512589478972516
Fstationary-H0.6-I0.5-N0.5-S0.9-T0-D3,stationary,0.6,0.5,0.5,0.9,0.0,3,0.03184257866945348,0.028475955953728378,1.1182268550069276
Fstationary-H0.6-I0.5-N0.5-S0.9-T0.9-D0,stationary,0.6,0.5,0.5,0.9,0.9,0,0.16770100473399902,0.13510753186916133,1.2412409760871166
Fstationary-H0.6-I0.5-N0.5-S0.9-T0.9-D3,stationary,0.6,0.5,0.5,0.9,0.9,3,0.1486238243670351,0.11197937308242581,1.3272428687168667
Fstationary-H0.6-I1.5-N0.1-S0-T0-D0,stationary,0.6,1.5,0.1,0.0,0.0,0,0.08243423238196967,0.08807593197925312,0.935945047977325
Fstationary-H0.6-I1.5-N0.1-S0-T0-D3,stationary,0.6,1.5,0.1,0.0,0.0,3,0.08801190752586421,0.08772664095371932,1.0032517667272294
Fstationary-H0.6-I1.5-N0.1-S0-T0.9-D0,stationary,0.6,1.5,0.1,0.0,0.9,0,0.11188239972345514,0.10670487999110656,1.048521864536843
Fstationary-H0.6-I1.5-N0.1-S0-T0.9-D3,stationary,0.6,1.5,0.1,0.0,0.9,3,0.11691815186054377,0.11196539473297532,1.0442347132288528
Fstationary-H0.6-I1.5-N0.1-S0.9-T0-D0,stationary,0.6,1.5,0.1,0.9,0.0,0,0.08239138039550661,0.087461889592765,0.9420260730603077
Fstationary-H0.6-I1.5-N0.1-S0.9-T0-D3,stationary,0.6,1.5,0.1,0.9,0.0,3,0.08766284875452912,0.08751132384291366,1.0017314891943294
Fstationary-H0.6-I1.5-N0.1-S0.9-T0.9-D0,stationary,0.6,1.5,0.1,0.9,0.9,0,0.10964851466317779,0.10725163120478261,1.0223482238122668
Fstationary-H0.6-I1.5-N0.1-S0.9-T0.9-D3,stationary,0.6,1.5,0.1,0.9,0.9,3,0.11539910019759492,0.1107528994927572,1.041951052533316
Fstationary-H0.6-I1.5-N0.5-S0-T0-D0,stationary,0.6,1.5,0.5,0.0,0.0,0,0.09348547905231874,0.09610610750871729,0.9727319259479857
Fstationary-H0.6-I1.5-N0.5-S0-T0-D3,stationary,0.6,1.5,0.5,0.0,0.0,3,0.09596538954085401,0.09431669136569448,1.0174804496562229
Fstationary-H0.6-I1.5-N0.5-S0-T0.9-D0,stationary,0.6,1.5,0.5,0.0,0.9,0,0.23878319632686368,0.18725202245684763,1.2751968880971176
Fstationary-H0.6-I1.5-N0.5-S0-T0.9-D3,stationary,0.6,1.5,0.5,0.0,0.9,3,0.22964231560928988,0.20580047213715402,1.1158493137773107
Fstationary-H0.6-I1.5-N0.5-S0.9-T0-D0,stationary,0.6,1.5,0.5,0.9,0.0,0,0.09026602039821002,0.09306808218930157,0.9698923441294071
Fstationary-H0.6-I1.5-N0.5-S0.9-T0-D3,stationary,0.6,1.5,0.5,0.9,0.0,3,0.10140714318756557,0.09928074049415657,1.0214180784996678
Fstationary-H0.6-I1.5-N0.5-S0.9-T0.9-D0,stationary,0.6,1.5,0.5,0.9,0.9,0,0.2514319167612661,0.22858809000848884,1.0999344574423318
Fstationary-H0.6-I1.5-N0.5-S0.9-T0.9-D3,stationary,0.6,1.5,0.5,0.9,0.9,3,0.22097815421966618,0.2071129578154708,1.0669450938774614
