cell_id,schedule_family,target_scale,initial_common_parameter,noise_scale,spatial_correlation,temporal_correlation,delay,mean_dual_use_auc,mean_strong_static_auc,dual_use_to_static_ratio
Falternating-H0.1-I0.5-N0.1-S0-T0-D0,alternating,0.1,0.5,0.1,0.0,0.0,0,0.011247347253144666,0.011384291498132776,0.9879707713905103
Falternating-H0.1-I0.5-N0.1-S0-T0-D1,alternating,0.1,0.5,0.1,0.0,0.0,1,0.011560586858243311,0.011611187821825577,0.9956420510667177
Falternating-H0.1-I0.5-N0.1-S0-T0-D3,alternating,0.1,0.5,0.1,0.0,0.0,3,0.01222211401716024,0.012212717505870737,1.0007694038026331
Falternating-H0.1-I0.5-N0.1-S0-T0.9-D0,alternating,0.1,0.5,0.1,0.0,0.9,0,0.03639571999363882,0.02826558715192544,1.287633608954044
Falternating-H0.1-I0.5-N0.1-S0-T0.9-D1,alternating,0.1,0.5,0.1,0.0,0.9,1,0.037305941123857184,0.03461606627757914,1.0777059653372654
Falternating-H0.1-I0.5-N0.1-S0-T0.9-D3,alternating,0.1,0.5,0.1,0.0,0.9,3,0.03904451079234027,0.03567024953913617,1.0945959531205964
Falternating-H0.1-I0.5-N0.1-S0.9-T0-D0,alternating,0.1,0.5,0.1,0.9,0.0,0,0.011693017881254849,0.01178052794886382,0.9925716344811685
Falternating-H0.1-I0.5-N0.1-S0.9-T0-D1,alternating,0.1,0.5,0.1,0.9,0.0,1,0.011298060668887305,0.01138032837627145,0.992771060318815
Falternating-H0.1-I0.5-N0.1-S0.9-T0-D3,alternating,0.1,0.5,0.1,0.9,0.0,3,0.011556067286568501,0.011611134042994426,0.9952574179040549
Falternating-H0.1-I0.5-N0.1-S0.9-T0.9-D0,alternating,0.1,0.5,0.1,0.9,0.9,0,0.04241077067781979,0.039477296395660125,1.074307881997769
Falternating-H0.1-I0.5-N0.1-S0.9-T0.9-D1,alternating,0.1,0.5,0.1,0.9,0.9,1,0.039594046860576104,0.03849188270863782,1.0286336773984546
Falternating-H0.1-I0.5-N0.1-S0.9-T0.9-D3,alternating,0.1,0.5,0.1,0.9,0.9,3,0.03462408429709099,0.033143343422401814,1.0446768708822638
Falternating-H0.1-I0.5-N0.5-S0-T0-D0,alternating,0.1,0.5,0.5,0.0,0.0,0,0.020369656134445278,0.017997532595545776,1.1318027083049473
Falternating-H0.1-I0.5-N0.5-S0-T0-D1,alternating,0.1,0.5,0.5,0.0,0.0,1,0.02069489647541865,0.019672989638442342,1.0519446640168728
Falternating-H0.1-I0.5-N0.5-S0-T0-D3,alternating,0.1,0.5,0.5,0.0,0.0,3,0.02112834861284698,0.019402722930522413,1.0889372944459246
Falternating-H0.1-I0.5-N0.5-S0-T0.9-D0,alternating,0.1,0.5,0.5,0.0,0.9,0,0.15370801458752203,0.1050759443340229,1.4628278200279985
Falternating-H0.1-I0.5-N0.5-S0-T0.9-D1,alternating,0.1,0.5,0.5,0.0,0.9,1,0.14957694705874128,0.10735215622349403,1.3933296947230422
Falternating-H0.1-I0.5-N0.5-S0-T0.9-D3,alternating,0.1,0.5,0.5,0.0,0.9,3,0.15384873572901298,0.10672723519831108,1.4415133629494374
Falternating-H0.1-I0.5-N0.5-S0.9-T0-D0,alternating,0.1,0.5,0.5,0.9,0.0,0,0.020505855497878894,0.019622091880367624,1.0450392151305488
Falternating-H0.1-I0.5-N0.5-S0.9-T0-D1,alternating,0.1,0.5,0.5,0.9,0.0,1,0.020088780343344853,0.019303744683386637,1.0406675322759444
Falternating-H0.1-I0.5-N0.5-S0.9-T0-D3,alternating,0.1,0.5,0.5,0.9,0.0,3,0.021102582109677515,0.019744601265626487,1.0687773242813035
Falternating-H0.1-I0.5-N0.5-S0.9-T0.9-D0,alternating,0.1,0.5,0.5,0.9,0.9,0,0.15375540451364422,0.14248509891518255,1.0790981350630255
Falternating-H0.1-I0.5-N0.5-S0.9-T0.9-D1,alternating,0.1,0.5,0.5,0.9,0.9,1,0.1675690016856502,0.1542779214720182,1.0861502416341708
Falternating-H0.1-I0.5-N0.5-S0.9-T0.9-D3,alternating,0.1,0.5,0.5,0.9,0.9,3,0.1596784384924395,0.12532214143276488,1.274143871680542
Falternating-H0.1-I1.5-N0.1-S0-T0-D0,alternating,0.1,1.5,0.1,0.0,0.0,0,0.07401863995923148,0.07470096955221364,0.9908658535883496
Falternating-H0.1-I1.5-N0.1-S0-T0-D1,alternating,0.1,1.5,0.1,0.0,0.0,1,0.07738451835267329,0.078044485610262,0.9915437041780959
Falternating-H0.1-I1.5-N0.1-S0-T0-D3,alternating,0.1,1.5,0.1,0.0,0.0,3,0.07768450814952424,0.07757669080522185,1.0013898162345323
Falternating-H0.1-I1.5-N0.1-S0-T0.9-D0,alternating,0.1,1.5,0.1,0.0,0.9,0,0.09645929680694601,0.0927828752176442,1.0396239239264562
Falternating-H0.1-I1.5-N0.1-S0-T0.9-D1,alternating,0.1,1.5,0.1,0.0,0.9,1,0.10403765712250992,0.10429510761966174,0.9975315189463089
Falternating-H0.1-I1.5-N0.1-S0-T0.9-D3,alternating,0.1,1.5,0.1,0.0,0.9,3,0.10891052861921516,0.10718768083537059,1.0160731883591239
Falternating-H0.1-I1.5-N0.1-S0.9-T0-D0,alternating,0.1,1.5,0.1,0.9,0.0,0,0.0740801107794454,0.07300992722496422,1.014658055351619
Falternating-H0.1-I1.5-N0.1-S0.9-T0-D1,alternating,0.1,1.5,0.1,0.9,0.0,1,0.07806345534900022,0.0786667767242224,0.9923306712141365
Falternating-H0.1-I1.5-N0.1-S0.9-T0-D3,alternating,0.1,1.5,0.1,0.9,0.0,3,0.07920290236956427,0.07923459039405804,0.9996000733475597
Falternating-H0.1-I1.5-N0.1-S0.9-T0.9-D0,alternating,0.1,1.5,0.1,0.9,0.9,0,0.09781327060059158,0.09711122303698608,1.0072293144051756
Falternating-H0.1-I1.5-N0.1-S0.9-T0.9-D1,alternating,0.1,1.5,0.1,0.9,0.9,1,0.10373160107192203,0.10295413822737165,1.0075515453573451
Falternating-H0.1-I1.5-N0.1-S0.9-T0.9-D3,alternating,0.1,1.5,0.1,0.9,0.9,3,0.09861941562663384,0.09808261219675496,1.005472972404141
Falternating-H0.1-I1.5-N0.5-S0-T0-D0,alternating,0.1,1.5,0.5,0.0,0.0,0,0.0798402219630281,0.08365723056213259,0.9543732373943508
Falternating-H0.1-I1.5-N0.5-S0-T0-D1,alternating,0.1,1.5,0.5,0.0,0.0,1,0.08757711182271122,0.08636729654240517,1.0140077937916239
Falternating-H0.1-I1.5-N0.5-S0-T0-D3,alternating,0.1,1.5,0.5,0.0,0.0,3,0.08945451682402628,0.0884428410641874,1.0114387523926855
Falternating-H0.1-I1.5-N0.5-S0-T0.9-D0,alternating,0.1,1.5,0.5,0.0,0.9,0,0.1968576965849611,0.1689546273494557,1.165151257904244
Falternating-H0.1-I1.5-N0.5-S0-T0.9-D1,alternating,0.1,1.5,0.5,0.0,0.9,1,0.21959097541878053,0.2115212024407216,1.0381511304065156
Falternating-H0.1-I1.5-N0.5-S0-T0.9-D3,alternating,0.1,1.5,0.5,0.0,0.9,3,0.21706667125912682,0.20848447395579406,1.0411646831080212
Falternating-H0.1-I1.5-N0.5-S0.9-T0-D0,alternating,0.1,1.5,0.5,0.9,0.0,0,0.08486028624644779,0.08213648607030448,1.0331618785567704
Falternating-H0.1-I1.5-N0.5-S0.9-T0-D1,alternating,0.1,1.5,0.5,0.9,0.0,1,0.08601857011743497,0.08584262516888527,1.0020496221801645
Falternating-H0.1-I1.5-N0.5-S0.9-T0-D3,alternating,0.1,1.5,0.5,0.9,0.0,3,0.0862426196465397,0.08487007978800803,1.0161722465910255
Falternating-H0.1-I1.5-N0.5-S0.9-T0.9-D0,alternating,0.1,1.5,0.5,0.9,0.9,0,0.23749060369278466,0.2229148551982626,1.0653870666517862
Falternating-H0.1-I1.5-N0.5-S0.9-T0.9-D1,alternating,0.1,1.5,0.5,0.9,0.9,1,0.2045406810261602,0.20283913158842484,1.0083886645757678
Falternating-H0.1-I1.5-N0.5-S0.9-T0.9-D3,alternating,0.1,1.5,0.5,0.9,0.9,3,0.17416917603868004,0.17160577388834497,1.0149377383537395
Falternating-H0.3-I0.5-N0.1-S0-T0-D0,alternating,0.3,0.5,0.1,0.0,0.0,0,0.014810169075996252,0.02398786663259287,0.6174025103121648
Falternating-H0.3-I0.5-N0.1-S0-T0-D1,alternating,0.3,0.5,0.1,0.0,0.0,1,0.015792955021404535,0.022934491033324525,0.6886115326674084
Falternating-H0.3-I0.5-N0.1-S0-T0-D3,alternating,0.3,0.5,0.1,0.0,0.0,3,0.01564643462030381,0.02184423393818873,0.7162729837346347
Falternating-H0.3-I0.5-N0.1-S0-T0.9-D0,alternating,0.3,0.5,0.1,0.0,0.9,0,0.04203092506124094,0.04789696523591731,0.877527936357072
Falternating-H0.3-I0.5-N0.1-S0-T0.9-D1,alternating,0.3,0.5,0.1,0.0,0.9,1,0.0448010087988949,0.04564555227272094,0.9814977926265388
Falternating-H0.3-I0.5-N0.1-S0-T0.9-D3,alternating,0.3,0.5,0.1,0.0,0.9,3,0.0481047427080017,0.04911401123378294,0.9794504969065321
Falternating-H0.3-I0.5-N0.1-S0.9-T0-D0,alternating,0.3,0.5,0.1,0.9,0.0,0,0.014895579891606808,0.02399559399215315,0.6207631241167793
Falternating-H0.3-I0.5-N0.1-S0.9-T0-D1,alternating,0.3,0.5,0.1,0.9,0.0,1,0.015174041124709246,0.022619623046590223,0.6708352784418591
Falternating-H0.3-I0.5-N0.1-S0.9-T0-D3,alternating,0.3,0.5,0.1,0.9,0.0,3,0.01566640287708964,0.021794537412037775,0.7188224544943366
Falternating-H0.3-I0.5-N0.1-S0.9-T0.9-D0,alternating,0.3,0.5,0.1,0.9,0.9,0,0.048356529507523324,0.0529810248359101,0.9127141209006525
Falternating-H0.3-I0.5-N0.1-S0.9-T0.9-D1,alternating,0.3,0.5,0.1,0.9,0.9,1,0.04332727419092558,0.04467309767084286,0.9698739610619016
Falternating-H0.3-I0.5-N0.1-S0.9-T0.9-D3,alternating,0.3,0.5,0.1,0.9,0.9,3,0.04426265034787668,0.04398302023781532,1.0063576832275138
Falternating-H0.3-I0.5-N0.5-S0-T0-D0,alternating,0.3,0.5,0.5,0.0,0.0,0,0.028690134933113193,0.03261380752125141,0.8796929004507823
Falternating-H0.3-I0.5-N0.5-S0-T0-D1,alternating,0.3,0.5,0.5,0.0,0.0,1,0.030866646264170086,0.030886890247856475,0.9993445768245383
Falternating-H0.3-I0.5-N0.5-S0-T0-D3,alternating,0.3,0.5,0.5,0.0,0.0,3,0.030016692861842727,0.029335369714110993,1.0232253131414943
Falternating-H0.3-I0.5-N0.5-S0-T0.9-D0,alternating,0.3,0.5,0.5,0.0,0.9,0,0.15951355048095148,0.1193630414987554,1.336373038740092
Falternating-H0.3-I0.5-N0.5-S0-T0.9-D1,alternating,0.3,0.5,0.5,0.0,0.9,1,0.1584391165147638,0.13586581582733953,1.1661440778901353
Falternating-H0.3-I0.5-N0.5-S0-T0.9-D3,alternating,0.3,0.5,0.5,0.0,0.9,3,0.1720328922733756,0.1439502093535197,1.1950860859874757
Falternating-H0.3-I0.5-N0.5-S0.9-T0-D0,alternating,0.3,0.5,0.5,0.9,0.0,0,0.029826365322747343,0.03199543436668381,0.9322069199287047
Falternating-H0.3-I0.5-N0.5-S0.9-T0-D1,alternating,0.3,0.5,0.5,0.9,0.0,1,0.029166966738746258,0.029994392939561108,0.9724139707550635
Falternating-H0.3-I0.5-N0.5-S0.9-T0-D3,alternating,0.3,0.5,0.5,0.9,0.0,3,0.02705735920907025,0.02809071123623119,0.9632137464063875
Falternating-H0.3-I0.5-N0.5-S0.9-T0.9-D0,alternating,0.3,0.5,0.5,0.9,0.9,0,0.16010355307233698,0.14547928223758017,1.1005247662060507
Falternating-H0.3-I0.5-N0.5-S0.9-T0.9-D1,alternating,0.3,0.5,0.5,0.9,0.9,1,0.1541789143873593,0.15082823548885663,1.02221519656212
Falternating-H0.3-I0.5-N0.5-S0.9-T0.9-D3,alternating,0.3,0.5,0.5,0.9,0.9,3,0.1284122573800509,0.11439272836656089,1.1225561206003036
Falternating-H0.3-I1.5-N0.1-S0-T0-D0,alternating,0.3,1.5,0.1,0.0,0.0,0,0.07469914096733438,0.08680898251184714,0.8605001326578147
Falternating-H0.3-I1.5-N0.1-S0-T0-D1,alternating,0.3,1.5,0.1,0.0,0.0,1,0.08055597119729876,0.08970722497242772,0.8979875503010858
Falternating-H0.3-I1.5-N0.1-S0-T0-D3,alternating,0.3,1.5,0.1,0.0,0.0,3,0.08207634581539612,0.09103283062484549,0.9016125858333478
Falternating-H0.3-I1.5-N0.1-S0-T0.9-D0,alternating,0.3,1.5,0.1,0.0,0.9,0,0.09828545077087177,0.1054459293132963,0.9320933620761249
Falternating-H0.3-I1.5-N0.1-S0-T0.9-D1,alternating,0.3,1.5,0.1,0.0,0.9,1,0.11398208564018295,0.1174774098964555,0.9702468392914576
Falternating-H0.3-I1.5-N0.1-S0-T0.9-D3,alternating,0.3,1.5,0.1,0.0,0.9,3,0.10884227505081247,0.11371768818514254,0.9571270467054126
Falternating-H0.3-I1.5-N0.1-S0.9-T0-D0,alternating,0.3,1.5,0.1,0.9,0.0,0,0.07616732610519447,0.08710864944242153,0.8743945244558151
Falternating-H0.3-I1.5-N0.1-S0.9-T0-D1,alternating,0.3,1.5,0.1,0.9,0.0,1,0.0812495819111014,0.0893997136295632,0.9088349236527458
Falternating-H0.3-I1.5-N0.1-S0.9-T0-D3,alternating,0.3,1.5,0.1,0.9,0.0,3,0.08114232062541288,0.08956911846419444,0.9059184908451432
Falternating-H0.3-I1.5-N0.1-S0.9-T0.9-D0,alternating,0.3,1.5,0.1,0.9,0.9,0,0.10433190209917,0.11165869302084772,0.9343822614840231
Falternating-H0.3-I1.5-N0.1-S0.9-T0.9-D1,alternating,0.3,1.5,0.1,0.9,0.9,1,0.11181489788757193,0.11625365155948213,0.9618183720479604
Falternating-H0.3-I1.5-N0.1-S0.9-T0.9-D3,alternating,0.3,1.5,0.1,0.9,0.9,3,0.10708747137177034,0.11397899068316883,0.9395369333410306
Falternating-H0.3-I1.5-N0.5-S0-T0-D0,alternating,0.3,1.5,0.5,0.0,0.0,0,0.08566817218101253,0.09243150797821686,0.9268286762258792
Falternating-H0.3-I1.5-N0.5-S0-T0-D1,alternating,0.3,1.5,0.5,0.0,0.0,1,0.09364825295937158,0.09806770729943357,0.9549346623698675
Falternating-H0.3-I1.5-N0.5-S0-T0-D3,alternating,0.3,1.5,0.5,0.0,0.0,3,0.09601291157301128,0.09838324207537374,0.9759071722748627
Falternating-H0.3-I1.5-N0.5-S0-T0.9-D0,alternating,0.3,1.5,0.5,0.0,0.9,0,0.21731139099237118,0.1908618980203321,1.1385792200872982
Falternating-H0.3-I1.5-N0.5-S0-T0.9-D1,alternating,0.3,1.5,0.5,0.0,0.9,1,0.227959240214629,0.22268691591375978,1.023675950063052
Falternating-H0.3-I1.5-N0.5-S0-T0.9-D3,alternating,0.3,1.5,0.5,0.0,0.9,3,0.2236921100257449,0.21456482239448282,1.0425386022247456
Falternating-H0.3-I1.5-N0.5-S0.9-T0-D0,alternating,0.3,1.5,0.5,0.9,0.0,0,0.08909657994839419,0.09270731785815808,0.9610522880697691
Falternating-H0.3-I1.5-N0.5-S0.9-T0-D1,alternating,0.3,1.5,0.5,0.9,0.0,1,0.09463779503921416,0.09820569594170545,0.9636691042380151
Falternating-H0.3-I1.5-N0.5-S0.9-T0-D3,alternating,0.3,1.5,0.5,0.9,0.0,3,0.094338564447776,0.09658804642347606,0.9767105551981294
Falternating-H0.3-I1.5-N0.5-S0.9-T0.9-D0,alternating,0.3,1.5,0.5,0.9,0.9,0,0.22611284720059444,0.21108621605832797,1.0711871737665442
Falternating-H0.3-I1.5-N0.5-S0.9-T0.9-D1,alternating,0.3,1.5,0.5,0.9,0.9,1,0.25016909098796836,0.241277971530622,1.0368501086151494
Falternating-H0.3-I1.5-N0.5-S0.9-T0.9-D3,alternating,0.3,1.5,0.5,0.9,0.9,3,0.22654415737201355,0.22525588888033604,1.0057191334623081
Falternating-H0.6-I0.5-N0.1-S0-T0-D0,alternating,0.6,0.5,0.1,0.0,0.0,0,0.025341078136213675,0.06681248055743044,0.37928659323509295
Falternating-H0.6-I0.5-N0.1-S0-T0-D1,alternating,0.6,0.5,0.1,0.0,0.0,1,0.025091043280034114,0.06294693073290594,0.3986063019736338
Falternating-H0.6-I0.5-N0.1-S0-T0-D3,alternating,0.6,0.5,0.1,0.0,0.0,3,0.025702517373839658,0.05785992246921949,0.44421969952540064
Falternating-H0.6-I0.5-N0.1-S0-T0.9-D0,alternating,0.6,0.5,0.1,0.0,0.9,0,0.058876605460622275,0.09359674022644868,0.6290454701539365
Falternating-H0.6-I0.5-N0.1-S0-T0.9-D1,alternating,0.6,0.5,0.1,0.0,0.9,1,0.054250788649116616,0.08660627191097292,0.6264071579583037
Falternating-H0.6-I0.5-N0.1-S0-T0.9-D3,alternating,0.6,0.5,0.1,0.0,0.9,3,0.05189950055024879,0.07433544678637656,0.6981797082540762
Falternating-H0.6-I0.5-N0.1-S0.9-T0-D0,alternating,0.6,0.5,0.1,0.9,0.0,0,0.025712844391902807,0.06710292928757425,0.38318512567027635
Falternating-H0.6-I0.5-N0.1-S0.9-T0-D1,alternating,0.6,0.5,0.1,0.9,0.0,1,0.02659715341958592,0.06383964138252324,0.4166244177378347
Falternating-H0.6-I0.5-N0.1-S0.9-T0-D3,alternating,0.6,0.5,0.1,0.9,0.0,3,0.02566587886959844,0.05787618626817134,0.4434618195240904
Falternating-H0.6-I0.5-N0.1-S0.9-T0.9-D0,alternating,0.6,0.5,0.1,0.9,0.9,0,0.05756005672874773,0.09573407180713048,0.6012494365089831
Falternating-H0.6-I0.5-N0.1-S0.9-T0.9-D1,alternating,0.6,0.5,0.1,0.9,0.9,1,0.06323361848328392,0.0927096338002396,0.6820609238898806
Falternating-H0.6-I0.5-N0.1-S0.9-T0.9-D3,alternating,0.6,0.5,0.1,0.9,0.9,3,0.05539990560954434,0.08054970342904812,0.6877729308878601
Falternating-H0.6-I0.5-N0.5-S0-T0-D0,alternating,0.6,0.5,0.5,0.0,0.0,0,0.04232194966347461,0.07371916508376786,0.5740969748556395
Falternating-H0.6-I0.5-N0.5-S0-T0-D1,alternating,0.6,0.5,0.5,0.0,0.0,1,0.04315699549134017,0.07096009081637195,0.6081868694759754
Falternating-H0.6-I0.5-N0.5-S0-T0-D3,alternating,0.6,0.5,0.5,0.0,0.0,3,0.04560035557637383,0.0660055986800625,0.6908558741721976
Falternating-H0.6-I0.5-N0.5-S0-T0.9-D0,alternating,0.6,0.5,0.5,0.0,0.9,0,0.16585710221080452,0.18221174975858073,0.9102437270404071
Falternating-H0.6-I0.5-N0.5-S0-T0.9-D1,alternating,0.6,0.5,0.5,0.0,0.9,1,0.17424939301503867,0.17198299320725963,1.0131780460702167
Falternating-H0.6-I0.5-N0.5-S0-T0.9-D3,alternating,0.6,0.5,0.5,0.0,0.9,3,0.19953964230898089,0.18485001884775829,1.079467795312052
Falternating-H0.6-I0.5-N0.5-S0.9-T0-D0,alternating,0.6,0.5,0.5,0.9,0.0,0,0.04583878564556164,0.07410190817743939,0.6185911641546288
Falternating-H0.6-I0.5-N0.5-S0.9-T0-D1,alternating,0.6,0.5,0.5,0.9,0.0,1,0.045446468794961066,0.07034281445839838,0.6460712319356894
Falternating-H0.6-I0.5-N0.5-S0.9-T0-D3,alternating,0.6,0.5,0.5,0.9,0.0,3,0.04596720228238996,0.06401947291859714,0.718019068055102
Falternating-H0.6-I0.5-N0.5-S0.9-T0.9-D0,alternating,0.6,0.5,0.5,0.9,0.9,0,0.20662885722959706,0.2068390419459192,0.9989838247443773
Falternating-H0.6-I0.5-N0.5-S0.9-T0.9-D1,alternating,0.6,0.5,0.5,0.9,0.9,1,0.16644550350081627,0.17591558893079232,0.9461668776057037
Falternating-H0.6-I0.5-N0.5-S0.9-T0.9-D3,alternating,0.6,0.5,0.5,0.9,0.9,3,0.18815881854006222,0.1885507969287689,0.9979210992735568
Falternating-H0.6-I1.5-N0.1-S0-T0-D0,alternating,0.6,1.5,0.1,0.0,0.0,0,0.0833195750060188,0.1335469867456256,0.6238970794954906
Falternating-H0.6-I1.5-N0.1-S0-T0-D1,alternating,0.6,1.5,0.1,0.0,0.0,1,0.09210195557637134,0.12985231624282312,0.709282346601667
Falternating-H0.6-I1.5-N0.1-S0-T0-D3,alternating,0.6,1.5,0.1,0.0,0.0,3,0.09044257628925598,0.12494983054864914,0.7238311239969406
Falternating-H0.6-I1.5-N0.1-S0-T0.9-D0,alternating,0.6,1.5,0.1,0.0,0.9,0,0.10943605024707209,0.15703478938882398,0.6968904831406776
Falternating-H0.6-I1.5-N0.1-S0-T0.9-D1,alternating,0.6,1.5,0.1,0.0,0.9,1,0.11900257958871167,0.15068441809801375,0.789747082616768
Falternating-H0.6-I1.5-N0.1-S0-T0.9-D3,alternating,0.6,1.5,0.1,0.0,0.9,3,0.12072759374316791,0.14764381105947172,0.8176949164129758
Falternating-H0.6-I1.5-N0.1-S0.9-T0-D0,alternating,0.6,1.5,0.1,0.9,0.0,0,0.08656070036481951,0.13367275321148653,0.6475568003590827
Falternating-H0.6-I1.5-N0.1-S0.9-T0-D1,alternating,0.6,1.5,0.1,0.9,0.0,1,0.09355095753315189,0.13197949352863697,0.7088294933701436
Falternating-H0.6-I1.5-N0.1-S0.9-T0-D3,alternating,0.6,1.5,0.1,0.9,0.0,3,0.09242380379727996,0.12593421774530766,0.7339054107137113
Falternating-H0.6-I1.5-N0.1-S0.9-T0.9-D0,alternating,0.6,1.5,0.1,0.9,0.9,0,0.1129111485379833,0.15718839367443577,0.7183173381861878
Falternating-H0.6-I1.5-N0.1-S0.9-T0.9-D1,alternating,0.6,1.5,0.1,0.9,0.9,1,0.1180826212042243,0.15138551780476373,0.7800126651250159
Falternating-H0.6-I1.5-N0.1-S0.9-T0.9-D3,alternating,0.6,1.5,0.1,0.9,0.9,3,0.11998910474558404,0.15087006455673516,0.7953142003227669
Falternating-H0.6-I1.5-N0.5-S0-T0-D0,alternating,0.6,1.5,0.5,0.0,0.0,0,0.10799641134594362,0.14417848759818375,0.7490466375741347
Falternating-H0.6-I1.5-N0.5-S0-T0-D1,alternating,0.6,1.5,0.5,0.0,0.0,1,0.10872138611585667,0.13657995481694613,0.7960273984683373
Falternating-H0.6-I1.5-N0.5-S0-T0-D3,alternating,0.6,1.5,0.5,0.0,0.0,3,0.10873694557170624,0.1305554146562111,0.83287963090647
Falternating-H0.6-I1.5-N0.5-S0-T0.9-D0,alternating,0.6,1.5,0.5,0.0,0.9,0,0.23183429826035962,0.24102375413724084,0.9618732356494262
Falternating-H0.6-I1.5-N0.5-S0-T0.9-D1,alternating,0.6,1.5,0.5,0.0,0.9,1,0.25335908921174655,0.24752036553721368,1.0235888617159263
Falternating-H0.6-I1.5-N0.5-S0-T0.9-D3,alternating,0.6,1.5,0.5,0.0,0.9,3,0.2505728502947139,0.2508673597461094,0.9988260351936833
Falternating-H0.6-I1.5-N0.5-S0.9-T0-D0,alternating,0.6,1.5,0.5,0.9,0.0,0,0.10243634660704548,0.13905794214173853,0.7366450634127355
Falternating-H0.6-I1.5-N0.5-S0.9-T0-D1,alternating,0.6,1.5,0.5,0.9,0.0,1,0.11661020898272717,0.1398957361463035,0.8335508443286347
Falternating-H0.6-I1.5-N0.5-S0.9-T0-D3,alternating,0.6,1.5,0.5,0.9,0.0,3,0.11257002424041729,0.1345944024374271,0.8363648279708442
Falternating-H0.6-I1.5-N0.5-S0.9-T0.9-D0,alternating,0.6,1.5,0.5,0.9,0.9,0,0.26116563989568575,0.2792096771131813,0.9353745994621055
Falternating-H0.6-I1.5-N0.5-S0.9-T0.9-D1,alternating,0.6,1.5,0.5,0.9,0.9,1,0.2561956985042706,0.2572428439946565,0.9959293503596638
Falternating-H0.6-I1.5-N0.5-S0.9-T0.9-D3,alternating,0.6,1.5,0.5,0.9,0.9,3,0.2311232170906567,0.23827128006598447,0.970000316557882
Fsingle_switch-H0.1-I0.5-N0.1-S0-T0-D0,single_switch,0.1,0.5,0.1,0.0,0.0,0,0.010464387549947867,0.01031917119727607,1.0140724821689293
Fsingle_switch-H0.1-I0.5-N0.1-S0-T0-D1,single_switch,0.1,0.5,0.1,0.0,0.0,1,0.011355668318373584,0.011158592137618713,1.0176613840101272
Fsingle_switch-H0.1-I0.5-N0.1-S0-T0-D3,single_switch,0.1,0.5,0.1,0.0,0.0,3,0.010837678041964359,0.010768203652838263,1.0064518086178453
Fsingle_switch-H0.1-I0.5-N0.1-S0-T0.9-D0,single_switch,0.1,0.5,0.1,0.0,0.9,0,0.038506901120241084,0.028859118337471967,1.3343062206526943
Fsingle_switch-H0.1-I0.5-N0.1-S0-T0.9-D1,single_switch,0.1,0.5,0.1,0.0,0.9,1,0.0390085654676598,0.03590473686336548,1.0864462150525112
Fsingle_switch-H0.1-I0.5-N0.1-S0-T0.9-D3,single_switch,0.1,0.5,0.1,0.0,0.9,3,0.039363600121879165,0.03623366331186635,1.0863820139595926
Fsingle_switch-H0.1-I0.5-N0.1-S0.9-T0-D0,single_switch,0.1,0.5,0.1,0.9,0.0,0,0.010639494558615618,0.010475992931865154,1.015607267761048
Fsingle_switch-H0.1-I0.5-N0.1-S0.9-T0-D1,single_switch,0.1,0.5,0.1,0.9,0.0,1,0.011452782284176575,0.011221763842595291,1.0205866426010846
Fsingle_switch-H0.1-I0.5-N0.1-S0.9-T0-D3,single_switch,0.1,0.5,0.1,0.9,0.0,3,0.010875325477236875,0.010973559563347796,0.9910481110943228
Fsingle_switch-H0.1-I0.5-N0.1-S0.9-T0.9-D0,single_switch,0.1,0.5,0.1,0.9,0.9,0,0.038705138800793445,0.03574916327579513,1.082686565338432
Fsingle_switch-H0.1-I0.5-N0.1-S0.9-T0.9-D1,single_switch,0.1,0.5,0.1,0.9,0.9,1,0.03402223489507045,0.032878584116206276,1.0347840641440655
Fsingle_switch-H0.1-I0.5-N0.1-S0.9-T0.9-D3,single_switch,0.1,0.5,0.1,0.9,0.9,3,0.036565130940180816,0.03467578699176604,1.054485971691527
Fsingle_switch-H0.1-I0.5-N0.5-S0-T0-D0,single_switch,0.1,0.5,0.5,0.0,0.0,0,0.02133667181770074,0.018504515849907536,1.15305215174313
Fsingle_switch-H0.1-I0.5-N0.5-S0-T0-D1,single_switch,0.1,0.5,0.5,0.0,0.0,1,0.020865730259757426,0.019169114603547085,1.0885077736400197
Fsingle_switch-H0.1-I0.5-N0.5-S0-T0-D3,single_switch,0.1,0.5,0.5,0.0,0.0,3,0.020840854807413465,0.019005240505711965,1.0965846394393068
Fsingle_switch-H0.1-I0.5-N0.5-S0-T0.9-D0,single_switch,0.1,0.5,0.5,0.0,0.9,0,0.1695461061115569,0.12013979021465557,1.4112402377982043
Fsingle_switch-H0.1-I0.5-N0.5-S0-T0.9-D1,single_switch,0.1,0.5,0.5,0.0,0.9,1,0.15466180337341257,0.11736960895052365,1.3177329698577183
Fsingle_switch-H0.1-I0.5-N0.5-S0-T0.9-D3,single_switch,0.1,0.5,0.5,0.0,0.9,3,0.1626002649684788,0.11567259263224192,1.40569396145061
Fsingle_switch-H0.1-I0.5-N0.5-S0.9-T0-D0,single_switch,0.1,0.5,0.5,0.9,0.0,0,0.019925620993442146,0.018551014621976815,1.074098716403192
Fsingle_switch-H0.1-I0.5-N0.5-S0.9-T0-D1,single_switch,0.1,0.5,0.5,0.9,0.0,1,0.0195084095816107,0.01868834776835601,1.0438809157138684
Fsingle_switch-H0.1-I0.5-N0.5-S0.9-T0-D3,single_switch,0.1,0.5,0.5,0.9,0.0,3,0.019379137836014495,0.018363294882101474,1.0553192093485986
Fsingle_switch-H0.1-I0.5-N0.5-S0.9-T0.9-D0,single_switch,0.1,0.5,0.5,0.9,0.9,0,0.17560011723771043,0.16792902854111413,1.0456805399473754
Fsingle_switch-H0.1-I0.5-N0.5-S0.9-T0.9-D1,single_switch,0.1,0.5,0.5,0.9,0.9,1,0.12880039511498292,0.12062254572690759,1.0677970220143602
Fsingle_switch-H0.1-I0.5-N0.5-S0.9-T0.9-D3,single_switch,0.1,0.5,0.5,0.9,0.9,3,0.17135160737795133,0.14139058279910677,1.2119025467305298
Fsingle_switch-H0.1-I1.5-N0.1-S0-T0-D0,single_switch,0.1,1.5,0.1,0.0,0.0,0,0.07370596309735404,0.07325640806148473,1.00613673326014
Fsingle_switch-H0.1-I1.5-N0.1-S0-T0-D1,single_switch,0.1,1.5,0.1,0.0,0.0,1,0.07617253172418771,0.0765774762155042,0.9947119634737387
Fsingle_switch-H0.1-I1.5-N0.1-S0-T0-D3,single_switch,0.1,1.5,0.1,0.0,0.0,3,0.07658498308869063,0.07650497869181638,1.001045741051658
Fsingle_switch-H0.1-I1.5-N0.1-S0-T0.9-D0,single_switch,0.1,1.5,0.1,0.0,0.9,0,0.09771693527862158,0.09304392965714782,1.0502236485356222
Fsingle_switch-H0.1-I1.5-N0.1-S0-T0.9-D1,single_switch,0.1,1.5,0.1,0.0,0.9,1,0.1077563181762628,0.10619534231890282,1.014699099068511
Fsingle_switch-H0.1-I1.5-N0.1-S0-T0.9-D3,single_switch,0.1,1.5,0.1,0.0,0.9,3,0.10579761286982278,0.10362551753600983,1.0209610083062615
Fsingle_switch-H0.1-I1.5-N0.1-S0.9-T0-D0,single_switch,0.1,1.5,0.1,0.9,0.0,0,0.0761059914564813,0.0744741628860026,1.0219113382043183
Fsingle_switch-H0.1-I1.5-N0.1-S0.9-T0-D1,single_switch,0.1,1.5,0.1,0.9,0.0,1,0.07739414188307707,0.07764892157322945,0.9967188251299525
Fsingle_switch-H0.1-I1.5-N0.1-S0.9-T0-D3,single_switch,0.1,1.5,0.1,0.9,0.0,3,0.07715917598868435,0.07696531584934962,1.0025187987237547
Fsingle_switch-H0.1-I1.5-N0.1-S0.9-T0.9-D0,single_switch,0.1,1.5,0.1,0.9,0.9,0,0.09371589484795363,0.09024447287773232,1.0384668651666298
Fsingle_switch-H0.1-I1.5-N0.1-S0.9-T0.9-D1,single_switch,0.1,1.5,0.1,0.9,0.9,1,0.10575727547572517,0.10445405917043281,1.0124764543919347
Fsingle_switch-H0.1-I1.5-N0.1-S0.9-T0.9-D3,single_switch,0.1,1.5,0.1,0.9,0.9,3,0.09889541300605634,0.09813430919319296,1.0077557361856495
Fsingle_switch-H0.1-I1.5-N0.5-S0-T0-D0,single_switch,0.1,1.5,0.5,0.0,0.0,0,0.07869803625382707,0.08041329011365934,0.9786695226944717
Fsingle_switch-H0.1-I1.5-N0.5-S0-T0-D1,single_switch,0.1,1.5,0.5,0.0,0.0,1,0.0855065818901872,0.08530600641585194,1.0023512467968256
Fsingle_switch-H0.1-I1.5-N0.5-S0-T0-D3,single_switch,0.1,1.5,0.5,0.0,0.0,3,0.08643135242385183,0.08468790207324747,1.0205867698682207
Fsingle_switch-H0.1-I1.5-N0.5-S0-T0.9-D0,single_switch,0.1,1.5,0.5,0.0,0.9,0,0.20274804726088266,0.17145957553010274,1.1824830817062573
Fsingle_switch-H0.1-I1.5-N0.5-S0-T0.9-D1,single_switch,0.1,1.5,0.5,0.0,0.9,1,0.2127544813752843,0.20351704323716904,1.0453890150484861
Fsingle_switch-H0.1-I1.5-N0.5-S0-T0.9-D3,single_switch,0.1,1.5,0.5,0.0,0.9,3,0.20110431519815092,0.19241023856010148,1.045185103989847
Fsingle_switch-H0.1-I1.5-N0.5-S0.9-T0-D0,single_switch,0.1,1.5,0.5,0.9,0.0,0,0.08614044536608995,0.08344934993286826,1.0322482492120857
Fsingle_switch-H0.1-I1.5-N0.5-S0.9-T0-D1,single_switch,0.1,1.5,0.5,0.9,0.0,1,0.09031570996861735,0.09024626139331567,1.0007695451781544
Fsingle_switch-H0.1-I1.5-N0.5-S0.9-T0-D3,single_switch,0.1,1.5,0.5,0.9,0.0,3,0.08875837227119453,0.08727502872603458,1.0169961965846648
Fsingle_switch-H0.1-I1.5-N0.5-S0.9-T0.9-D0,single_switch,0.1,1.5,0.5,0.9,0.9,0,0.18304497587500262,0.17010485591456162,1.0760714318875202
Fsingle_switch-H0.1-I1.5-N0.5-S0.9-T0.9-D1,single_switch,0.1,1.5,0.5,0.9,0.9,1,0.20792154247890768,0.2038643648494848,1.0199013576130302
Fsingle_switch-H0.1-I1.5-N0.5-S0.9-T0.9-D3,single_switch,0.1,1.5,0.5,0.9,0.9,3,0.21335592477298726,0.2134026384130876,0.9997811009252383
Fsingle_switch-H0.3-I0.5-N0.1-S0-T0-D0,single_switch,0.3,0.5,0.1,0.0,0.0,0,0.013641150698147217,0.018961697286899594,0.7194055728108117
Fsingle_switch-H0.3-I0.5-N0.1-S0-T0-D1,single_switch,0.3,0.5,0.1,0.0,0.0,1,0.014954832751740265,0.019392592800757884,0.7711621084085164
Fsingle_switch-H0.3-I0.5-N0.1-S0-T0-D3,single_switch,0.3,0.5,0.1,0.0,0.0,3,0.014779073579205992,0.018188620674548323,0.8125450436099658
Fsingle_switch-H0.3-I0.5-N0.1-S0-T0.9-D0,single_switch,0.3,0.5,0.1,0.0,0.9,0,0.04187004653916068,0.041878812052089986,0.9997906933721424
Fsingle_switch-H0.3-I0.5-N0.1-S0-T0.9-D1,single_switch,0.3,0.5,0.1,0.0,0.9,1,0.042070724061880865,0.04099057410345215,1.0263511790711355
Fsingle_switch-H0.3-I0.5-N0.1-S0-T0.9-D3,single_switch,0.3,0.5,0.1,0.0,0.9,3,0.04690689860378629,0.042654285419352705,1.0996995528731592
Fsingle_switch-H0.3-I0.5-N0.1-S0.9-T0-D0,single_switch,0.3,0.5,0.1,0.9,0.0,0,0.014897498501559282,0.018703002174392858,0.7965297957328014
Fsingle_switch-H0.3-I0.5-N0.1-S0.9-T0-D1,single_switch,0.3,0.5,0.1,0.9,0.0,1,0.015574236881828171,0.01961730231122195,0.7939030879347274
Fsingle_switch-H0.3-I0.5-N0.1-S0.9-T0-D3,single_switch,0.3,0.5,0.1,0.9,0.0,3,0.014596412420647355,0.01784703480459779,0.8178620471388893
Fsingle_switch-H0.3-I0.5-N0.1-S0.9-T0.9-D0,single_switch,0.3,0.5,0.1,0.9,0.9,0,0.0437428316349711,0.043246365290023785,1.0114799554047573
Fsingle_switch-H0.3-I0.5-N0.1-S0.9-T0.9-D1,single_switch,0.3,0.5,0.1,0.9,0.9,1,0.043974516105094896,0.042326775711145306,1.03892903171256
Fsingle_switch-H0.3-I0.5-N0.1-S0.9-T0.9-D3,single_switch,0.3,0.5,0.1,0.9,0.9,3,0.03758650375860548,0.03622164539178116,1.0376807390183884
Fsingle_switch-H0.3-I0.5-N0.5-S0-T0-D0,single_switch,0.3,0.5,0.5,0.0,0.0,0,0.027181654074335277,0.027241363046122104,0.9978081503599605
Fsingle_switch-H0.3-I0.5-N0.5-S0-T0-D1,single_switch,0.3,0.5,0.5,0.0,0.0,1,0.030061807437092115,0.02870173225895318,1.047386518899558
Fsingle_switch-H0.3-I0.5-N0.5-S0-T0-D3,single_switch,0.3,0.5,0.5,0.0,0.0,3,0.026824841150435513,0.024638298200326057,1.0887456971391198
Fsingle_switch-H0.3-I0.5-N0.5-S0-T0.9-D0,single_switch,0.3,0.5,0.5,0.0,0.9,0,0.16485793785458994,0.1348062237321902,1.2229252722196366
Fsingle_switch-H0.3-I0.5-N0.5-S0-T0.9-D1,single_switch,0.3,0.5,0.5,0.0,0.9,1,0.1690952207314089,0.14211764999133167,1.1898256180124194
Fsingle_switch-H0.3-I0.5-N0.5-S0-T0.9-D3,single_switch,0.3,0.5,0.5,0.0,0.9,3,0.1532200963164811,0.11759727579224427,1.3029221577136756
Fsingle_switch-H0.3-I0.5-N0.5-S0.9-T0-D0,single_switch,0.3,0.5,0.5,0.9,0.0,0,0.02671174418218421,0.026818586322724346,0.9960161158662714
Fsingle_switch-H0.3-I0.5-N0.5-S0.9-T0-D1,single_switch,0.3,0.5,0.5,0.9,0.0,1,0.027689370569815935,0.027465753544418853,1.0081416672233456
Fsingle_switch-H0.3-I0.5-N0.5-S0.9-T0-D3,single_switch,0.3,0.5,0.5,0.9,0.0,3,0.029064481686606143,0.0263502306962088,1.1030067258875218
Fsingle_switch-H0.3-I0.5-N0.5-S0.9-T0.9-D0,single_switch,0.3,0.5,0.5,0.9,0.9,0,0.16502052891453628,0.14296836239019856,1.1542450802097846
Fsingle_switch-H0.3-I0.5-N0.5-S0.9-T0.9-D1,single_switch,0.3,0.5,0.5,0.9,0.9,1,0.16504950537395555,0.14820326656157634,1.1136698212072123
Fsingle_switch-H0.3-I0.5-N0.5-S0.9-T0.9-D3,single_switch,0.3,0.5,0.5,0.9,0.9,3,0.14888082406745784,0.1318312868864813,1.1293284589997041
Fsingle_switch-H0.3-I1.5-N0.1-S0-T0-D0,single_switch,0.3,1.5,0.1,0.0,0.0,0,0.07280434632678015,0.08024564203753498,0.9072685379316405
Fsingle_switch-H0.3-I1.5-N0.1-S0-T0-D1,single_switch,0.3,1.5,0.1,0.0,0.0,1,0.08083213482244131,0.08463963372136847,0.955015177505832
Fsingle_switch-H0.3-I1.5-N0.1-S0-T0-D3,single_switch,0.3,1.5,0.1,0.0,0.0,3,0.07986137195124934,0.08423232631798899,0.9481083503471259
Fsingle_switch-H0.3-I1.5-N0.1-S0-T0.9-D0,single_switch,0.3,1.5,0.1,0.0,0.9,0,0.10458097532056079,0.10425672459379538,1.0031101181053668
Fsingle_switch-H0.3-I1.5-N0.1-S0-T0.9-D1,single_switch,0.3,1.5,0.1,0.0,0.9,1,0.10997514961267273,0.11006407678954426,0.9991920417681641
Fsingle_switch-H0.3-I1.5-N0.1-S0-T0.9-D3,single_switch,0.3,1.5,0.1,0.0,0.9,3,0.10544677796997573,0.10423142428120422,1.0116601466127204
Fsingle_switch-H0.3-I1.5-N0.1-S0.9-T0-D0,single_switch,0.3,1.5,0.1,0.9,0.0,0,0.07728480112303834,0.08325147534996788,0.9283295076532018
Fsingle_switch-H0.3-I1.5-N0.1-S0.9-T0-D1,single_switch,0.3,1.5,0.1,0.9,0.0,1,0.08007028402972086,0.08426086845847142,0.9502665412140165
Fsingle_switch-H0.3-I1.5-N0.1-S0.9-T0-D3,single_switch,0.3,1.5,0.1,0.9,0.0,3,0.07872283155550786,0.08290417956217838,0.9495640867715903
Fsingle_switch-H0.3-I1.5-N0.1-S0.9-T0.9-D0,single_switch,0.3,1.5,0.1,0.9,0.9,0,0.1023833702416414,0.10018490281643107,1.021944098995021
Fsingle_switch-H0.3-I1.5-N0.1-S0.9-T0.9-D1,single_switch,0.3,1.5,0.1,0.9,0.9,1,0.1137123940785058,0.11269158192385026,1.0090584597112615
Fsingle_switch-H0.3-I1.5-N0.1-S0.9-T0.9-D3,single_switch,0.3,1.5,0.1,0.9,0.9,3,0.11104158582957616,0.11234465045773016,0.9884011866800522
Fsingle_switch-H0.3-I1.5-N0.5-S0-T0-D0,single_switch,0.3,1.5,0.5,0.0,0.0,0,0.08392844169451369,0.08736679468800532,0.9606446247024365
Fsingle_switch-H0.3-I1.5-N0.5-S0-T0-D1,single_switch,0.3,1.5,0.5,0.0,0.0,1,0.09171895191485002,0.09230987205292923,0.9935985163348467
Fsingle_switch-H0.3-I1.5-N0.5-S0-T0-D3,single_switch,0.3,1.5,0.5,0.0,0.0,3,0.09420464439886744,0.09402376793914746,1.0019237312403502
Fsingle_switch-H0.3-I1.5-N0.5-S0-T0.9-D0,single_switch,0.3,1.5,0.5,0.0,0.9,0,0.22561943297278503,0.19145513998229874,1.178445420653867
Fsingle_switch-H0.3-I1.5-N0.5-S0-T0.9-D1,single_switch,0.3,1.5,0.5,0.0,0.9,1,0.22767607946081178,0.21682009888595472,1.0500690693834949
Fsingle_switch-H0.3-I1.5-N0.5-S0-T0.9-D3,single_switch,0.3,1.5,0.5,0.0,0.9,3,0.23015786393122395,0.22352760937839158,1.0296619042778226
Fsingle_switch-H0.3-I1.5-N0.5-S0.9-T0-D0,single_switch,0.3,1.5,0.5,0.9,0.0,0,0.0856006975242783,0.08704522080767539,0.9834049098848433
Fsingle_switch-H0.3-I1.5-N0.5-S0.9-T0-D1,single_switch,0.3,1.5,0.5,0.9,0.0,1,0.09380395857412567,0.09488238005820185,0.9886341227589921
Fsingle_switch-H0.3-I1.5-N0.5-S0.9-T0-D3,single_switch,0.3,1.5,0.5,0.9,0.0,3,0.09244505658303961,0.09150840921853204,1.0102356425218884
Fsingle_switch-H0.3-I1.5-N0.5-S0.9-T0.9-D0,single_switch,0.3,1.5,0.5,0.9,0.9,0,0.2326179930546316,0.2175842398015443,1.0690939438757117
Fsingle_switch-H0.3-I1.5-N0.5-S0.9-T0.9-D1,single_switch,0.3,1.5,0.5,0.9,0.9,1,0.21558486516954228,0.20436744117897465,1.0548885082959178
Fsingle_switch-H0.3-I1.5-N0.5-S0.9-T0.9-D3,single_switch,0.3,1.5,0.5,0.9,0.9,3,0.2501573371976059,0.24231910321578232,1.0323467439331175
Fsingle_switch-H0.6-I0.5-N0.1-S0-T0-D0,single_switch,0.6,0.5,0.1,0.0,0.0,0,0.023430308170681913,0.04527612005416108,0.5174981456594261
Fsingle_switch-H0.6-I0.5-N0.1-S0-T0-D1,single_switch,0.6,0.5,0.1,0.0,0.0,1,0.024468824102267774,0.046575962378961694,0.525353054504362
Fsingle_switch-H0.6-I0.5-N0.1-S0-T0-D3,single_switch,0.6,0.5,0.1,0.0,0.0,3,0.024286976142397613,0.044901287913699586,0.540897093844552
Fsingle_switch-H0.6-I0.5-N0.1-S0-T0.9-D0,single_switch,0.6,0.5,0.1,0.0,0.9,0,0.04778003124418637,0.06554030551692351,0.7290175239089912
Fsingle_switch-H0.6-I0.5-N0.1-S0-T0.9-D1,single_switch,0.6,0.5,0.1,0.0,0.9,1,0.05057323101076807,0.06772220546927558,0.7467747197588284
Fsingle_switch-H0.6-I0.5-N0.1-S0-T0.9-D3,single_switch,0.6,0.5,0.1,0.0,0.9,3,0.0542383069025803,0.06832584145427638,0.7938183525903088
Fsingle_switch-H0.6-I0.5-N0.1-S0.9-T0-D0,single_switch,0.6,0.5,0.1,0.9,0.0,0,0.023659808836143686,0.04551484956577561,0.5198261460131117
Fsingle_switch-H0.6-I0.5-N0.1-S0.9-T0-D1,single_switch,0.6,0.5,0.1,0.9,0.0,1,0.023170848994647796,0.04560194296119848,0.5081110033921861
Fsingle_switch-H0.6-I0.5-N0.1-S0.9-T0-D3,single_switch,0.6,0.5,0.1,0.9,0.0,3,0.025176764662127007,0.04546433766589955,0.5537695247457832
Fsingle_switch-H0.6-I0.5-N0.1-S0.9-T0.9-D0,single_switch,0.6,0.5,0.1,0.9,0.9,0,0.05697483712153695,0.07349301242676276,0.7752415534512686
Fsingle_switch-H0.6-I0.5-N0.1-S0.9-T0.9-D1,single_switch,0.6,0.5,0.1,0.9,0.9,1,0.06094682480082389,0.07748074808531885,0.7866060448165983
Fsingle_switch-H0.6-I0.5-N0.1-S0.9-T0.9-D3,single_switch,0.6,0.5,0.1,0.9,0.9,3,0.05056674597416062,0.06513872972195701,0.7762930930646555
Fsingle_switch-H0.6-I0.5-N0.5-S0-T0-D0,single_switch,0.6,0.5,0.5,0.0,0.0,0,0.03884784745804136,0.05323549472436109,0.7297358211694086
Fsingle_switch-H0.6-I0.5-N0.5-S0-T0-D1,single_switch,0.6,0.5,0.5,0.0,0.0,1,0.03824054654219333,0.05412263307566213,0.7065536979461804
Fsingle_switch-H0.6-I0.5-N0.5-S0-T0-D3,single_switch,0.6,0.5,0.5,0.0,0.0,3,0.03645978931177178,0.05199740630238174,0.7011847687122374
Fsingle_switch-H0.6-I0.5-N0.5-S0-T0.9-D0,single_switch,0.6,0.5,0.5,0.0,0.9,0,0.17998836181275873,0.17575706001332975,1.0240747188141863
Fsingle_switch-H0.6-I0.5-N0.5-S0-T0.9-D1,single_switch,0.6,0.5,0.5,0.0,0.9,1,0.18243314897406646,0.1724567869876944,1.0578484741634664
Fsingle_switch-H0.6-I0.5-N0.5-S0-T0.9-D3,single_switch,0.6,0.5,0.5,0.0,0.9,3,0.17826309941353896,0.17220109477001316,1.0352030551932438
Fsingle_switch-H0.6-I0.5-N0.5-S0.9-T0-D0,single_switch,0.6,0.5,0.5,0.9,0.0,0,0.039368091218260404,0.05278477878886538,0.7458227944030876
Fsingle_switch-H0.6-I0.5-N0.5-S0.9-T0-D1,single_switch,0.6,0.5,0.5,0.9,0.0,1,0.03737653124146856,0.051019016070857515,0.7326000013320199
Fsingle_switch-H0.6-I0.5-N0.5-S0.9-T0-D3,single_switch,0.6,0.5,0.5,0.9,0.0,3,0.041027649788833824,0.051835618947546264,0.7914953196633132
Fsingle_switch-H0.6-I0.5-N0.5-S0.9-T0.9-D0,single_switch,0.6,0.5,0.5,0.9,0.9,0,0.18219341353426055,0.17606825168478213,1.0347885651778062
Fsingle_switch-H0.6-I0.5-N0.5-S0.9-T0.9-D1,single_switch,0.6,0.5,0.5,0.9,0.9,1,0.18380831917365267,0.17328828619744013,1.060708275250794
Fsingle_switch-H0.6-I0.5-N0.5-S0.9-T0.9-D3,single_switch,0.6,0.5,0.5,0.9,0.9,3,0.18560060794732167,0.17867519102956042,1.0387598125842523
Fsingle_switch-H0.6-I1.5-N0.1-S0-T0-D0,single_switch,0.6,1.5,0.1,0.0,0.0,0,0.08209278992508087,0.10768025082900558,0.7623755451261238
Fsingle_switch-H0.6-I1.5-N0.1-S0-T0-D1,single_switch,0.6,1.5,0.1,0.0,0.0,1,0.08967563013755461,0.11068095805711181,0.8102173283617733
Fsingle_switch-H0.6-I1.5-N0.1-S0-T0-D3,single_switch,0.6,1.5,0.1,0.0,0.0,3,0.09006797284139054,0.11015802449813261,0.8176251639563249
Fsingle_switch-H0.6-I1.5-N0.1-S0-T0.9-D0,single_switch,0.6,1.5,0.1,0.0,0.9,0,0.10564685001905937,0.12671474154798834,0.8337376435325773
Fsingle_switch-H0.6-I1.5-N0.1-S0-T0.9-D1,single_switch,0.6,1.5,0.1,0.0,0.9,1,0.11809049304871572,0.13823910657849459,0.8542480921030973
Fsingle_switch-H0.6-I1.5-N0.1-S0-T0.9-D3,single_switch,0.6,1.5,0.1,0.0,0.9,3,0.1254777285904919,0.13968842833809264,0.8982685973586436
Fsingle_switch-H0.6-I1.5-N0.1-S0.9-T0-D0,single_switch,0.6,1.5,0.1,0.9,0.0,0,0.08397549148097556,0.1085233271974802,0.7738012982975091
Fsingle_switch-H0.6-I1.5-N0.1-S0.9-T0-D1,single_switch,0.6,1.5,0.1,0.9,0.0,1,0.09090317726194413,0.11241589773853708,0.8086327564929616
Fsingle_switch-H0.6-I1.5-N0.1-S0.9-T0-D3,single_switch,0.6,1.5,0.1,0.9,0.0,3,0.09032867858621757,0.11038827918124029,0.818281426761912
Fsingle_switch-H0.6-I1.5-N0.1-S0.9-T0.9-D0,single_switch,0.6,1.5,0.1,0.9,0.9,0,0.10839257380671163,0.12756946706333974,0.8496748971514747
Fsingle_switch-H0.6-I1.5-N0.1-S0.9-T0.9-D1,single_switch,0.6,1.5,0.1,0.9,0.9,1,0.11153826498780056,0.12764661174542086,0.8738051364046633
Fsingle_switch-H0.6-I1.5-N0.1-S0.9-T0.9-D3,single_switch,0.6,1.5,0.1,0.9,0.9,3,0.11175102188111151,0.12742911216502717,0.8769661812944931
Fsingle_switch-H0.6-I1.5-N0.5-S0-T0-D0,single_switch,0.6,1.5,0.5,0.0,0.0,0,0.095021449708901,0.11474779309682107,0.8280895618508713
Fsingle_switch-H0.6-I1.5-N0.5-S0-T0-D1,single_switch,0.6,1.5,0.5,0.0,0.0,1,0.10508532555099577,0.11923022505890696,0.8813648175123149
Fsingle_switch-H0.6-I1.5-N0.5-S0-T0-D3,single_switch,0.6,1.5,0.5,0.0,0.0,3,0.10633493363000251,0.11814023168335723,0.900073853884123
Fsingle_switch-H0.6-I1.5-N0.5-S0-T0.9-D0,single_switch,0.6,1.5,0.5,0.0,0.9,0,0.23306846773728906,0.22901860509155147,1.0176835530201516
Fsingle_switch-H0.6-I1.5-N0.5-S0-T0.9-D1,single_switch,0.6,1.5,0.5,0.0,0.9,1,0.24196974287791834,0.23010019892287753,1.0515842403031521
Fsingle_switch-H0.6-I1.5-N0.5-S0-T0.9-D3,single_switch,0.6,1.5,0.5,0.0,0.9,3,0.2521909370023139,0.23393891803190497,1.078020447063535
Fsingle_switch-H0.6-I1.5-N0.5-S0.9-T0-D0,single_switch,0.6,1.5,0.5,0.9,0.0,0,0.10067936501781294,0.11901564674184717,0.8459338563793478
Fsingle_switch-H0.6-I1.5-N0.5-S0.9-T0-D1,single_switch,0.6,1.5,0.5,0.9,0.0,1,0.10725577955561699,0.1185614296425925,0.9046431025582538
Fsingle_switch-H0.6-I1.5-N0.5-S0.9-T0-D3,single_switch,0.6,1.5,0.5,0.9,0.0,3,0.10479269644657427,0.11678100543745724,0.897343673776611
Fsingle_switch-H0.6-I1.5-N0.5-S0.9-T0.9-D0,single_switch,0.6,1.5,0.5,0.9,0.9,0,0.24398987312917814,0.24575894472432855,0.9928015983420876
Fsingle_switch-H0.6-I1.5-N0.5-S0.9-T0.9-D1,single_switch,0.6,1.5,0.5,0.9,0.9,1,0.2376907138223918,0.22578046726314194,1.0527514479158586
Fsingle_switch-H0.6-I1.5-N0.5-S0.9-T0.9-D3,single_switch,0.6,1.5,0.5,0.9,0.9,3,0.21757045474713102,0.2106629389998686,1.0327894207688175
Fstationary-H0.1-I0.5-N0.1-S0-T0-D0,stationary,0.1,0.5,0.1,0.0,0.0,0,0.009847358095917667,0.010017598763901608,0.9830058408211154
Fstationary-H0.1-I0.5-N0.1-S0-T0-D1,stationary,0.1,0.5,0.1,0.0,0.0,1,0.010995156188191926,0.010572170691330755,1.0400093329185482
Fstationary-H0.1-I0.5-N0.1-S0-T0-D3,stationary,0.1,0.5,0.1,0.0,0.0,3,0.011153739810535634,0.010660426554997722,1.046275189176801
Fstationary-H0.1-I0.5-N0.1-S0-T0.9-D0,stationary,0.1,0.5,0.1,0.0,0.9,0,0.035325578312048064,0.02754044463821643,1.282680028449091
Fstationary-H0.1-I0.5-N0.1-S0-T0.9-D1,stationary,0.1,0.5,0.1,0.0,0.9,1,0.03727612766949358,0.03466868194930794,1.0752104081717964
Fstationary-H0.1-I0.5-N0.1-S0-T0.9-D3,stationary,0.1,0.5,0.1,0.0,0.9,3,0.039607603384261156,0.036108056363051796,1.0969187315435325
Fstationary-H0.1-I0.5-N0.1-S0.9-T0-D0,stationary,0.1,0.5,0.1,0.9,0.0,0,0.010524261225837779,0.010584085047922645,0.9943477568619303
Fstationary-H0.1-I0.5-N0.1-S0.9-T0-D1,stationary,0.1,0.5,0.1,0.9,0.0,1,0.010778666639049176,0.010225161755806539,1.0541316505754366
Fstationary-H0.1-I0.5-N0.1-S0.9-T0-D3,stationary,0.1,0.5,0.1,0.9,0.0,3,0.0104936627253076,0.0100407302602944,1.0451095142755005
Fstationary-H0.1-I0.5-N0.1-S0.9-T0.9-D0,stationary,0.1,0.5,0.1,0.9,0.9,0,0.03570475016112187,0.033360021182390794,1.070285596220447
Fstationary-H0.1-I0.5-N0.1-S0.9-T0.9-D1,stationary,0.1,0.5,0.1,0.9,0.9,1,0.03528394641123299,0.03271577108313402,1.078499611749116
Fstationary-H0.1-I0.5-N0.1-S0.9-T0.9-D3,stationary,0.1,0.5,0.1,0.9,0.9,3,0.033343644695990035,0.031947930960764315,1.0436871400823988
Fstationary-H0.1-I0.5-N0.5-S0-T0-D0,stationary,0.1,0.5,0.5,0.0,0.0,0,0.019301090983109212,0.015938256224918207,1.2109913851763456
Fstationary-H0.1-I0.5-N0.5-S0-T0-D1,stationary,0.1,0.5,0.5,0.0,0.0,1,0.020284918008887574,0.018013333054448497,1.1261057544193964
Fstationary-H0.1-I0.5-N0.5-S0-T0-D3,stationary,0.1,0.5,0.5,0.0,0.0,3,0.020714400402850705,0.018637372068337738,1.1114442705171694
Fstationary-H0.1-I0.5-N0.5-S0-T0.9-D0,stationary,0.1,0.5,0.5,0.0,0.9,0,0.1586396375266295,0.11009420373127171,1.440944501618378
Fstationary-H0.1-I0.5-N0.5-S0-T0.9-D1,stationary,0.1,0.5,0.5,0.0,0.9,1,0.1389001923049173,0.10240381422596806,1.3563966670070997
Fstationary-H0.1-I0.5-N0.5-S0-T0.9-D3,stationary,0.1,0.5,0.5,0.0,0.9,3,0.14151788913815477,0.10012652172597672,1.41339064514252
Fstationary-H0.1-I0.5-N0.5-S0.9-T0-D0,stationary,0.1,0.5,0.5,0.9,0.0,0,0.018985975899027105,0.017514147397273798,1.0840365487607126
Fstationary-H0.1-I0.5-N0.5-S0.9-T0-D1,stationary,0.1,0.5,0.5,0.9,0.0,1,0.018378766431057982,0.016842943026150844,1.0911849789269354
Fstationary-H0.1-I0.5-N0.5-S0.9-T0-D3,stationary,0.1,0.5,0.5,0.9,0.0,3,0.020249568381211967,0.018192867144080905,1.1130498684370493
Fstationary-H0.1-I0.5-N0.5-S0.9-T0.9-D0,stationary,0.1,0.5,0.5,0.9,0.9,0,0.1320415650745601,0.12168209122884908,1.085135567124893
Fstationary-H0.1-I0.5-N0.5-S0.9-T0.9-D1,stationary,0.1,0.5,0.5,0.9,0.9,1,0.14418395817831128,0.12789153483242932,1.1273925077780105
Fstationary-H0.1-I0.5-N0.5-S0.9-T0.9-D3,stationary,0.1,0.5,0.5,0.9,0.9,3,0.12379836899947814,0.10295630259701609,1.2024360420560218
Fstationary-H0.1-I1.5-N0.1-S0-T0-D0,stationary,0.1,1.5,0.1,0.0,0.0,0,0.07311130125634593,0.07559586431658738,0.9671336113066138
Fstationary-H0.1-I1.5-N0.1-S0-T0-D1,stationary,0.1,1.5,0.1,0.0,0.0,1,0.07601051349455368,0.07579807424492963,1.002802699827671
Fstationary-H0.1-I1.5-N0.1-S0-T0-D3,stationary,0.1,1.5,0.1,0.0,0.0,3,0.07669913145986818,0.07636126455667328,1.0044245849666902
Fstationary-H0.1-I1.5-N0.1-S0-T0.9-D0,stationary,0.1,1.5,0.1,0.0,0.9,0,0.09739473980687721,0.09413965945502598,1.0345771417773857
Fstationary-H0.1-I1.5-N0.1-S0-T0.9-D1,stationary,0.1,1.5,0.1,0.0,0.9,1,0.10236173475411059,0.10050594570180922,1.0184644703290222
Fstationary-H0.1-I1.5-N0.1-S0-T0.9-D3,stationary,0.1,1.5,0.1,0.0,0.9,3,0.10010762946180768,0.09785158356545506,1.0230557934184428
Fstationary-H0.1-I1.5-N0.1-S0.9-T0-D0,stationary,0.1,1.5,0.1,0.9,0.0,0,0.07537248106421258,0.07628936327360045,0.9879815197028241
Fstationary-H0.1-I1.5-N0.1-S0.9-T0-D1,stationary,0.1,1.5,0.1,0.9,0.0,1,0.07685376299404759,0.07716963080087046,0.9959068379160976
Fstationary-H0.1-I1.5-N0.1-S0.9-T0-D3,stationary,0.1,1.5,0.1,0.9,0.0,3,0.07820089508968436,0.07786542765590926,1.0043082975830757
Fstationary-H0.1-I1.5-N0.1-S0.9-T0.9-D0,stationary,0.1,1.5,0.1,0.9,0.9,0,0.09969732754591283,0.09860922320458615,1.0110345088011612
Fstationary-H0.1-I1.5-N0.1-S0.9-T0.9-D1,stationary,0.1,1.5,0.1,0.9,0.9,1,0.09723235398581316,0.09560884076174636,1.0169807855751807
Fstationary-H0.1-I1.5-N0.1-S0.9-T0.9-D3,stationary,0.1,1.5,0.1,0.9,0.9,3,0.11386759438052751,0.1122156028286482,1.0147215851471376
Fstationary-H0.1-I1.5-N0.5-S0-T0-D0,stationary,0.1,1.5,0.5,0.0,0.0,0,0.08002731649096417,0.08037127019490173,0.9957204396160038
Fstationary-H0.1-I1.5-N0.5-S0-T0-D1,stationary,0.1,1.5,0.5,0.0,0.0,1,0.08792735441763747,0.08647247872463665,1.016824725212674
Fstationary-H0.1-I1.5-N0.5-S0-T0-D3,stationary,0.1,1.5,0.5,0.0,0.0,3,0.08723037475761863,0.08526210925625444,1.0230848793037548
Fstationary-H0.1-I1.5-N0.5-S0-T0.9-D0,stationary,0.1,1.5,0.5,0.0,0.9,0,0.1854569059189432,0.15553779680446822,1.1923590903893753
Fstationary-H0.1-I1.5-N0.5-S0-T0.9-D1,stationary,0.1,1.5,0.5,0.0,0.9,1,0.21745988145049255,0.20403057146997233,1.0658200870769832
Fstationary-H0.1-I1.5-N0.5-S0-T0.9-D3,stationary,0.1,1.5,0.5,0.0,0.9,3,0.2143795578173115,0.204010732583289,1.0508249007428536
Fstationary-H0.1-I1.5-N0.5-S0.9-T0-D0,stationary,0.1,1.5,0.5,0.9,0.0,0,0.08132756421770791,0.08213160061407113,0.9902103892977648
Fstationary-H0.1-I1.5-N0.5-S0.9-T0-D1,stationary,0.1,1.5,0.5,0.9,0.0,1,0.08485461607278952,0.08406736358629344,1.0093645435388012
Fstationary-H0.1-I1.5-N0.5-S0.9-T0-D3,stationary,0.1,1.5,0.5,0.9,0.0,3,0.08627842066083462,0.08490001104449311,1.016235682414919
Fstationary-H0.1-I1.5-N0.5-S0.9-T0.9-D0,stationary,0.1,1.5,0.5,0.9,0.9,0,0.193631350356137,0.18437044487603776,1.0502298808592985
Fstationary-H0.1-I1.5-N0.5-S0.9-T0.9-D1,stationary,0.1,1.5,0.5,0.9,0.9,1,0.22733394858798406,0.22298615816843181,1.0194980282868866
Fstationary-H0.1-I1.5-N0.5-S0.9-T0.9-D3,stationary,0.1,1.5,0.5,0.9,0.9,3,0.20624491142349283,0.20343609753169417,1.0138068608564468
Fstationary-H0.3-I0.5-N0.1-S0-T0-D0,stationary,0.3,0.5,0.1,0.0,0.0,0,0.013034855669683645,0.012642342691127502,1.031047487648916
Fstationary-H0.3-I0.5-N0.1-S0-T0-D1,stationary,0.3,0.5,0.1,0.0,0.0,1,0.013665939753144351,0.013297705393332877,1.0276915715094799
Fstationary-H0.3-I0.5-N0.1-S0-T0-D3,stationary,0.3,0.5,0.1,0.0,0.0,3,0.013556102077578146,0.01326258991678517,1.0221308328640626
Fstationary-H0.3-I0.5-N0.1-S0-T0.9-D0,stationary,0.3,0.5,0.1,0.0,0.9,0,0.044335545461391776,0.03246933387380421,1.365459040019329
Fstationary-H0.3-I0.5-N0.1-S0-T0.9-D1,stationary,0.3,0.5,0.1,0.0,0.9,1,0.0396896237984745,0.032808728861820666,1.209727568709957
Fstationary-H0.3-I0.5-N0.1-S0-T0.9-D3,stationary,0.3,0.5,0.1,0.0,0.9,3,0.03925530069812801,0.032853543277384864,1.19485744251975
Fstationary-H0.3-I0.5-N0.1-S0.9-T0-D0,stationary,0.3,0.5,0.1,0.9,0.0,0,0.013093960455609401,0.012724852975601282,1.0290068168737074
Fstationary-H0.3-I0.5-N0.1-S0.9-T0-D1,stationary,0.3,0.5,0.1,0.9,0.0,1,0.012630046482425265,0.012125592950799829,1.0416023804916
Fstationary-H0.3-I0.5-N0.1-S0.9-T0-D3,stationary,0.3,0.5,0.1,0.9,0.0,3,0.013160673692524221,0.012717351081605838,1.0348596659849705
Fstationary-H0.3-I0.5-N0.1-S0.9-T0.9-D0,stationary,0.3,0.5,0.1,0.9,0.9,0,0.037709206879186344,0.033530285690332486,1.1246312431527756
Fstationary-H0.3-I0.5-N0.1-S0.9-T0.9-D1,stationary,0.3,0.5,0.1,0.9,0.9,1,0.04540265541786852,0.04070416109566396,1.1154303195479705
Fstationary-H0.3-I0.5-N0.1-S0.9-T0.9-D3,stationary,0.3,0.5,0.1,0.9,0.9,3,0.04292250035839846,0.03783762451555558,1.1343867620641042
Fstationary-H0.3-I0.5-N0.5-S0-T0-D0,stationary,0.3,0.5,0.5,0.0,0.0,0,0.023319215538031898,0.01834396864084517,1.2712197668125484
Fstationary-H0.3-I0.5-N0.5-S0-T0-D1,stationary,0.3,0.5,0.5,0.0,0.0,1,0.024906981234831788,0.020188439612374386,1.2337249293682508
Fstationary-H0.3-I0.5-N0.5-S0-T0-D3,stationary,0.3,0.5,0.5,0.0,0.0,3,0.02286699236976497,0.01985846052641731,1.1514987447967315
Fstationary-H0.3-I0.5-N0.5-S0-T0.9-D0,stationary,0.3,0.5,0.5,0.0,0.9,0,0.14864393762336237,0.1028814877734759,1.4448074268778661
Fstationary-H0.3-I0.5-N0.5-S0-T0.9-D1,stationary,0.3,0.5,0.5,0.0,0.9,1,0.15729412350634764,0.11596873397753223,1.35634940652902
Fstationary-H0.3-I0.5-N0.5-S0-T0.9-D3,stationary,0.3,0.5,0.5,0.0,0.9,3,0.15913434161034828,0.11350696912054523,1.4019785995813743
Fstationary-H0.3-I0.5-N0.5-S0.9-T0-D0,stationary,0.3,0.5,0.5,0.9,0.0,0,0.023464697091224743,0.020626951231512335,1.137574662773096
Fstationary-H0.3-I0.5-N0.5-S0.9-T0-D1,stationary,0.3,0.5,0.5,0.9,0.0,1,0.02528244634537405,0.020271872786825334,1.2471687550153274
Fstationary-H0.3-I0.5-N0.5-S0.9-T0-D3,stationary,0.3,0.5,0.5,0.9,0.0,3,0.024295776223585388,0.01997720195380375,1.216175132021397
Fstationary-H0.3-I0.5-N0.5-S0.9-T0.9-D0,stationary,0.3,0.5,0.5,0.9,0.9,0,0.182580642376343,0.1542569627482957,1.1836136218646003
Fstationary-H0.3-I0.5-N0.5-S0.9-T0.9-D1,stationary,0.3,0.5,0.5,0.9,0.9,1,0.16259942893423923,0.14261244353858382,1.1401489582516544
Fstationary-H0.3-I0.5-N0.5-S0.9-T0.9-D3,stationary,0.3,0.5,0.5,0.9,0.9,3,0.1570658405401004,0.12677063543913367,1.2389765184660004
Fstationary-H0.3-I1.5-N0.1-S0-T0-D0,stationary,0.3,1.5,0.1,0.0,0.0,0,0.0728328911252997,0.07898106756261944,0.9221563264836194
Fstationary-H0.3-I1.5-N0.1-S0-T0-D1,stationary,0.3,1.5,0.1,0.0,0.0,1,0.07981680066388586,0.07943747494749234,1.0047751482111464
Fstationary-H0.3-I1.5-N0.1-S0-T0-D3,stationary,0.3,1.5,0.1,0.0,0.0,3,0.07936584808358074,0.07903182797136019,1.004226399930185
Fstationary-H0.3-I1.5-N0.1-S0-T0.9-D0,stationary,0.3,1.5,0.1,0.0,0.9,0,0.09693093795154367,0.09521206481839427,1.0180531021612433
Fstationary-H0.3-I1.5-N0.1-S0-T0.9-D1,stationary,0.3,1.5,0.1,0.0,0.9,1,0.10923387523854644,0.10574827276203073,1.032961318284219
Fstationary-H0.3-I1.5-N0.1-S0-T0.9-D3,stationary,0.3,1.5,0.1,0.0,0.9,3,0.10777670604974077,0.10456973059880788,1.030668296002758
Fstationary-H0.3-I1.5-N0.1-S0.9-T0-D0,stationary,0.3,1.5,0.1,0.9,0.0,0,0.07408468718460015,0.07897233507767351,0.938109365915721
Fstationary-H0.3-I1.5-N0.1-S0.9-T0-D1,stationary,0.3,1.5,0.1,0.9,0.0,1,0.07887922529726296,0.07874327235261841,1.0017265340972337
Fstationary-H0.3-I1.5-N0.1-S0.9-T0-D3,stationary,0.3,1.5,0.1,0.9,0.0,3,0.07760923438126992,0.07738290350553564,1.002924817569272
Fstationary-H0.3-I1.5-N0.1-S0.9-T0.9-D0,stationary,0.3,1.5,0.1,0.9,0.9,0,0.10187531978259558,0.1026673749444506,0.9922852302176463
Fstationary-H0.3-I1.5-N0.1-S0.9-T0.9-D1,stationary,0.3,1.5,0.1,0.9,0.9,1,0.10413027863095345,0.0992602403573597,1.0490633334763295
Fstationary-H0.3-I1.5-N0.1-S0.9-T0.9-D3,stationary,0.3,1.5,0.1,0.9,0.9,3,0.10579083670778858,0.10277293274997926,1.0293647741390344
Fstationary-H0.3-I1.5-N0.5-S0-T0-D0,stationary,0.3,1.5,0.5,0.0,0.0,0,0.08233163318873997,0.08693622779745011,0.9470348009642398
Fstationary-H0.3-I1.5-N0.5-S0-T0-D1,stationary,0.3,1.5,0.5,0.0,0.0,1,0.08885673198285499,0.08695520451976957,1.0218678970808825
Fstationary-H0.3-I1.5-N0.5-S0-T0-D3,stationary,0.3,1.5,0.5,0.0,0.0,3,0.09218985145907777,0.08944581383182115,1.0306782118659688
Fstationary-H0.3-I1.5-N0.5-S0-T0.9-D0,stationary,0.3,1.5,0.5,0.0,0.9,0,0.20869825966070965,0.16960022458427465,1.2305305619274527
Fstationary-H0.3-I1.5-N0.5-S0-T0.9-D1,stationary,0.3,1.5,0.5,0.0,0.9,1,0.22647906233825532,0.2120188824392899,1.0682023210980087
Fstationary-H0.3-I1.5-N0.5-S0-T0.9-D3,stationary,0.3,1.5,0.5,0.0,0.9,3,0.22572765481108742,0.2132723158664012,1.058401105150884
Fstationary-H0.3-I1.5-N0.5-S0.9-T0-D0,stationary,0.3,1.5,0.5,0.9,0.0,0,0.08315126468594976,0.08615593042805036,0.9651252591995413
Fstationary-H0.3-I1.5-N0.5-S0.9-T0-D1,stationary,0.3,1.5,0.5,0.9,0.0,1,0.09252327945048702,0.08965805658946113,1.0319572269355064
Fstationary-H0.3-I1.5-N0.5-S0.9-T0-D3,stationary,0.3,1.5,0.5,0.9,0.0,3,0.0880200974561357,0.08652005282782554,1.0173375371290543
Fstationary-H0.3-I1.5-N0.5-S0.9-T0.9-D0,stationary,0.3,1.5,0.5,0.9,0.9,0,0.22696583673106446,0.2085107252736802,1.0885091710901733
Fstationary-H0.3-I1.5-N0.5-S0.9-T0.9-D1,stationary,0.3,1.5,0.5,0.9,0.9,1,0.2547831863112485,0.24502370099807083,1.0398307807506937
Fstationary-H0.3-I1.5-N0.5-S0.9-T0.9-D3,stationary,0.3,1.5,0.5,0.9,0.9,3,0.20318541708997306,0.1934489103196088,1.0503311533483335
Fstationary-H0.6-I0.5-N0.1-S0-T0-D0,stationary,0.6,0.5,0.1,0.0,0.0,0,0.021503090131593648,0.021595393801645442,0.9957257704629234
Fstationary-H0.6-I0.5-N0.1-S0-T0-D1,stationary,0.6,0.5,0.1,0.0,0.0,1,0.02226210277335039,0.021997647368835152,1.0120219858097144
Fstationary-H0.6-I0.5-N0.1-S0-T0-D3,stationary,0.6,0.5,0.1,0.0,0.0,3,0.022708440105252893,0.022185803946190914,1.0235572332798744
Fstationary-H0.6-I0.5-N0.1-S0-T0.9-D0,stationary,0.6,0.5,0.1,0.0,0.9,0,0.04889042600612335,0.0400226320287687,1.2215694852597498
Fstationary-H0.6-I0.5-N0.1-S0-T0.9-D1,stationary,0.6,0.5,0.1,0.0,0.9,1,0.05109406428822385,0.04278132523076113,1.1943076567316246
Fstationary-H0.6-I0.5-N0.1-S0-T0.9-D3,stationary,0.6,0.5,0.1,0.0,0.9,3,0.049672336772940445,0.04141222643082737,1.199460667875713
Fstationary-H0.6-I0.5-N0.1-S0.9-T0-D0,stationary,0.6,0.5,0.1,0.9,0.0,0,0.021799528684620498,0.021530321989921112,1.0125036074623226
Fstationary-H0.6-I0.5-N0.1-S0.9-T0-D1,stationary,0.6,0.5,0.1,0.9,0.0,1,0.02274143877244889,0.022585686707774694,1.0068960517645267
Fstationary-H0.6-I0.5-N0.1-S0.9-T0-D3,stationary,0.6,0.5,0.1,0.9,0.0,3,0.022592681504166018,0.02216115450746481,1.0194722254454682
Fstationary-H0.6-I0.5-N0.1-S0.9-T0.9-D0,stationary,0.6,0.5,0.1,0.9,0.9,0,0.049950275127032595,0.04688814109330994,1.0653072176102876
Fstationary-H0.6-I0.5-N0.1-S0.9-T0.9-D1,stationary,0.6,0.5,0.1,0.9,0.9,1,0.0481196770017978,0.04308120438274309,1.1169529192891587
Fstationary-H0.6-I0.5-N0.1-S0.9-T0.9-D3,stationary,0.6,0.5,0.1,0.9,0.9,3,0.05277869888926411,0.04561248560005167,1.15711078216716
Fstationary-H0.6-I0.5-N0.5-S0-T0-D0,stationary,0.6,0.5,0.5,0.0,0.0,0,0.03142348411149962,0.027625558473356418,1.1374786917631412
Fstationary-H0.6-I0.5-N0.5-S0-T0-D1,stationary,0.6,0.5,0.5,0.0,0.0,1,0.03283795162327599,0.02887900489525217,1.1370873664928354
Fstationary-H0.6-I0.5-N0.5-S0-T0-D3,stationary,0.6,0.5,0.5,0.0,0.0,3,0.03247283233803224,0.029008344692240624,1.1194307252808646
Fstationary-H0.6-I0.5-N0.5-S0-T0.9-D0,stationary,0.6,0.5,0.5,0.0,0.9,0,0.18192706787536717,0.11991748421142615,1.5171021062667736
Fstationary-H0.6-I0.5-N0.5-S0-T0.9-D1,stationary,0.6,0.5,0.5,0.0,0.9,1,0.17332323332187047,0.13797777925879068,1.2561677268104596
Fstationary-H0.6-I0.5-N0.5-S0-T0.9-D3,stationary,0.6,0.5,0.5,0.0,0.9,3,0.1831329452748066,0.14096025545242774,1.2991814230686578
Fstationary-H0.6-I0.5-N0.5-S0.9-T0-D0,stationary,0.6,0.5,0.5,0.9,0.0,0,0.0328448158152815,0.030596461310079627,1.0734841353846754
Fstationary-H0.6-I0.5-N0.5-S0.9-T0-D1,stationary,0.6,0.5,0.5,0.9,0.0,1,0.030119502097691195,0.027432771119216617,1.0979387378255974
Fstationary-H0.6-I0.5-N0.5-S0.9-T0-D3,stationary,0.6,0.5,0.5,0.9,0.0,3,0.03412175224678564,0.028475955953728378,1.1982653822836122
Fstationary-H0.6-I0.5-N0.5-S0.9-T0.9-D0,stationary,0.6,0.5,0.5,0.9,0.9,0,0.16246340013418892,0.13510753186916133,1.2024747835044394
Fstationary-H0.6-I0.5-N0.5-S0.9-T0.9-D1,stationary,0.6,0.5,0.5,0.9,0.9,1,0.16278949963819808,0.13196732563684582,1.2335591317972923
Fstationary-H0.6-I0.5-N0.5-S0.9-T0.9-D3,stationary,0.6,0.5,0.5,0.9,0.9,3,0.14813245530596852,0.11197937308242581,1.3228548368183053
Fstationary-H0.6-I1.5-N0.1-S0-T0-D0,stationary,0.6,1.5,0.1,0.0,0.0,0,0.08070625354097419,0.08807593197925312,0.9163258534690849
Fstationary-H0.6-I1.5-N0.1-S0-T0-D1,stationary,0.6,1.5,0.1,0.0,0.0,1,0.08845080288273369,0.08837560669426517,1.0008508704073587
Fstationary-H0.6-I1.5-N0.1-S0-T0-D3,stationary,0.6,1.5,0.1,0.0,0.0,3,0.08810525805779534,0.08772664095371932,1.004315873718176
Fstationary-H0.6-I1.5-N0.1-S0-T0.9-D0,stationary,0.6,1.5,0.1,0.0,0.9,0,0.10691565753560575,0.10670487999110656,1.001975331817221
Fstationary-H0.6-I1.5-N0.1-S0-T0.9-D1,stationary,0.6,1.5,0.1,0.0,0.9,1,0.1160385813569083,0.11331688770399388,1.0240184292744081
Fstationary-H0.6-I1.5-N0.1-S0-T0.9-D3,stationary,0.6,1.5,0.1,0.0,0.9,3,0.11653791514935112,0.11196539473297532,1.040838693305916
Fstationary-H0.6-I1.5-N0.1-S0.9-T0-D0,stationary,0.6,1.5,0.1,0.9,0.0,0,0.08056849173239895,0.087461889592765,0.9211839820467784
Fstationary-H0.6-I1.5-N0.1-S0.9-T0-D1,stationary,0.6,1.5,0.1,0.9,0.0,1,0.08938412456759609,0.08927333314099445,1.001241036070947
Fstationary-H0.6-I1.5-N0.1-S0.9-T0-D3,stationary,0.6,1.5,0.1,0.9,0.0,3,0.08769167946962345,0.08751132384291366,1.0020609404450735
Fstationary-H0.6-I1.5-N0.1-S0.9-T0.9-D0,stationary,0.6,1.5,0.1,0.9,0.9,0,0.1063856293208564,0.10725163120478261,0.991925513167509
Fstationary-H0.6-I1.5-N0.1-S0.9-T0.9-D1,stationary,0.6,1.5,0.1,0.9,0.9,1,0.10752753298778392,0.10580889315505565,1.0162428675084023
Fstationary-H0.6-I1.5-N0.1-S0.9-T0.9-D3,stationary,0.6,1.5,0.1,0.9,0.9,3,0.11329172691696762,0.1107528994927572,1.0229233495090253
Fstationary-H0.6-I1.5-N0.5-S0-T0-D0,stationary,0.6,1.5,0.5,0.0,0.0,0,0.09102425850628412,0.09610610750871729,0.9471225176613025
Fstationary-H0.6-I1.5-N0.5-S0-T0-D1,stationary,0.6,1.5,0.5,0.0,0.0,1,0.09836772366784387,0.09545417843398626,1.030522972191024
Fstationary-H0.6-I1.5-N0.5-S0-T0-D3,stationary,0.6,1.5,0.5,0.0,0.0,3,0.09728681593163632,0.09431669136569448,1.0314909749582475
Fstationary-H0.6-I1.5-N0.5-S0-T0.9-D0,stationary,0.6,1.5,0.5,0.0,0.9,0,0.2383280532251638,0.18725202245684763,1.2727662435800216
Fstationary-H0.6-I1.5-N0.5-S0-T0.9-D1,stationary,0.6,1.5,0.5,0.0,0.9,1,0.24389304574814885,0.2238521705718251,1.0895272765286563
Fstationary-H0.6-I1.5-N0.5-S0-T0.9-D3,stationary,0.6,1.5,0.5,0.0,0.9,3,0.22769727778017987,0.20580047213715402,1.1063982284182172
Fstationary-H0.6-I1.5-N0.5-S0.9-T0-D0,stationary,0.6,1.5,0.5,0.9,0.0,0,0.08996667065455433,0.09306808218930157,0.9666758843441199
Fstationary-H0.6-I1.5-N0.5-S0.9-T0-D1,stationary,0.6,1.5,0.5,0.9,0.0,1,0.09788428030754406,0.09470446603642377,1.033576180767413
Fstationary-H0.6-I1.5-N0.5-S0.9-T0-D3,stationary,0.6,1.5,0.5,0.9,0.0,3,0.10217386209665992,0.09928074049415657,1.0291408141005318
Fstationary-H0.6-I1.5-N0.5-S0.9-T0.9-D0,stationary,0.6,1.5,0.5,0.9,0.9,0,0.24464694859783667,0.22858809000848884,1.070252385365972
Fstationary-H0.6-I1.5-N0.5-S0.9-T0.9-D1,stationary,0.6,1.5,0.5,0.9,0.9,1,0.2855281261148781,0.26084538978365435,1.0946259251570276
Fstationary-H0.6-I1.5-N0.5-S0.9-T0.9-D3,stationary,0.6,1.5,0.5,0.9,0.9,3,0.2194910015649014,0.2071129578154708,1.0597646998043402
