scenario,rho,num_agents,eta,mean_delay,max_delay,stable,spectral_radius,finite_mse,stationary_mse,squared_bias,finite_variance
heterogeneous,0.0,1,0.007496479365920988,0.0,0,True,0.992503520634079,0.00616244347704116,0.0056259180388105005,0.0005395801673202696,0.005622863309720891
heterogeneous,0.0,2,0.008214865584638874,0.0,0,True,0.9917851344153611,0.0033434758959523018,0.003082713867457182,0.0002615739482106096,0.003081901947741692
heterogeneous,0.0,4,0.008214865584638874,0.0,0,True,0.9917851344153611,0.0018025249220814557,0.001541356933728591,0.0002615739482106096,0.001540950973870846
heterogeneous,0.0,8,0.009002094620638404,0.75,2,True,0.9909359608206323,0.0009612941300527543,0.0008503025984262709,0.00011108671996078672,0.0008502074100919675
heterogeneous,0.0,16,0.009864763668252936,2.375,6,True,0.9898923758775787,0.0005124756098531262,0.00047372163988555847,3.8772512250953665e-05,0.0004737030976021725
heterogeneous,0.0,32,0.009864763668252936,6.65625,16,True,0.98939500069543,0.0002705226772750333,0.0002468814592184639,2.3647153460099624e-05,0.00024687552381493367
heterogeneous,0.1,1,0.006242680759524585,0.0,0,True,0.9937573192404754,0.016971698524487256,0.0150993492550021,0.0019069545854870796,0.015064743939000176
heterogeneous,0.1,2,0.006242680759524585,0.0,0,True,0.9937573192404754,0.014867726626397869,0.012991336439261016,0.0019069545854870796,0.01296077204091079
heterogeneous,0.1,4,0.006242680759524585,0.0,0,True,0.9937573192404754,0.013815740677353175,0.011937330031390475,0.0019069545854870796,0.011908786091866096
heterogeneous,0.1,8,0.006242680759524585,0.75,2,True,0.9937277047500472,0.013283140359698206,0.011458900228606442,0.0018511118802609565,0.011432028479437249
heterogeneous,0.1,16,0.006242680759524585,2.375,6,True,0.9936618541105164,0.013007016835768475,0.011298890966888369,0.0017331197569285463,0.011273897078839929
heterogeneous,0.1,32,0.006242680759524585,6.65625,16,True,0.9934759134744657,0.012870755998091548,0.011450520977451863,0.001441523837378378,0.01142923216071317
heterogeneous,0.3,1,0.005198582049395212,0.0,0,True,0.9948014179506048,0.03566025463905298,0.030410174666911878,0.0054499889849805505,0.030210265654072428
heterogeneous,0.3,2,0.005198582049395212,0.0,0,True,0.9948014179506048,0.034302503131796315,0.02904495031422065,0.0054499889849805505,0.028852514146815764
heterogeneous,0.3,4,0.005198582049395212,0.0,0,True,0.9948014179506048,0.03362362737816798,0.02836233813787503,0.0054499889849805505,0.028173638393187428
heterogeneous,0.3,8,0.005198582049395212,0.75,2,True,0.9947809265821921,0.03327690874445625,0.028121576441218123,0.005339169518620784,0.027937739225835465
heterogeneous,0.3,16,0.005198582049395212,2.375,6,True,0.9947355638751338,0.033096616092675335,0.02817054650722134,0.005102579832702581,0.02799403625997275
heterogeneous,0.3,32,0.005198582049395212,6.65625,16,True,0.9946090420688298,0.03302829532824915,0.028685852009451458,0.004501969559089548,0.028526325769159602
heterogeneous,0.5,1,0.004743968439144176,0.0,0,True,0.9952560315608558,0.05236277436292891,0.04421159347662185,0.008606334538916183,0.04375643982401273
heterogeneous,0.5,2,0.004743968439144176,0.0,0,True,0.9952560315608558,0.05148061445580217,0.04332174482616441,0.008606334538916183,0.042874279916885985
heterogeneous,0.5,4,0.004743968439144176,0.0,0,True,0.9952560315608558,0.05103953450223878,0.042876820500935685,0.008606334538916183,0.0424331999633226
heterogeneous,0.5,8,0.004743968439144176,0.75,2,True,0.995238983801446,0.05081953712028157,0.0427949189511956,0.008460558771751754,0.042358978348529815
heterogeneous,0.5,16,0.004743968439144176,2.375,6,True,0.9952013167516889,0.05071759623220304,0.04299199017753895,0.008148204335999932,0.0425693918962031
heterogeneous,0.5,32,0.004743968439144176,6.65625,16,True,0.9950968106299288,0.05073570597704401,0.043777768553898276,0.007347798642311621,0.043387907334732384
heterogeneous,0.7,1,0.004329110580107935,0.0,0,True,0.995670889419892,0.06777730745997998,0.05557867921636114,0.013055989151664088,0.054721318308315885
heterogeneous,0.7,2,0.004329110580107935,0.0,0,True,0.995670889419892,0.06729648943078342,0.055091477244422836,0.013055989151664088,0.054240500279119336
heterogeneous,0.7,4,0.004329110580107935,0.0,0,True,0.995670889419892,0.06705608041618515,0.054847876258453686,0.013055989151664088,0.05400009126452106
heterogeneous,0.7,8,0.004329110580107935,0.75,2,True,0.995656705356861,0.06692623265775594,0.0548916718855888,0.0128718051635503,0.05405442749420563
heterogeneous,0.7,16,0.004329110580107935,2.375,6,True,0.9956254202880404,0.06685323740409158,0.055194354106021554,0.012476017571366037,0.054377219832725546
heterogeneous,0.7,32,0.004329110580107935,6.65625,16,True,0.9955390324509341,0.06684188803273675,0.05615365635977006,0.011454354111546751,0.05538753392118999
heterogeneous,0.9,1,0.003950531850119864,0.0,0,True,0.9960494681498802,0.08244223499743167,0.06479078436809782,0.019094483383344366,0.0633477516140873
heterogeneous,0.9,2,0.003950531850119864,0.0,0,True,0.9960494681498802,0.08229687998292703,0.06464259031517111,0.019094483383344366,0.06320239659958267
heterogeneous,0.9,4,0.003950531850119864,0.0,0,True,0.9960494681498802,0.08222420247567472,0.06456849328870777,0.019094483383344366,0.06312971909233035
heterogeneous,0.9,8,0.003950531850119864,0.75,2,True,0.9960376658219722,0.08215505736515541,0.06471067583295081,0.01887016249141968,0.06328489487373573
heterogeneous,0.9,16,0.003950531850119864,2.375,6,True,0.9960116752986712,0.08207389318596196,0.06508568661851277,0.01838704098272861,0.06368685220323335
heterogeneous,0.9,32,0.003950531850119864,6.65625,16,True,0.9959402151078036,0.0819491716363232,0.06614502085882303,0.01713281979479763,0.06481635184152558
heterogeneous,0.99,1,0.003950531850119864,0.0,0,True,0.9960494681498802,0.08848630012983116,0.07097347469905423,0.019094483383344366,0.0693918167464868
heterogeneous,0.99,2,0.003950531850119864,0.0,0,True,0.9960494681498802,0.08847176462838069,0.07095865529376155,0.019094483383344366,0.06937728124503632
heterogeneous,0.99,4,0.003950531850119864,0.0,0,True,0.9960494681498802,0.08846449687765545,0.07095124559111521,0.019094483383344366,0.06937001349431109
heterogeneous,0.99,8,0.003950531850119864,0.75,2,True,0.9960376658219722,0.08844709200139653,0.0711445850405581,0.01887016249141968,0.06957692950997685
heterogeneous,0.99,16,0.003950531850119864,2.375,6,True,0.9960116752986712,0.08842422483850715,0.07157555669973331,0.01838704098272861,0.07003718385577853
heterogeneous,0.99,32,0.003950531850119864,6.65625,16,True,0.9959402151078036,0.08842146293684194,0.07275001543090028,0.01713281979479763,0.07128864314204432
synchronous,0.0,1,0.007496479365920988,0.0,0,True,0.992503520634079,0.00616244347704116,0.0056259180388105005,0.0005395801673202696,0.005622863309720891
synchronous,0.0,2,0.008214865584638874,0.0,0,True,0.9917851344153611,0.0033434758959523018,0.003082713867457182,0.0002615739482106096,0.003081901947741692
synchronous,0.0,4,0.008214865584638874,0.0,0,True,0.9917851344153611,0.0018025249220814557,0.001541356933728591,0.0002615739482106096,0.001540950973870846
synchronous,0.0,8,0.009002094620638404,0.0,0,True,0.9909979053793616,0.0009627212769371988,0.0008445894805585575,0.0001182324095847269,0.0008444888673524719
synchronous,0.0,16,0.009864763668252936,0.0,0,True,0.990135236331747,0.0005122642740894288,0.00046279751132259666,4.9489856555766474e-05,0.0004627744175336624
synchronous,0.0,32,0.010810102129717652,0.0,0,True,0.9891898978702823,0.0002726297101197292,0.00025359434040493595,1.9040242146210364e-05,0.00025358946797351885
synchronous,0.1,1,0.006242680759524585,0.0,0,True,0.9937573192404754,0.016971698524487256,0.0150993492550021,0.0019069545854870796,0.015064743939000176
synchronous,0.1,2,0.006242680759524585,0.0,0,True,0.9937573192404754,0.014867726626397869,0.012991336439261016,0.0019069545854870796,0.01296077204091079
synchronous,0.1,4,0.006242680759524585,0.0,0,True,0.9937573192404754,0.013815740677353175,0.011937330031390475,0.0019069545854870796,0.011908786091866096
synchronous,0.1,8,0.006242680759524585,0.0,0,True,0.9937573192404754,0.01328974770283083,0.011410326827455203,0.0019069545854870796,0.01138279311734375
synchronous,0.1,16,0.006242680759524585,0.0,0,True,0.9937573192404754,0.013026751215569654,0.011146825225487567,0.0019069545854870796,0.011119796630082574
synchronous,0.1,32,0.006242680759524585,0.0,0,True,0.9937573192404754,0.012895252971939069,0.01101507442450375,0.0019069545854870796,0.010988298386451989
synchronous,0.3,1,0.005198582049395212,0.0,0,True,0.9948014179506048,0.03566025463905298,0.030410174666911878,0.0054499889849805505,0.030210265654072428
synchronous,0.3,2,0.005198582049395212,0.0,0,True,0.9948014179506048,0.034302503131796315,0.02904495031422065,0.0054499889849805505,0.028852514146815764
synchronous,0.3,4,0.005198582049395212,0.0,0,True,0.9948014179506048,0.03362362737816798,0.02836233813787503,0.0054499889849805505,0.028173638393187428
synchronous,0.3,8,0.005198582049395212,0.0,0,True,0.9948014179506048,0.03328418950135381,0.028021032049702226,0.0054499889849805505,0.027834200516373264
synchronous,0.3,16,0.005198582049395212,0.0,0,True,0.9948014179506048,0.03311447056294673,0.027850379005615822,0.0054499889849805505,0.02766448157796618
synchronous,0.3,32,0.005198582049395212,0.0,0,True,0.9948014179506048,0.033029611093743194,0.027765052483572625,0.0054499889849805505,0.027579622108762643
synchronous,0.5,1,0.004743968439144176,0.0,0,True,0.9952560315608558,0.05236277436292891,0.04421159347662185,0.008606334538916183,0.04375643982401273
synchronous,0.5,2,0.004743968439144176,0.0,0,True,0.9952560315608558,0.05148061445580217,0.04332174482616441,0.008606334538916183,0.042874279916885985
synchronous,0.5,4,0.004743968439144176,0.0,0,True,0.9952560315608558,0.05103953450223878,0.042876820500935685,0.008606334538916183,0.0424331999633226
synchronous,0.5,8,0.004743968439144176,0.0,0,True,0.9952560315608558,0.0508189945254571,0.042654358338321326,0.008606334538916183,0.04221265998654092
synchronous,0.5,16,0.004743968439144176,0.0,0,True,0.9952560315608558,0.050708724537066256,0.042543127257014146,0.008606334538916183,0.042102389998150073
synchronous,0.5,32,0.004743968439144176,0.0,0,True,0.9952560315608558,0.05065358954287084,0.04248751171636056,0.008606334538916183,0.042047255003954655
synchronous,0.7,1,0.004329110580107935,0.0,0,True,0.995670889419892,0.06777730745997998,0.05557867921636114,0.013055989151664088,0.054721318308315885
synchronous,0.7,2,0.004329110580107935,0.0,0,True,0.995670889419892,0.06729648943078342,0.055091477244422836,0.013055989151664088,0.054240500279119336
synchronous,0.7,4,0.004329110580107935,0.0,0,True,0.995670889419892,0.06705608041618515,0.054847876258453686,0.013055989151664088,0.05400009126452106
synchronous,0.7,8,0.004329110580107935,0.0,0,True,0.995670889419892,0.066935875908886,0.054726075765469104,0.013055989151664088,0.05387988675722192
synchronous,0.7,16,0.004329110580107935,0.0,0,True,0.995670889419892,0.06687577365523645,0.054665175518976816,0.013055989151664088,0.05381978450357235
synchronous,0.7,32,0.004329110580107935,0.0,0,True,0.995670889419892,0.06684572252841166,0.05463472539573067,0.013055989151664088,0.05378973337674757
synchronous,0.9,1,0.003950531850119864,0.0,0,True,0.9960494681498802,0.08244223499743167,0.06479078436809782,0.019094483383344366,0.0633477516140873
synchronous,0.9,2,0.003950531850119864,0.0,0,True,0.9960494681498802,0.08229687998292703,0.06464259031517111,0.019094483383344366,0.06320239659958267
synchronous,0.9,4,0.003950531850119864,0.0,0,True,0.9960494681498802,0.08222420247567472,0.06456849328870777,0.019094483383344366,0.06312971909233035
synchronous,0.9,8,0.003950531850119864,0.0,0,True,0.9960494681498802,0.08218786372204857,0.06453144477547611,0.019094483383344366,0.06309338033870421
synchronous,0.9,16,0.003950531850119864,0.0,0,True,0.9960494681498802,0.0821696943452355,0.06451292051886026,0.019094483383344366,0.06307521096189113
synchronous,0.9,32,0.003950531850119864,0.0,0,True,0.9960494681498802,0.08216060965682893,0.06450365839055233,0.019094483383344366,0.06306612627348457
synchronous,0.99,1,0.003950531850119864,0.0,0,True,0.9960494681498802,0.08848630012983116,0.07097347469905423,0.019094483383344366,0.0693918167464868
synchronous,0.99,2,0.003950531850119864,0.0,0,True,0.9960494681498802,0.08847176462838069,0.07095865529376155,0.019094483383344366,0.06937728124503632
synchronous,0.99,4,0.003950531850119864,0.0,0,True,0.9960494681498802,0.08846449687765545,0.07095124559111521,0.019094483383344366,0.06937001349431109
synchronous,0.99,8,0.003950531850119864,0.0,0,True,0.9960494681498802,0.08846086300229285,0.07094754073979205,0.019094483383344366,0.06936637961894848
synchronous,0.99,16,0.003950531850119864,0.0,0,True,0.9960494681498802,0.08845904606461154,0.07094568831413046,0.019094483383344366,0.06936456268126717
synchronous,0.99,32,0.003950531850119864,0.0,0,True,0.9960494681498802,0.08845813759577088,0.07094476210129967,0.019094483383344366,0.06936365421242652
