persistence,policy,num_agents,rho,maximum_delay,target_fraction,gap,pair_delta,joint_delta,curvature,monotonicity,lipschitz,effective_monotonicity,effective_curvature,rms_delay,maximum_actual_delay,omega,innovation_bound,initial_error,update_cost,updates,resource_budget,eta,affine_boundary,a_delta,beta_delta,h_delay,g_delay,young_lambda,contraction,forcing,residual,blocks,finite_time_bound,beats_no_update_bound
0.0,joint,16,0.0,0,0.1,64,3.5549594395554215e-05,0.0006043431047244217,1.8972676907220358,0.10000000000000003,7.412688455006394,0.09104038568949316,1.9636825202828403,0.0,0,0.09400101652747554,4.060351299511963,0.696136173289883,84,1523,128000,0.010263155128331822,0.023181034803012937,0.9994793170002774,2.6715797028368903e-05,0.0,0.0,0.0,0.9994793170002774,2.6715797028368903e-05,0.05130914019201777,1523,0.3430235817666552,True
0.0,q1,1,0.0,0,0.1,50,0.00031388256269316976,0.0006277651253863395,9.1057040309513,0.10000000000000003,7.412688455006394,0.09069314540518611,9.1746928445587,0.0,0,1.5040162644396087,4.060351299511963,0.696136173289883,55,2327,128000,0.0019433894770307524,0.004942571208744003,0.9998930491702749,1.2073864020023718e-05,0.0,0.0,0.0,0.9998930491702749,1.2073864020023718e-05,0.11289172838636027,2327,0.56762839471339,True
0.0,q32,32,0.0,0,0.1,68,1.9079553609862025e-05,0.0006296252691254468,1.6569876148975915,0.10000000000000003,7.412688455006394,0.09066556807314705,1.7261808506758176,0.0,0,0.04700050826373777,4.060351299511963,0.696136173289883,104,1230,128000,0.012070154969987932,0.026261897192767565,0.9994086224274238,2.3224382471458635e-05,0.0,0.0,0.0,0.9994086224274238,2.3224382471458635e-05,0.039271665934652325,1230,0.3565781667995159,True
0.0,joint,1,0.9,0,0.1,50,0.00031388256269316976,0.0006277651253863395,9.1057040309513,0.10000000000000003,7.412688455006394,0.09069314540518611,9.1746928445587,0.0,0,1.5040162644396087,4.060351299511963,0.696136173289883,55,2327,128000,0.0019433894770307524,0.004942571208744003,0.9998930491702749,1.2073864020023718e-05,0.0,0.0,0.0,0.9998930491702749,1.2073864020023718e-05,0.11289172838636027,2327,0.56762839471339,True
0.0,q1,1,0.9,0,0.1,50,0.00031388256269316976,0.0006277651253863395,9.1057040309513,0.10000000000000003,7.412688455006394,0.09069314540518611,9.1746928445587,0.0,0,1.5040162644396087,4.060351299511963,0.696136173289883,55,2327,128000,0.0019433894770307524,0.004942571208744003,0.9998930491702749,1.2073864020023718e-05,0.0,0.0,0.0,0.9998930491702749,1.2073864020023718e-05,0.11289172838636027,2327,0.56762839471339,True
0.0,q32,32,0.9,0,0.1,68,1.9079553609862025e-05,0.0006296252691254468,8.360831544774337,0.10000000000000003,7.412688455006394,0.09066556807314705,8.430024780552563,0.0,0,1.3583146888220214,4.060351299511963,0.696136173289883,104,1230,128000,0.0021411899139114317,0.005377538645099281,0.999883165972337,1.3262673564610687e-05,0.0,0.0,0.0,0.999883165972337,1.3262673564610687e-05,0.11351721608759795,1230,0.6181440096510118,True
0.0,joint,4,0.0,8,0.1,56,0.0001234148815085895,0.0006170744075429475,3.3389520242634765,0.10000000000000003,7.412688455006394,0.090851639326653,3.4067659718090306,0.0,0,0.37600406610990217,4.060351299511963,0.696136173289883,64,2000,128000,0.005444598354734565,0.013334000644371874,0.9997073272786762,2.500342734237349e-05,0.0,0.0,0.0,0.9997073272786762,2.500342734237349e-05,0.08543135564283916,2000,0.425511943366428,True
0.0,q1,1,0.0,8,0.1,50,0.00031388256269316976,0.0006277651253863395,9.1057040309513,0.10000000000000003,7.412688455006394,0.09069314540518611,9.1746928445587,0.0,0,1.5040162644396087,4.060351299511963,0.696136173289883,55,2327,128000,0.0019433894770307524,0.004942571208744003,0.9998930491702749,1.2073864020023718e-05,0.0,0.0,0.0,0.9998930491702749,1.2073864020023718e-05,0.11289172838636027,2327,0.56762839471339,True
0.0,q32,32,0.0,8,0.1,68,1.9079553609862025e-05,0.0006296252691254468,1.6569876148975915,0.10000000000000003,7.412688455006394,0.09066556807314705,1.7261808506758176,3.9764934301467165,8,0.04700050826373777,4.060351299511963,0.696136173289883,104,1230,128000,5.978058110866251e-05,0.00014589074006387593,0.9999945922974207,1.7721618610635778e-08,1.2194782377517662e-12,3.6588935906631214e-13,1.1043028716629508e-06,0.9999968008924399,3.4905262762923957e-07,0.10910937537229155,72,0.6960009753902412,True
0.0,joint,1,0.9,8,0.1,50,0.00031388256269316976,0.0006277651253863395,9.1057040309513,0.10000000000000003,7.412688455006394,0.09069314540518611,9.1746928445587,0.0,0,1.5040162644396087,4.060351299511963,0.696136173289883,55,2327,128000,0.0019433894770307524,0.004942571208744003,0.9998930491702749,1.2073864020023718e-05,0.0,0.0,0.0,0.9998930491702749,1.2073864020023718e-05,0.11289172838636027,2327,0.56762839471339,True
0.0,q1,1,0.9,8,0.1,50,0.00031388256269316976,0.0006277651253863395,9.1057040309513,0.10000000000000003,7.412688455006394,0.09069314540518611,9.1746928445587,0.0,0,1.5040162644396087,4.060351299511963,0.696136173289883,55,2327,128000,0.0019433894770307524,0.004942571208744003,0.9998930491702749,1.2073864020023718e-05,0.0,0.0,0.0,0.9998930491702749,1.2073864020023718e-05,0.11289172838636027,2327,0.56762839471339,True
0.0,q32,32,0.9,8,0.1,68,1.9079553609862025e-05,0.0006296252691254468,8.360831544774337,0.10000000000000003,7.412688455006394,0.09066556807314705,8.430024780552563,3.9764934301467165,8,1.3583146888220214,4.060351299511963,0.696136173289883,104,1230,128000,5.845080959885974e-05,0.0001428096837274492,0.9999947581264546,2.6277083967242415e-08,1.1145399721428243e-12,3.344039306621343e-13,1.0557205191010755e-06,0.9999968695575393,3.430316671508467e-07,0.10957929157224144,72,0.6960039828359549,True
0.9,joint,32,0.0,0,0.1,250,2.0252058628797924e-05,0.0006683179347503315,0.07204725804228582,0.1,7.412688455006394,0.09009193472160501,0.1454926591428941,0.0,0,0.09775239292858043,15.334617500795266,9.107393995413027,286,447,128000,0.07846747507420722,0.30960989802627026,0.994722352051963,0.005440174065696966,0.0,0.0,0.0,0.994722352051963,0.005440174065696966,1.0307951798339332,447,1.7893159857650993,True
0.9,q1,1,0.0,0,0.1,183,0.0003293049790533786,0.0006586099581067572,0.9510768321962353,0.1,7.412688455006394,0.09023585913437959,1.023455366463876,0.0,0,3.1280765737145737,15.334617500795266,9.107393995413027,188,680,128000,0.014869054369211644,0.04408392495226783,0.9991108270967578,0.001587358052223292,0.0,0.0,0.0,0.9991108270967578,0.001587358052223292,1.78520740615835,680,5.7840399337397645,True
0.9,q32,32,0.0,0,0.1,250,2.0252058628797924e-05,0.0006683179347503315,0.07204725804228582,0.1,7.412688455006394,0.09009193472160501,0.1454926591428941,0.0,0,0.09775239292858043,15.334617500795266,9.107393995413027,286,447,128000,0.07846747507420722,0.30960989802627026,0.994722352051963,0.005440174065696966,0.0,0.0,0.0,0.994722352051963,0.005440174065696966,1.0307951798339332,447,1.7893159857650993,True
0.9,joint,1,0.9,0,0.1,183,0.0003293049790533786,0.0006586099581067572,0.9510768321962353,0.1,7.412688455006394,0.09023585913437959,1.023455366463876,0.0,0,3.1280765737145737,15.334617500795266,9.107393995413027,188,680,128000,0.014869054369211644,0.04408392495226783,0.9991108270967578,0.001587358052223292,0.0,0.0,0.0,0.9991108270967578,0.001587358052223292,1.78520740615835,680,5.7840399337397645,True
0.9,q1,1,0.9,0,0.1,183,0.0003293049790533786,0.0006586099581067572,0.9510768321962353,0.1,7.412688455006394,0.09023585913437959,1.023455366463876,0.0,0,3.1280765737145737,15.334617500795266,9.107393995413027,188,680,128000,0.014869054369211644,0.04408392495226783,0.9991108270967578,0.001587358052223292,0.0,0.0,0.0,0.9991108270967578,0.001587358052223292,1.78520740615835,680,5.7840399337397645,True
0.9,q32,32,0.9,0,0.1,250,2.0252058628797924e-05,0.0006683179347503315,0.8631738493232626,0.1,7.412688455006394,0.09009193472160501,0.9366192504238708,0.0,0,2.825044155635975,15.334617500795266,9.107393995413027,286,447,128000,0.016598141920833975,0.04809421474138641,0.9990207153325648,0.0018071747246111028,0.0,0.0,0.0,0.9990207153325648,0.0018071747246111028,1.8454028585417486,447,6.531965164912668,True
0.9,joint,4,0.0,8,0.1,205,0.00013179960276531467,0.0006589980138265734,0.2705376470669298,0.1,7.412688455006394,0.09023010606207124,0.34295882706725134,0.0,0,0.7820191434286434,15.334617500795266,9.107393995413027,213,600,128000,0.03899119864581681,0.13154655740115606,0.9975246299294442,0.0034967204393085644,0.0,0.0,0.0,0.9975246299294442,0.0034967204393085644,1.4126051215136066,600,3.1519003872762434,True
0.9,q1,1,0.0,8,0.1,183,0.0003293049790533786,0.0006586099581067572,0.9510768321962353,0.1,7.412688455006394,0.09023585913437959,1.023455366463876,0.0,0,3.1280765737145737,15.334617500795266,9.107393995413027,188,680,128000,0.014869054369211644,0.04408392495226783,0.9991108270967578,0.001587358052223292,0.0,0.0,0.0,0.9991108270967578,0.001587358052223292,1.78520740615835,680,5.7840399337397645,True
0.9,q32,32,0.0,8,0.1,250,2.0252058628797924e-05,0.0006683179347503315,0.07204725804228582,0.1,7.412688455006394,0.09009193472160501,0.1454926591428941,3.9764934301467165,8,0.09775239292858043,15.334617500795266,9.107393995413027,286,447,128000,5.865662597835168e-05,0.0001457089215075545,0.9999947165122454,2.7636442782697863e-07,1.1303211065148624e-12,4.83722442464361e-12,1.0631684149673282e-06,0.999996842838971,4.826189095030511e-06,1.5286483808129796,26,9.106771909635794,True
0.9,joint,1,0.9,8,0.1,183,0.0003293049790533786,0.0006586099581067572,0.9510768321962353,0.1,7.412688455006394,0.09023585913437959,1.023455366463876,0.0,0,3.1280765737145737,15.334617500795266,9.107393995413027,188,680,128000,0.014869054369211644,0.04408392495226783,0.9991108270967578,0.001587358052223292,0.0,0.0,0.0,0.9991108270967578,0.001587358052223292,1.78520740615835,680,5.7840399337397645,True
0.9,q1,1,0.9,8,0.1,183,0.0003293049790533786,0.0006586099581067572,0.9510768321962353,0.1,7.412688455006394,0.09023585913437959,1.023455366463876,0.0,0,3.1280765737145737,15.334617500795266,9.107393995413027,188,680,128000,0.014869054369211644,0.04408392495226783,0.9991108270967578,0.001587358052223292,0.0,0.0,0.0,0.9991108270967578,0.001587358052223292,1.78520740615835,680,5.7840399337397645,True
0.9,q32,32,0.9,8,0.1,250,2.0252058628797924e-05,0.0006683179347503315,0.8631738493232626,0.1,7.412688455006394,0.09009193472160501,0.9366192504238708,3.9764934301467165,8,2.825044155635975,15.334617500795266,9.107393995413027,286,447,128000,5.848986748074638e-05,0.0001453369966306313,0.9999947369431469,2.9423117888070663e-07,1.1175219820206627e-12,4.7824503986959816e-12,1.057131904557489e-06,0.9999968511969459,4.81822270971085e-06,1.5301759516123974,26,9.10677368147869,True
0.98,joint,16,0.0,0,0.1,1185,3.959837412532419e-05,0.0006731723601305112,0.028054777473362647,0.09999999999999992,7.412688455006394,0.09001996603566223,0.10203366002138035,0.0,0,0.08586093492453101,22.485668382310642,16.805355696005744,1205,106,128000,0.1332359122573404,0.441128770725264,0.9916286716526279,0.028572819004415446,0.0,0.0,0.0,0.9916286716526279,0.028572819004415446,3.413176239035586,106,8.906728318451414,True
0.98,q1,1,0.0,0,0.1,924,0.0003355012384313969,0.0006710024768627938,0.22637437532646476,0.09999999999999992,7.412688455006394,0.09005213537295687,0.3001147965993133,0.0,0,1.3737749587924961,22.485668382310642,16.805355696005744,929,137,128000,0.05033028850329991,0.15002948270688932,0.9969881144020785,0.010906443449455143,0.0,0.0,0.0,0.9969881144020785,0.010906443449455143,3.6211346994658546,137,12.342447380399843,True
0.98,q32,32,0.0,0,0.1,1266,2.0401972509792026e-05,0.0006732650928231369,0.021444795539708055,0.09999999999999992,7.412688455006394,0.09001859123854217,0.09543386903046559,0.0,0,0.042930467462265504,22.485668382310642,16.805355696005744,1302,98,128000,0.14223107951442632,0.47162811354638245,0.9910577518512226,0.030730646958698392,0.0,0.0,0.0,0.9910577518512226,0.030730646958698392,3.436568349190787,98,8.980149041189279,True
0.98,joint,1,0.9,0,0.1,924,0.0003355012384313969,0.0006710024768627938,0.22637437532646476,0.09999999999999992,7.412688455006394,0.09005213537295687,0.3001147965993133,0.0,0,1.3737749587924961,22.485668382310642,16.805355696005744,929,137,128000,0.05033028850329991,0.15002948270688932,0.9969881144020785,0.010906443449455143,0.0,0.0,0.0,0.9969881144020785,0.010906443449455143,3.6211346994658546,137,12.342447380399843,True
0.98,q1,1,0.9,0,0.1,924,0.0003355012384313969,0.0006710024768627938,0.22637437532646476,0.09999999999999992,7.412688455006394,0.09005213537295687,0.3001147965993133,0.0,0,1.3737749587924961,22.485668382310642,16.805355696005744,929,137,128000,0.05033028850329991,0.15002948270688932,0.9969881144020785,0.010906443449455143,0.0,0.0,0.0,0.9969881144020785,0.010906443449455143,3.6211346994658546,137,12.342447380399843,True
0.98,q32,32,0.9,0,0.1,1266,2.0401972509792026e-05,0.0006732650928231369,0.2058812378863346,0.09999999999999992,7.412688455006394,0.09001859123854217,0.2798703113770922,0.0,0,1.2406905096594731,22.485668382310642,16.805355696005744,1302,98,128000,0.05456462596119015,0.1608219728552276,0.9967546841035745,0.011997454768311521,0.0,0.0,0.0,0.9967546841035745,0.011997454768311521,3.6968526797424754,98,13.229314009303925,True
0.98,joint,4,0.0,8,0.1,1036,0.00013411109088140837,0.0006705554544070419,0.06771804499779724,0.09999999999999992,7.412688455006394,0.09005876264935063,0.1414093403354336,0.0,0,0.34344373969812403,22.485668382310642,16.805355696005744,1044,122,128000,0.09976535499448831,0.3184328646033011,0.9938301855539645,0.021341948335377718,0.0,0.0,0.0,0.9938301855539645,0.021341948335377718,3.4590907914728857,122,9.731669466781105,True
0.98,q1,1,0.0,8,0.1,924,0.0003355012384313969,0.0006710024768627938,0.22637437532646476,0.09999999999999992,7.412688455006394,0.09005213537295687,0.3001147965993133,0.0,0,1.3737749587924961,22.485668382310642,16.805355696005744,929,137,128000,0.05033028850329991,0.15002948270688932,0.9969881144020785,0.010906443449455143,0.0,0.0,0.0,0.9969881144020785,0.010906443449455143,3.6211346994658546,137,12.342447380399843,True
0.98,q32,32,0.0,8,0.1,1266,2.0401972509792026e-05,0.0006732650928231369,0.021444795539708055,0.09999999999999992,7.412688455006394,0.09001859123854217,0.09543386903046559,3.9764934301467165,8,0.042930467462265504,22.485668382310642,16.805355696005744,1302,98,128000,5.6771459946438414e-05,0.00014561387818065266,0.9999948901283195,5.828167256501615e-07,9.918677647739278e-13,9.126702275774455e-12,9.959281264814385e-07,0.9999968819753862,9.746843426691553e-06,3.1259674421565937,5,16.80514243398927,True
0.98,joint,1,0.9,8,0.1,924,0.0003355012384313969,0.0006710024768627938,0.22637437532646476,0.09999999999999992,7.412688455006394,0.09005213537295687,0.3001147965993133,0.0,0,1.3737749587924961,22.485668382310642,16.805355696005744,929,137,128000,0.05033028850329991,0.15002948270688932,0.9969881144020785,0.010906443449455143,0.0,0.0,0.0,0.9969881144020785,0.010906443449455143,3.6211346994658546,137,12.342447380399843,True
0.98,q1,1,0.9,8,0.1,924,0.0003355012384313969,0.0006710024768627938,0.22637437532646476,0.09999999999999992,7.412688455006394,0.09005213537295687,0.3001147965993133,0.0,0,1.3737749587924961,22.485668382310642,16.805355696005744,929,137,128000,0.05033028850329991,0.15002948270688932,0.9969881144020785,0.010906443449455143,0.0,0.0,0.0,0.9969881144020785,0.010906443449455143,3.6211346994658546,137,12.342447380399843,True
0.98,q32,32,0.9,8,0.1,1266,2.0401972509792026e-05,0.0006732650928231369,0.2058812378863346,0.09999999999999992,7.412688455006394,0.09001859123854217,0.2798703113770922,3.9764934301467165,8,1.2406905096594731,22.485668382310642,16.805355696005744,1302,98,128000,5.6734676540672174e-05,0.0001455270433751707,0.9999948946260496,5.901468422555984e-07,9.892996552745715e-13,9.103071735853083e-12,9.946379773792306e-07,0.9999968838928376,9.742302280694295e-06,3.1264336471480894,5,16.805142572399127,True
