alignment,selection_rule,rho,configured_max_delay,resource,optimal_num_agents,optimal_eta,optimal_horizon,optimal_mse,all_agents_eta,all_agents_horizon,all_agents_mse,optimal_to_all_agents_ratio,selected_stable
sample_time,fastest,0.0,4,message_overhead_0,8,0.005946035575013605,800,0.0006294489972866421,0.021810154653305155,200,0.0006390586536511885,0.9849627944013546,True
sample_time,fastest,0.0,4,message_overhead_16,32,0.03363585661014857,133,0.0008971885805029844,0.03363585661014857,133,0.0008971885805029844,1.0,True
sample_time,fastest,0.0,4,message_overhead_4,32,0.027085110938737847,177,0.0007004573755665953,0.027085110938737847,177,0.0007004573755665953,1.0,True
sample_time,fastest,0.0,4,wallclock,32,0.017562521603732995,303,0.00043863744113624924,0.017562521603732995,303,0.00043863744113624924,1.0,True
sample_time,fastest,0.0,16,message_overhead_0,32,0.021810154653305155,200,0.0006151176507064926,0.021810154653305155,200,0.0006151176507064926,1.0,True
sample_time,fastest,0.0,16,message_overhead_16,32,0.027085110938737847,133,0.0008487582384864238,0.027085110938737847,133,0.0008487582384864238,1.0,True
sample_time,fastest,0.0,16,message_overhead_4,32,0.021810154653305155,177,0.0006762056614100768,0.021810154653305155,177,0.0006762056614100768,1.0,True
sample_time,fastest,0.0,16,wallclock,32,0.027085110938737847,141,0.000809130398822228,0.027085110938737847,141,0.000809130398822228,1.0,True
sample_time,fastest,0.3,4,message_overhead_0,4,0.0025,1600,0.014617352778287148,0.011387886347566916,200,0.06431550720155009,0.2272757133435908,True
sample_time,fastest,0.3,4,message_overhead_16,2,0.007384130729697496,355,0.0447366121795804,0.01414213562373095,133,0.0849089944628098,0.5268771873064056,True
sample_time,fastest,0.3,4,message_overhead_4,1,0.0025,1280,0.01689578973049032,0.011387886347566916,177,0.07046368395252835,0.2397801077484549,True
sample_time,fastest,0.3,4,wallclock,2,0.0038555270635198514,769,0.02459059841303159,0.007384130729697496,303,0.048479929645971406,0.5072325515446581,True
sample_time,fastest,0.3,16,message_overhead_0,4,0.0025,1600,0.014617352778287148,0.011387886347566916,200,0.06428052870601729,0.22739938629221046,True
sample_time,fastest,0.3,16,message_overhead_16,2,0.007384130729697496,355,0.0447366121795804,0.01414213562373095,133,0.08277765317891608,0.5404431082732732,True
sample_time,fastest,0.3,16,message_overhead_4,1,0.0025,1280,0.01689578973049032,0.011387886347566916,177,0.06910167357364834,0.24450623055435614,True
sample_time,fastest,0.3,16,wallclock,2,0.0038555270635198514,769,0.02459059841303159,0.01414213562373095,141,0.07988698822298886,0.3078173174383763,True
sample_time,fastest,0.6,4,message_overhead_0,2,0.0025,3200,0.0282997091258585,0.009170040432046712,200,0.11314574127825247,0.2501173160045215,True
sample_time,fastest,0.6,4,message_overhead_16,1,0.005946035575013605,376,0.07466515815097984,0.011387886347566916,133,0.14831478495488154,0.5034235674730172,True
sample_time,fastest,0.6,4,message_overhead_4,1,0.0025,1280,0.030270988957178134,0.009170040432046712,177,0.12427163977053754,0.2435872658723444,True
sample_time,fastest,0.6,4,wallclock,1,0.0031046445301837096,784,0.04256146075283155,0.007384130729697496,303,0.08608026373113742,0.494439246675263,True
sample_time,fastest,0.6,16,message_overhead_0,2,0.0025,3200,0.0282997091258585,0.009170040432046712,200,0.11247229324982014,0.2516149382941808,True
sample_time,fastest,0.6,16,message_overhead_16,1,0.005946035575013605,376,0.07466515815097984,0.011387886347566916,133,0.14536193476157727,0.5136500024813626,True
sample_time,fastest,0.6,16,message_overhead_4,1,0.0025,1280,0.030270988957178134,0.009170040432046712,177,0.1220840981799781,0.24795193975674223,True
sample_time,fastest,0.6,16,wallclock,1,0.0031046445301837096,784,0.04256146075283155,0.011387886347566916,141,0.14001527615464054,0.30397726535084885,True
sample_time,fastest,0.9,4,message_overhead_0,2,0.0025,3200,0.04198066050519857,0.007384130729697496,200,0.15697473263195535,0.26743578282516894,True
sample_time,fastest,0.9,4,message_overhead_16,1,0.0047880164034928676,376,0.10193384263830793,0.011387886347566916,133,0.1996943168983771,0.5104493919583164,True
sample_time,fastest,0.9,4,message_overhead_4,1,0.0025,1280,0.04364618818386593,0.009170040432046712,177,0.16790353581032577,0.2599479991485788,True
sample_time,fastest,0.9,4,wallclock,1,0.0031046445301837096,784,0.05887150829330743,0.005946035575013605,303,0.11745935959692556,0.5012074686541059,True
sample_time,fastest,0.9,16,message_overhead_0,2,0.0025,3200,0.04198066050519857,0.007384130729697496,200,0.15491455455517278,0.27099235850203585,True
sample_time,fastest,0.9,16,message_overhead_16,1,0.0047880164034928676,376,0.10193384263830793,0.011387886347566916,133,0.19956035696895597,0.5107920440038348,True
sample_time,fastest,0.9,16,message_overhead_4,1,0.0025,1280,0.04364618818386593,0.009170040432046712,177,0.16760395092336225,0.26041264506839323,True
sample_time,fastest,0.9,16,wallclock,1,0.0031046445301837096,784,0.05887150829330743,0.009170040432046712,141,0.19255883761515535,0.3057325699637166,True
sample_time,uniform_rank,0.0,4,message_overhead_0,8,0.005946035575013605,800,0.000628463342586296,0.021810154653305155,200,0.0006390586536511885,0.9834204403549544,True
sample_time,uniform_rank,0.0,4,message_overhead_16,32,0.03363585661014857,133,0.0008971885805029844,0.03363585661014857,133,0.0008971885805029844,1.0,True
sample_time,uniform_rank,0.0,4,message_overhead_4,32,0.027085110938737847,177,0.0007004573755665953,0.027085110938737847,177,0.0007004573755665953,1.0,True
sample_time,uniform_rank,0.0,4,wallclock,32,0.017562521603732995,303,0.00043863744113624924,0.017562521603732995,303,0.00043863744113624924,1.0,True
sample_time,uniform_rank,0.0,16,message_overhead_0,32,0.021810154653305155,200,0.0006151176507064926,0.021810154653305155,200,0.0006151176507064926,1.0,True
sample_time,uniform_rank,0.0,16,message_overhead_16,32,0.027085110938737847,133,0.0008487582384864238,0.027085110938737847,133,0.0008487582384864238,1.0,True
sample_time,uniform_rank,0.0,16,message_overhead_4,32,0.021810154653305155,177,0.0006762056614100768,0.021810154653305155,177,0.0006762056614100768,1.0,True
sample_time,uniform_rank,0.0,16,wallclock,32,0.027085110938737847,141,0.000809130398822228,0.027085110938737847,141,0.000809130398822228,1.0,True
sample_time,uniform_rank,0.3,4,message_overhead_0,4,0.0025,1600,0.014654507757242535,0.011387886347566916,200,0.06431550720155009,0.22785341195115913,True
sample_time,uniform_rank,0.3,4,message_overhead_16,2,0.007384130729697496,355,0.04483246216891935,0.01414213562373095,133,0.0849089944628098,0.5280060428528098,True
sample_time,uniform_rank,0.3,4,message_overhead_4,1,0.0025,1280,0.01690659136371346,0.011387886347566916,177,0.07046368395252835,0.23993340136890226,True
sample_time,uniform_rank,0.3,4,wallclock,1,0.0038555270635198514,629,0.030531148785970873,0.007384130729697496,303,0.048479929645971406,0.6297688344213171,True
sample_time,uniform_rank,0.3,16,message_overhead_0,4,0.0025,1600,0.014762589090849796,0.011387886347566916,200,0.06428052870601729,0.22965880007561096,True
sample_time,uniform_rank,0.3,16,message_overhead_16,1,0.005946035575013605,376,0.04465226113405739,0.01414213562373095,133,0.08277765317891608,0.5394241008203716,True
sample_time,uniform_rank,0.3,16,message_overhead_4,1,0.0025,1280,0.016967766526726078,0.011387886347566916,177,0.06910167357364834,0.2455478376893707,True
sample_time,uniform_rank,0.3,16,wallclock,1,0.007384130729697496,317,0.050376063929611595,0.01414213562373095,141,0.07988698822298886,0.6305916025898572,True
sample_time,uniform_rank,0.6,4,message_overhead_0,2,0.0025,3200,0.028422687794535335,0.009170040432046712,200,0.11314574127825247,0.2512042209758221,True
sample_time,uniform_rank,0.6,4,message_overhead_16,1,0.005946035575013605,376,0.07473129548732184,0.011387886347566916,133,0.14831478495488154,0.5038694929170794,True
sample_time,uniform_rank,0.6,4,message_overhead_4,1,0.0025,1280,0.03031419153363754,0.009170040432046712,177,0.12427163977053754,0.2439349121779631,True
sample_time,uniform_rank,0.6,4,wallclock,1,0.0038555270635198514,629,0.050572400917507164,0.007384130729697496,303,0.08608026373113742,0.5875028575128987,True
sample_time,uniform_rank,0.6,16,message_overhead_0,2,0.0025,3200,0.028675875042181862,0.009170040432046712,200,0.11247229324982014,0.2549594590241692,True
sample_time,uniform_rank,0.6,16,message_overhead_16,1,0.005946035575013605,376,0.07519491550754827,0.011387886347566916,133,0.14536193476157727,0.5172944046932438,True
sample_time,uniform_rank,0.6,16,message_overhead_4,1,0.0025,1280,0.03054067447459115,0.009170040432046712,177,0.1220840981799781,0.2501609540463465,True
sample_time,uniform_rank,0.6,16,wallclock,1,0.005946035575013605,317,0.08458520418125515,0.011387886347566916,141,0.14001527615464054,0.6041141117190285,True
sample_time,uniform_rank,0.9,4,message_overhead_0,2,0.0025,3200,0.04216278641971545,0.007384130729697496,200,0.15697473263195535,0.26859600722219906,True
sample_time,uniform_rank,0.9,4,message_overhead_16,1,0.0047880164034928676,376,0.10183893762690578,0.011387886347566916,133,0.1996943168983771,0.5099741405196365,True
sample_time,uniform_rank,0.9,4,message_overhead_4,1,0.0025,1280,0.04372179170356161,0.009170040432046712,177,0.16790353581032577,0.26039827864585563,True
sample_time,uniform_rank,0.9,4,wallclock,1,0.0031046445301837096,629,0.07044549674309511,0.005946035575013605,303,0.11745935959692556,0.5997435792672157,True
sample_time,uniform_rank,0.9,16,message_overhead_0,2,0.0025,3200,0.04253553859011766,0.007384130729697496,200,0.15491455455517278,0.27457419163909896,True
sample_time,uniform_rank,0.9,16,message_overhead_16,1,0.0047880164034928676,376,0.10147022455155413,0.011387886347566916,133,0.19956035696895597,0.5084688466825055,True
sample_time,uniform_rank,0.9,16,message_overhead_4,1,0.0025,1280,0.044113582422456034,0.009170040432046712,177,0.16760395092336225,0.2632013277695774,True
sample_time,uniform_rank,0.9,16,wallclock,1,0.005946035575013605,317,0.11471992042496496,0.009170040432046712,141,0.19255883761515535,0.5957655428635383,True
server_time,fastest,0.0,4,message_overhead_0,8,0.005946035575013605,800,0.0006294489972866421,0.021810154653305155,200,0.0006390586536511885,0.9849627944013546,True
server_time,fastest,0.0,4,message_overhead_16,32,0.03363585661014857,133,0.0008971885805029844,0.03363585661014857,133,0.0008971885805029844,1.0,True
server_time,fastest,0.0,4,message_overhead_4,32,0.027085110938737847,177,0.0007004573755665953,0.027085110938737847,177,0.0007004573755665953,1.0,True
server_time,fastest,0.0,4,wallclock,32,0.017562521603732995,303,0.00043863744113624924,0.017562521603732995,303,0.00043863744113624924,1.0,True
server_time,fastest,0.0,16,message_overhead_0,32,0.021810154653305155,200,0.0006151176507064926,0.021810154653305155,200,0.0006151176507064926,1.0,True
server_time,fastest,0.0,16,message_overhead_16,32,0.027085110938737847,133,0.0008487582384864238,0.027085110938737847,133,0.0008487582384864238,1.0,True
server_time,fastest,0.0,16,message_overhead_4,32,0.021810154653305155,177,0.0006762056614100768,0.021810154653305155,177,0.0006762056614100768,1.0,True
server_time,fastest,0.0,16,wallclock,32,0.027085110938737847,141,0.000809130398822228,0.027085110938737847,141,0.000809130398822228,1.0,True
server_time,fastest,0.3,4,message_overhead_0,4,0.0025,1600,0.014617352778287148,0.011387886347566916,200,0.06436291272145263,0.22710831688969038,True
server_time,fastest,0.3,4,message_overhead_16,2,0.007384130729697496,355,0.0447366121795804,0.01414213562373095,133,0.0849810299366404,0.5264305717750754,True
server_time,fastest,0.3,4,message_overhead_4,1,0.0025,1280,0.01689578973049032,0.011387886347566916,177,0.07051159691683342,0.23961717602876673,True
server_time,fastest,0.3,4,wallclock,2,0.0038555270635198514,769,0.02459059841303159,0.007384130729697496,303,0.048501002653857456,0.5070121660892265,True
server_time,fastest,0.3,16,message_overhead_0,4,0.0025,1600,0.014617352778287148,0.011387886347566916,200,0.06501187143475845,0.2248412859942994,True
server_time,fastest,0.3,16,message_overhead_16,2,0.007384130729697496,355,0.0447366121795804,0.01414213562373095,133,0.08390136846758608,0.5332047974505166,True
server_time,fastest,0.3,16,message_overhead_4,1,0.0025,1280,0.01689578973049032,0.011387886347566916,177,0.06984011220771605,0.24192099921373902,True
server_time,fastest,0.3,16,wallclock,2,0.0038555270635198514,769,0.02459059841303159,0.01414213562373095,141,0.08100290882728756,0.303576732848731,True
server_time,fastest,0.6,4,message_overhead_0,2,0.0025,3200,0.0282997091258585,0.009170040432046712,200,0.11321037635282766,0.24997451680277588,True
server_time,fastest,0.6,4,message_overhead_16,1,0.005946035575013605,376,0.07466515815097984,0.011387886347566916,133,0.14841493672015466,0.5030838526163004,True
server_time,fastest,0.6,4,message_overhead_4,1,0.0025,1280,0.030270988957178134,0.009170040432046712,177,0.12433744770901675,0.24345834271924605,True
server_time,fastest,0.6,4,wallclock,1,0.0031046445301837096,784,0.04256146075283155,0.007384130729697496,303,0.08612240974690961,0.49419728126405343,True
server_time,fastest,0.6,16,message_overhead_0,2,0.0025,3200,0.0282997091258585,0.009170040432046712,200,0.1134572259535886,0.2494306456728893,True
server_time,fastest,0.6,16,message_overhead_16,1,0.005946035575013605,376,0.07466515815097984,0.011387886347566916,133,0.14690295953940719,0.5082617694366509,True
server_time,fastest,0.6,16,message_overhead_4,1,0.0025,1280,0.030270988957178134,0.009170040432046712,177,0.1230863049638969,0.24593303833482594,True
server_time,fastest,0.6,16,wallclock,1,0.0031046445301837096,784,0.04256146075283155,0.011387886347566916,141,0.14153903782384075,0.3007047483663374,True
server_time,fastest,0.9,4,message_overhead_0,2,0.0025,3200,0.04198066050519857,0.007384130729697496,200,0.15704127973564225,0.2673224554452647,True
server_time,fastest,0.9,4,message_overhead_16,1,0.0047880164034928676,376,0.10193384263830793,0.011387886347566916,133,0.199844544546287,0.510065675646695,True
server_time,fastest,0.9,4,message_overhead_4,1,0.0025,1280,0.04364618818386593,0.009170040432046712,177,0.16800224771804448,0.259795263317647,True
server_time,fastest,0.9,4,wallclock,1,0.0031046445301837096,784,0.05887150829330743,0.005946035575013605,303,0.11750201185422612,0.5010255344933486,True
server_time,fastest,0.9,16,message_overhead_0,2,0.0025,3200,0.04198066050519857,0.007384130729697496,200,0.15591893070663826,0.26924671888742785,True
server_time,fastest,0.9,16,message_overhead_16,1,0.0047880164034928676,376,0.10193384263830793,0.011387886347566916,133,0.20187189413570128,0.5049432120044729,True
server_time,fastest,0.9,16,message_overhead_4,1,0.0025,1280,0.04364618818386593,0.009170040432046712,177,0.1691072610992405,0.2580976588477309,True
server_time,fastest,0.9,16,wallclock,1,0.0031046445301837096,784,0.05887150829330743,0.009170040432046712,141,0.19413502468937666,0.3032503196551166,True
server_time,uniform_rank,0.0,4,message_overhead_0,8,0.005946035575013605,800,0.000628463342586296,0.021810154653305155,200,0.0006390586536511885,0.9834204403549544,True
server_time,uniform_rank,0.0,4,message_overhead_16,32,0.03363585661014857,133,0.0008971885805029844,0.03363585661014857,133,0.0008971885805029844,1.0,True
server_time,uniform_rank,0.0,4,message_overhead_4,32,0.027085110938737847,177,0.0007004573755665953,0.027085110938737847,177,0.0007004573755665953,1.0,True
server_time,uniform_rank,0.0,4,wallclock,32,0.017562521603732995,303,0.00043863744113624924,0.017562521603732995,303,0.00043863744113624924,1.0,True
server_time,uniform_rank,0.0,16,message_overhead_0,32,0.021810154653305155,200,0.0006151176507064926,0.021810154653305155,200,0.0006151176507064926,1.0,True
server_time,uniform_rank,0.0,16,message_overhead_16,32,0.027085110938737847,133,0.0008487582384864238,0.027085110938737847,133,0.0008487582384864238,1.0,True
server_time,uniform_rank,0.0,16,message_overhead_4,32,0.021810154653305155,177,0.0006762056614100768,0.021810154653305155,177,0.0006762056614100768,1.0,True
server_time,uniform_rank,0.0,16,wallclock,32,0.027085110938737847,141,0.000809130398822228,0.027085110938737847,141,0.000809130398822228,1.0,True
server_time,uniform_rank,0.3,4,message_overhead_0,4,0.0025,1600,0.014659205923000107,0.011387886347566916,200,0.06436291272145263,0.22775858492361373,True
server_time,uniform_rank,0.3,4,message_overhead_16,2,0.007384130729697496,355,0.044887814155739766,0.01414213562373095,133,0.0849810299366404,0.5282098156401132,True
server_time,uniform_rank,0.3,4,message_overhead_4,1,0.0025,1280,0.016906591363713464,0.011387886347566916,177,0.07051159691683342,0.23977036548547248,True
server_time,uniform_rank,0.3,4,wallclock,1,0.0038555270635198514,629,0.03053114878597087,0.007384130729697496,303,0.048501002653857456,0.6294952086633331,True
server_time,uniform_rank,0.3,16,message_overhead_0,4,0.0025,1600,0.014818585929661544,0.011387886347566916,200,0.06501187143475845,0.22793661530775164,True
server_time,uniform_rank,0.3,16,message_overhead_16,1,0.005946035575013605,376,0.04465226113405742,0.01414213562373095,133,0.08390136846758608,0.5321994378590867,True
server_time,uniform_rank,0.3,16,message_overhead_4,1,0.0025,1280,0.016967766526726085,0.011387886347566916,177,0.06984011220771605,0.2429515931512415,True
server_time,uniform_rank,0.3,16,wallclock,1,0.007384130729697496,317,0.050376063929611706,0.01414213562373095,141,0.08100290882728756,0.6219043816935307,True
server_time,uniform_rank,0.6,4,message_overhead_0,2,0.0025,3200,0.028436232238036735,0.009170040432046712,200,0.11321037635282766,0.2511804408229624,True
server_time,uniform_rank,0.6,4,message_overhead_16,1,0.005946035575013605,376,0.07473129548732184,0.011387886347566916,133,0.14841493672015466,0.5035294771457688,True
server_time,uniform_rank,0.6,4,message_overhead_4,1,0.0025,1280,0.03031419153363754,0.009170040432046712,177,0.12433744770901675,0.24380580502650293,True
server_time,uniform_rank,0.6,4,wallclock,1,0.0038555270635198514,629,0.050572400917507164,0.007384130729697496,303,0.08612240974690961,0.5872153492467956,True
server_time,uniform_rank,0.6,16,message_overhead_0,2,0.0025,3200,0.02885706291824681,0.009170040432046712,200,0.1134572259535886,0.2543431031008217,True
server_time,uniform_rank,0.6,16,message_overhead_16,1,0.005946035575013605,376,0.07519491550754837,0.011387886347566916,133,0.14690295953940719,0.5118679415534654,True
server_time,uniform_rank,0.6,16,message_overhead_4,1,0.0025,1280,0.030540674474591162,0.009170040432046712,177,0.1230863049638969,0.24812406614650762,True
server_time,uniform_rank,0.6,16,wallclock,1,0.005946035575013605,317,0.08458520418125523,0.011387886347566916,141,0.14153903782384075,0.5976104224089034,True
server_time,uniform_rank,0.9,4,message_overhead_0,1,0.0025,6400,0.042175244440825974,0.007384130729697496,200,0.15704127973564225,0.2685615177857841,True
server_time,uniform_rank,0.9,4,message_overhead_16,1,0.0047880164034928676,376,0.1018389376269058,0.011387886347566916,133,0.199844544546287,0.5095907814652322,True
server_time,uniform_rank,0.9,4,message_overhead_4,1,0.0025,1280,0.043721791703561594,0.009170040432046712,177,0.16800224771804448,0.2602452782473434,True
server_time,uniform_rank,0.9,4,wallclock,1,0.0031046445301837096,629,0.07044549674309511,0.005946035575013605,303,0.11750201185422612,0.5995258773142568,True
server_time,uniform_rank,0.9,16,message_overhead_0,1,0.0025,6400,0.042690033149561095,0.007384130729697496,200,0.15591893070663826,0.2737963437543223,True
server_time,uniform_rank,0.9,16,message_overhead_16,1,0.0047880164034928676,376,0.10147022455155422,0.011387886347566916,133,0.20187189413570128,0.502646616489091,True
server_time,uniform_rank,0.9,16,message_overhead_4,1,0.0025,1280,0.044113582422456235,0.009170040432046712,177,0.1691072610992405,0.26086155103989417,True
server_time,uniform_rank,0.9,16,wallclock,1,0.005946035575013605,317,0.11471992042496512,0.009170040432046712,141,0.19413502468937666,0.5909285076637836,True
