policy,budget,mean_mse,standard_error
sparse_adaptive,0.0,1.0,0.0
sparse_adaptive,200.0,0.5161941807635144,0.005465874477797366
sparse_adaptive,400.0,0.26771537126078976,0.005226200714761301
sparse_adaptive,600.0,0.12631118492858132,0.004218409461033059
sparse_adaptive,800.0,0.06282649576360902,0.002908238119481801
sparse_adaptive,1000.0,0.03228599151445192,0.0021984586436433443
sparse_adaptive,1200.0,0.016678976760636673,0.0013942756190665363
sparse_adaptive,1400.0,0.011365563386262212,0.0012686486294481672
sparse_adaptive,1600.0,0.0066839032937172456,0.0008359983883059239
sparse_adaptive,1800.0,0.0049177395882258656,0.0006811585952072357
sparse_adaptive,2000.0,0.003918709414631954,0.000611650390383992
sparse_adaptive,2200.0,0.00329035540154749,0.0005443305600842102
sparse_adaptive,2400.0,0.0026842847475983217,0.00043738420000655507
sparse_adaptive,2600.0,0.00241187009290479,0.0005008972520441353
sparse_adaptive,2800.0,0.0021633627160889753,0.00048007361937258287
sparse_adaptive,3000.0,0.0018057367190095906,0.00035128958730239234
sparse_adaptive,3200.0,0.0014274961895121808,0.0002661733412966688
sparse_adaptive,3400.0,0.0012640983447472004,0.00023711862900630107
sparse_adaptive,3600.0,0.0009049744281640007,0.00014535740302041203
sparse_adaptive,3800.0,0.0008984879975466721,0.00018654199004825115
sparse_adaptive,4000.0,0.000830902548656709,0.00018633310330065867
sparse_adaptive,4200.0,0.0008083112237964593,0.0001516034282833848
sparse_adaptive,4400.0,0.0006834860818293396,0.00010235534131917823
sparse_adaptive,4600.0,0.0006238893223097966,9.266269357252184e-05
sparse_adaptive,4800.0,0.0005767714792569432,8.132991942835369e-05
sparse_adaptive,5000.0,0.0005068707320707801,6.936277028136322e-05
sparse_adaptive,5200.0,0.0004753444260547591,6.353385361014535e-05
sparse_adaptive,5400.0,0.00046996171377051553,6.0345233648603157e-05
sparse_adaptive,5600.0,0.0004363860755073988,5.601190846455959e-05
sparse_adaptive,5800.0,0.0004192574076953354,5.3472347095954625e-05
sparse_adaptive,6000.0,0.00041803679318714535,5.433221293373531e-05
sparse_adaptive,6200.0,0.0004985770504331827,6.687096372536076e-05
sparse_adaptive,6400.0,0.0005065345088843664,7.311224029326387e-05
sparse_adaptive,6600.0,0.00045760852282327824,6.485073975864837e-05
sparse_adaptive,6800.0,0.00044498740650615815,7.175369028404946e-05
sparse_adaptive,7000.0,0.00043535810194288274,7.345832515275497e-05
sparse_adaptive,7200.0,0.00039857397751448266,5.906277769019925e-05
sparse_adaptive,7400.0,0.00036824574824588144,4.624677454812954e-05
sparse_adaptive,7600.0,0.00035864681243708815,5.0530450383968136e-05
sparse_adaptive,7800.0,0.0003387104195075162,4.808739405228571e-05
sparse_adaptive,8000.0,0.00035563131245688965,6.291924936215934e-05
sparse_adaptive,8200.0,0.0011060396167155864,0.00015957862291282298
sparse_adaptive,8400.0,0.001146675340124981,0.00015524991418168613
sparse_adaptive,8600.0,0.0011854414023185367,0.00016733414733753035
sparse_adaptive,8800.0,0.0012128408133684186,0.00016395718715016966
sparse_adaptive,9000.0,0.0012044736095317597,0.00015819913924904576
sparse_adaptive,9200.0,0.0011648500214709338,0.00015515896211329083
sparse_adaptive,9400.0,0.001178326658346768,0.00015056548060445854
sparse_adaptive,9600.0,0.0011398434467154797,0.00015580341678955953
sparse_adaptive,9800.0,0.0011954196400316545,0.00016694537180301507
sparse_adaptive,10000.0,0.0012009219701130422,0.00017862566105595365
sparse_adaptive,10200.0,0.0017034778154228372,0.0003273257568417104
sparse_adaptive,10400.0,0.001484575519870011,0.00027246051220204204
sparse_adaptive,10600.0,0.001425057999485832,0.0002570632060658884
sparse_adaptive,10800.0,0.0013901758408288443,0.00024460473771008377
sparse_adaptive,11000.0,0.0011588988329581068,0.00018983606872836323
sparse_adaptive,11200.0,0.001130383031721021,0.00017678520486583152
sparse_adaptive,11400.0,0.001050760742955462,0.00017812575036817545
sparse_adaptive,11600.0,0.000972144279827816,0.0001630569401189307
sparse_adaptive,11800.0,0.0008894609468374575,0.00014263497154197463
sparse_adaptive,12000.0,0.00085913455670837,0.0001430876758156115
sparse_adaptive,12200.0,0.0015759351380499303,0.0002039650114005551
sparse_adaptive,12400.0,0.0014699303436886287,0.00019668037123511575
sparse_adaptive,12600.0,0.0012639423802002189,0.00016044205804966854
sparse_adaptive,12800.0,0.001246381964343905,0.00017760592782352927
sparse_adaptive,13000.0,0.0012798216508160699,0.0001867601112030093
sparse_adaptive,13200.0,0.0011506584808003155,0.00014648891616162417
sparse_adaptive,13400.0,0.0010054421154863321,0.00011755987564843846
sparse_adaptive,13600.0,0.0009153162179311392,0.00010606102125641096
sparse_adaptive,13800.0,0.0009547909344053319,0.000121950888571962
sparse_adaptive,14000.0,0.0009553456851673695,0.00011771897336294133
sparse_adaptive,14200.0,0.001264984916512654,0.00014463516142093752
sparse_adaptive,14400.0,0.001380671111591215,0.0001770110495463762
sparse_adaptive,14600.0,0.0012863700661461135,0.0001751682127664653
sparse_adaptive,14800.0,0.0012724910277255625,0.00017456457164589101
sparse_adaptive,15000.0,0.001213788601472149,0.00015707127858809134
sparse_adaptive,15200.0,0.0012479226031911074,0.0001528463152469377
sparse_adaptive,15400.0,0.0011928403686988283,0.00014491496166509684
sparse_adaptive,15600.0,0.0011440602718755229,0.00014573783122155776
sparse_adaptive,15800.0,0.0011159170061044964,0.00013181902406564074
sparse_adaptive,16000.0,0.0010941163346585223,0.00012104680634743794
sparse_adaptive,16200.0,0.0055057697266940875,0.0008592398057963867
sparse_adaptive,16400.0,0.006084984422624618,0.0008092335748350024
sparse_adaptive,16600.0,0.005928140378254477,0.0006964046521285956
sparse_adaptive,16800.0,0.006200777915967443,0.0007590413697451317
sparse_adaptive,17000.0,0.0068032901695029725,0.0008630018968518002
sparse_adaptive,17200.0,0.007959043037737179,0.0010571562188689833
sparse_adaptive,17400.0,0.009160390844981584,0.001236741189285135
sparse_adaptive,17600.0,0.009868278476320132,0.0013464822027286867
sparse_adaptive,17800.0,0.010570515925244842,0.0013788339251652587
sparse_adaptive,18000.0,0.0106468243698429,0.0013927199334609678
sparse_adaptive,18200.0,0.014728593033625169,0.001793328567514273
sparse_adaptive,18400.0,0.015119023923764059,0.00196586371283205
sparse_adaptive,18600.0,0.014993213081118076,0.001916366985481066
sparse_adaptive,18800.0,0.014289419739819361,0.0018003532922643557
sparse_adaptive,19000.0,0.013408626737370997,0.0016496245821117966
sparse_adaptive,19200.0,0.011724291106474636,0.0014300237278030527
sparse_adaptive,19400.0,0.012250958699351246,0.0016240710680022542
sparse_adaptive,19600.0,0.013106761808226343,0.0016194203329544033
sparse_adaptive,19800.0,0.015216374833581339,0.0021130218289543107
sparse_adaptive,20000.0,0.01691789875181525,0.0027776601120706526
sparse_adaptive,20200.0,0.023730604580231535,0.0038446024246545614
sparse_adaptive,20400.0,0.0221141600445109,0.003078306644888721
sparse_adaptive,20600.0,0.020577803643590357,0.0028384487949560315
sparse_adaptive,20800.0,0.02132264743756155,0.0029309382601210784
sparse_adaptive,21000.0,0.021428978982470696,0.0029380300927619772
sparse_adaptive,21200.0,0.018680924225088446,0.0024821913652234026
sparse_adaptive,21400.0,0.016720015944523468,0.0021203293774562483
sparse_adaptive,21600.0,0.01610826809016357,0.001979517549383296
sparse_adaptive,21800.0,0.016182571963275515,0.0019697770589727354
sparse_adaptive,22000.0,0.0156632842705083,0.0018763432907534924
sparse_adaptive,22200.0,0.021361140005435784,0.002242815818944913
sparse_adaptive,22400.0,0.022068731353125527,0.002374409426707825
sparse_adaptive,22600.0,0.020970770687389537,0.00227844112386417
sparse_adaptive,22800.0,0.019978058993520682,0.002272779918307698
sparse_adaptive,23000.0,0.020499926792812408,0.0023750718057026026
sparse_adaptive,23200.0,0.02010201728612362,0.0023519746188447764
sparse_adaptive,23400.0,0.01932783294491198,0.0023219703757571147
sparse_adaptive,23600.0,0.017514578977527576,0.0022158525933762534
sparse_adaptive,23800.0,0.015922559359270075,0.0019041929718188952
sparse_adaptive,24000.0,0.016728839399195464,0.0018756921981076165
sparse_adaptive,24200.0,0.018879979563248897,0.0022535396395030544
sparse_adaptive,24400.0,0.01746017041446742,0.002078822657718349
sparse_adaptive,24600.0,0.016595244823062356,0.0020397868685365877
sparse_adaptive,24800.0,0.015207046432662494,0.002143435523735986
sparse_adaptive,25000.0,0.013937003399003901,0.002151961595772695
sparse_adaptive,25200.0,0.012928470580939527,0.0018327187644636086
sparse_adaptive,25400.0,0.012746932971857798,0.0016436944713088427
sparse_adaptive,25600.0,0.012988924264677624,0.0015586030652087284
sparse_adaptive,25800.0,0.013126931070297011,0.0017830642375437366
sparse_adaptive,26000.0,0.011644399471366253,0.0016294494733369064
sparse_adaptive,26200.0,0.012912145119036175,0.001570441655567023
sparse_adaptive,26400.0,0.01108184221334563,0.0015530525719250363
sparse_adaptive,26600.0,0.010161006490470621,0.0014722761319306923
sparse_adaptive,26800.0,0.00912716998005372,0.0014881439293250227
sparse_adaptive,27000.0,0.00899905295555207,0.0014782809314396656
sparse_adaptive,27200.0,0.008897014200547627,0.0013621970333005337
sparse_adaptive,27400.0,0.008902481399447297,0.0011913756273405104
sparse_adaptive,27600.0,0.009126892932052839,0.0011815243947894047
sparse_adaptive,27800.0,0.009468879700899354,0.0012360608999888504
sparse_adaptive,28000.0,0.010343463826759464,0.001764143369031825
sparse_adaptive,28200.0,0.012482738304485576,0.0017212291682457384
sparse_adaptive,28400.0,0.01029474004843485,0.0012045912145913717
sparse_adaptive,28600.0,0.010740722114694318,0.002008274075370462
sparse_adaptive,28800.0,0.011622432659064865,0.0025657409847136543
sparse_adaptive,29000.0,0.01092522830554732,0.0019386081056822046
sparse_adaptive,29200.0,0.009256569864908179,0.0012522484510006373
sparse_adaptive,29400.0,0.008957091505314223,0.0013648648848091011
sparse_adaptive,29600.0,0.008868618443579838,0.001406228808213658
sparse_adaptive,29800.0,0.009196434708892752,0.001363420035771196
sparse_adaptive,30000.0,0.009431928161739867,0.0014659966482046545
sparse_adaptive,30200.0,0.01168342407085868,0.0013687635895810457
sparse_adaptive,30400.0,0.011680256220605673,0.0014777602216484353
sparse_adaptive,30600.0,0.011711476337169471,0.0016330923429831066
sparse_adaptive,30800.0,0.010875310227693771,0.0015886800116073144
sparse_adaptive,31000.0,0.010865078872804471,0.0016801654912439942
sparse_adaptive,31200.0,0.010841476244055678,0.0018328693327133998
sparse_adaptive,31400.0,0.010065858546189665,0.0018673985866070263
sparse_adaptive,31600.0,0.009763910205275178,0.0016147280368422627
sparse_adaptive,31800.0,0.009930084025825429,0.0018323694160787235
sparse_adaptive,32000.0,0.009563786899052316,0.0015583000994207257
piecewise_oracle,0.0,1.0,0.0
piecewise_oracle,200.0,0.523269870702171,0.0041751872783667
piecewise_oracle,400.0,0.21124247437196347,0.0030231509183262385
piecewise_oracle,600.0,0.09152362589260767,0.0021235263479869536
piecewise_oracle,800.0,0.030928160811329913,0.0014066861001806512
piecewise_oracle,1000.0,0.013062598588780278,0.0009484629201212496
piecewise_oracle,1200.0,0.005325090517454839,0.0005711833397059826
piecewise_oracle,1400.0,0.0033042567634794873,0.00034617238238892825
piecewise_oracle,1600.0,0.0022198701122264964,0.00026290436473445954
piecewise_oracle,1800.0,0.002061045401661429,0.0002495637549816502
piecewise_oracle,2000.0,0.0018191125817349492,0.00021824340988161323
piecewise_oracle,2200.0,0.0016128004211660172,0.00019740530682825605
piecewise_oracle,2400.0,0.0012169529714532296,0.00014646205334162184
piecewise_oracle,2600.0,0.0009843094568012067,0.00012118634880171214
piecewise_oracle,2800.0,0.0008115785059110027,0.00010673742518273612
piecewise_oracle,3000.0,0.0006587864068482729,8.359851692220085e-05
piecewise_oracle,3200.0,0.0005566761365636389,7.235657052389359e-05
piecewise_oracle,3400.0,0.0005156404549870643,6.27868365597655e-05
piecewise_oracle,3600.0,0.0005140065623053897,6.689190366576855e-05
piecewise_oracle,3800.0,0.0004519841911686188,5.676009004753929e-05
piecewise_oracle,4000.0,0.00042084636855517656,6.36460222448278e-05
piecewise_oracle,4200.0,0.00040903525429469357,7.131339973652955e-05
piecewise_oracle,4400.0,0.0004085826549199885,7.380268340400153e-05
piecewise_oracle,4600.0,0.0003997273736901755,7.30896437576184e-05
piecewise_oracle,4800.0,0.0003369471531423253,5.814917047365059e-05
piecewise_oracle,5000.0,0.0002972723751202931,5.063385193821847e-05
piecewise_oracle,5200.0,0.00026674702027196245,3.7564639153395596e-05
piecewise_oracle,5400.0,0.000251644833731918,3.657813427518939e-05
piecewise_oracle,5600.0,0.00025368241443545067,4.177204518193736e-05
piecewise_oracle,5800.0,0.0002170318441750133,2.9374101827338e-05
piecewise_oracle,6000.0,0.00020788064412950274,3.078751204624193e-05
piecewise_oracle,6200.0,0.00021537671235702477,3.857888222126679e-05
piecewise_oracle,6400.0,0.00019972797214716647,3.6967190915915144e-05
piecewise_oracle,6600.0,0.0001743570130823487,3.3299256511149006e-05
piecewise_oracle,6800.0,0.00016868885487622667,3.340619313700186e-05
piecewise_oracle,7000.0,0.0001759191433586541,3.854804050719995e-05
piecewise_oracle,7200.0,0.00015153295149272062,2.9033088855904115e-05
piecewise_oracle,7400.0,0.00013289462067000464,2.0327396597481242e-05
piecewise_oracle,7600.0,0.00012337010336220883,1.720194909903184e-05
piecewise_oracle,7800.0,0.00012959173528995688,2.2536526828471655e-05
piecewise_oracle,8000.0,0.00013125927522071422,2.142513632924618e-05
piecewise_oracle,8200.0,0.00013048940695836877,1.8722593523514422e-05
piecewise_oracle,8400.0,0.00013751337591989693,1.7337872361309444e-05
piecewise_oracle,8600.0,0.00015754257761799458,1.8367797148398115e-05
piecewise_oracle,8800.0,0.00016379435785057815,1.978057890623697e-05
piecewise_oracle,9000.0,0.0001833413097881763,2.3459062859594473e-05
piecewise_oracle,9200.0,0.0001958051984812658,2.538157135377221e-05
piecewise_oracle,9400.0,0.00022108274267071764,2.8333893645455614e-05
piecewise_oracle,9600.0,0.0002676969830289674,3.081355211494835e-05
piecewise_oracle,9800.0,0.00030322377844498716,3.8337956864519594e-05
piecewise_oracle,10000.0,0.0003275564802705715,4.1738765276287035e-05
piecewise_oracle,10200.0,0.0003394160961694943,4.066108763414873e-05
piecewise_oracle,10400.0,0.00037260322306689395,4.531324767530704e-05
piecewise_oracle,10600.0,0.00042473026051494805,5.861326967003462e-05
piecewise_oracle,10800.0,0.0004570659983125346,6.015193976667441e-05
piecewise_oracle,11000.0,0.0005039662417589786,6.452376541755787e-05
piecewise_oracle,11200.0,0.000559788702130783,7.607183244832265e-05
piecewise_oracle,11400.0,0.0006040416788846584,8.614754340341275e-05
piecewise_oracle,11600.0,0.0005763998966475506,7.60397462085761e-05
piecewise_oracle,11800.0,0.0005687019956013106,7.251455711463565e-05
piecewise_oracle,12000.0,0.0005929476855172512,7.251589018836727e-05
piecewise_oracle,12200.0,0.0005678543777753575,6.43265626050135e-05
piecewise_oracle,12400.0,0.0005137200583014936,5.51850333387759e-05
piecewise_oracle,12600.0,0.0005203855688796474,6.249841862369342e-05
piecewise_oracle,12800.0,0.0004803274811821962,6.31217594822261e-05
piecewise_oracle,13000.0,0.00047195660868640005,6.107618338135266e-05
piecewise_oracle,13200.0,0.00046979877632381817,5.688964256391493e-05
piecewise_oracle,13400.0,0.00048713003956597664,5.786275051771129e-05
piecewise_oracle,13600.0,0.0005378190168484745,6.351721598312878e-05
piecewise_oracle,13800.0,0.0005550360205954915,6.535891866155843e-05
piecewise_oracle,14000.0,0.0005338376819487337,6.826528859837309e-05
piecewise_oracle,14200.0,0.0005160774773482037,7.219807380152956e-05
piecewise_oracle,14400.0,0.0005266331976458719,8.069592974180915e-05
piecewise_oracle,14600.0,0.00048346493589035417,6.819826154803036e-05
piecewise_oracle,14800.0,0.0004768181264557204,6.475009615779459e-05
piecewise_oracle,15000.0,0.0004929473973883246,7.070423171981848e-05
piecewise_oracle,15200.0,0.0004975463149447541,6.833868538320135e-05
piecewise_oracle,15400.0,0.0005007506948606958,7.034962876699507e-05
piecewise_oracle,15600.0,0.0005318104534328348,7.603781730895554e-05
piecewise_oracle,15800.0,0.000542659203561179,7.872116508339142e-05
piecewise_oracle,16000.0,0.0005471738099533051,7.150981653159545e-05
piecewise_oracle,16200.0,0.0007026010346686863,9.53730040330811e-05
piecewise_oracle,16400.0,0.0011186387566055475,0.00014723777670783765
piecewise_oracle,16600.0,0.0016124652997433018,0.00020030177183223498
piecewise_oracle,16800.0,0.002353650107053685,0.0002775484602805945
piecewise_oracle,17000.0,0.002977284517045015,0.00036007758137911536
piecewise_oracle,17200.0,0.0037857429442621536,0.00047667477678092356
piecewise_oracle,17400.0,0.004520713485617502,0.0005964360004650107
piecewise_oracle,17600.0,0.005342962636107265,0.0007537757900896495
piecewise_oracle,17800.0,0.005887347290081792,0.0008532438634617986
piecewise_oracle,18000.0,0.0063630470110147596,0.0009346602843074125
piecewise_oracle,18200.0,0.007993787887958393,0.0017509169497337879
piecewise_oracle,18400.0,0.008263460190523753,0.0017890465903217022
piecewise_oracle,18600.0,0.008638702570136042,0.0017422933355310264
piecewise_oracle,18800.0,0.007252913257155889,0.0009668387962058839
piecewise_oracle,19000.0,0.006792095665312285,0.0006956723157871816
piecewise_oracle,19200.0,0.0068807728108158245,0.0007197624119586211
piecewise_oracle,19400.0,0.006751073445472546,0.0006665531712848243
piecewise_oracle,19600.0,0.007215538475566559,0.0007478660169889721
piecewise_oracle,19800.0,0.00769952299783116,0.0007851247192995594
piecewise_oracle,20000.0,0.008045181570495753,0.000855154646647751
piecewise_oracle,20200.0,0.008342730258467696,0.0010256248145175289
piecewise_oracle,20400.0,0.0074405986456808435,0.0009472049762739433
piecewise_oracle,20600.0,0.0073732868806300035,0.0010747639610013343
piecewise_oracle,20800.0,0.007874678075525927,0.0010199549894238707
piecewise_oracle,21000.0,0.007667303702890044,0.0008675475422485155
piecewise_oracle,21200.0,0.007729319200679128,0.0009454358035967198
piecewise_oracle,21400.0,0.008371728641572167,0.0009588166085759938
piecewise_oracle,21600.0,0.008966948640142676,0.0010189456172579436
piecewise_oracle,21800.0,0.009306037230737422,0.0012237634737114012
piecewise_oracle,22000.0,0.009930088647586276,0.0012900219020187942
piecewise_oracle,22200.0,0.011432192374537534,0.0017803802470483347
piecewise_oracle,22400.0,0.010561206951704765,0.0016911697508144123
piecewise_oracle,22600.0,0.00999512098341546,0.0014210104695262975
piecewise_oracle,22800.0,0.009865226549201831,0.0014360135365644056
piecewise_oracle,23000.0,0.00960271080147842,0.0013236471766930257
piecewise_oracle,23200.0,0.009381283551565034,0.0011672473611545912
piecewise_oracle,23400.0,0.009303665062548924,0.0011153916462318533
piecewise_oracle,23600.0,0.01018379471283217,0.0013057166425928845
piecewise_oracle,23800.0,0.010733157701787406,0.0012224872647608952
piecewise_oracle,24000.0,0.012382023627438015,0.001529313043729893
piecewise_oracle,24200.0,0.011832409377524247,0.0016054712401526695
piecewise_oracle,24400.0,0.010122348011489998,0.0012570960826982127
piecewise_oracle,24600.0,0.00997118383759393,0.0012260997592191103
piecewise_oracle,24800.0,0.009565946390873048,0.0011830612151534662
piecewise_oracle,25000.0,0.008669826982768771,0.0010663155316132302
piecewise_oracle,25200.0,0.007674357758522006,0.0009558493500345156
piecewise_oracle,25400.0,0.008114678957233277,0.0009538203156846254
piecewise_oracle,25600.0,0.008414824199928252,0.0010390687112596668
piecewise_oracle,25800.0,0.007789150048425448,0.0010002813833427857
piecewise_oracle,26000.0,0.007646362836448405,0.001066403599190742
piecewise_oracle,26200.0,0.007754907189160028,0.0010204091205638813
piecewise_oracle,26400.0,0.007714912260904976,0.001081250689132244
piecewise_oracle,26600.0,0.007730257194746724,0.0011334549176756552
piecewise_oracle,26800.0,0.00754494094748634,0.0013302633921450497
piecewise_oracle,27000.0,0.0075422266413659456,0.0014039453353649313
piecewise_oracle,27200.0,0.007875978766337548,0.001422001295918561
piecewise_oracle,27400.0,0.008459413688013777,0.001353762900360475
piecewise_oracle,27600.0,0.008733623660999331,0.0013267089280891862
piecewise_oracle,27800.0,0.009315389965465675,0.0014266271769749288
piecewise_oracle,28000.0,0.00906278734728872,0.0012671446439335584
piecewise_oracle,28200.0,0.00878271210736385,0.0011666166385316033
piecewise_oracle,28400.0,0.008271265731562156,0.0011124432006649333
piecewise_oracle,28600.0,0.008195873313775956,0.001131116041024837
piecewise_oracle,28800.0,0.007768871743956386,0.0010030342098680995
piecewise_oracle,29000.0,0.0073492676100498835,0.0008511952645843307
piecewise_oracle,29200.0,0.007786550952522672,0.0008683337329066556
piecewise_oracle,29400.0,0.007388760755819641,0.0008277075474150854
piecewise_oracle,29600.0,0.007536425475578343,0.0009133690970622113
piecewise_oracle,29800.0,0.008025448400787899,0.001037357067453582
piecewise_oracle,30000.0,0.0076752317753914735,0.001008636231410197
piecewise_oracle,30200.0,0.00763305888039155,0.001068566772589216
piecewise_oracle,30400.0,0.007576094706255518,0.0010720747778123728
piecewise_oracle,30600.0,0.007285107880315895,0.0009545956785948872
piecewise_oracle,30800.0,0.00691631309151415,0.0008238884133361435
piecewise_oracle,31000.0,0.006825350357867363,0.0007997631364124152
piecewise_oracle,31200.0,0.006288977543871593,0.0006907674241457606
piecewise_oracle,31400.0,0.006241505438635547,0.0007468982392107612
piecewise_oracle,31600.0,0.006732138301045236,0.0007921390080960308
piecewise_oracle,31800.0,0.008001201106292205,0.0009705496866886364
piecewise_oracle,32000.0,0.00831474948937804,0.0010862221738532445
fixed_q1_oracle_eta,0.0,1.0,0.0
fixed_q1_oracle_eta,200.0,0.4803914609741021,0.00783704749208892
fixed_q1_oracle_eta,400.0,0.2347827706401986,0.0071477587864836835
fixed_q1_oracle_eta,600.0,0.11990292810232897,0.005284662955592454
fixed_q1_oracle_eta,800.0,0.057573173032566226,0.0034118166947694085
fixed_q1_oracle_eta,1000.0,0.031428338340908635,0.002616309631228616
fixed_q1_oracle_eta,1200.0,0.018122164143909117,0.0020864635486845962
fixed_q1_oracle_eta,1400.0,0.012080013458937484,0.0012604205733364126
fixed_q1_oracle_eta,1600.0,0.009821188026846998,0.0010641386653530364
fixed_q1_oracle_eta,1800.0,0.007059338840905866,0.0009101016159151188
fixed_q1_oracle_eta,2000.0,0.0068630602451728055,0.0007992729476401138
fixed_q1_oracle_eta,2200.0,0.0054040168221273525,0.0006391289620693425
fixed_q1_oracle_eta,2400.0,0.004711463871936407,0.0005689597658221726
fixed_q1_oracle_eta,2600.0,0.0041314057719164,0.0006370758894896215
fixed_q1_oracle_eta,2800.0,0.0038220647197113613,0.0006352451446821206
fixed_q1_oracle_eta,3000.0,0.0035393574223260456,0.0005419849134045423
fixed_q1_oracle_eta,3200.0,0.003255079045728115,0.0005172212532774576
fixed_q1_oracle_eta,3400.0,0.0026206112715582096,0.00043736018008822024
fixed_q1_oracle_eta,3600.0,0.0028209057097681746,0.00043510251728844925
fixed_q1_oracle_eta,3800.0,0.002920018100947799,0.0004630456780491376
fixed_q1_oracle_eta,4000.0,0.0029746621549530984,0.0004724408641237505
fixed_q1_oracle_eta,4200.0,0.002713724153779848,0.00037953164402969574
fixed_q1_oracle_eta,4400.0,0.0025954905980720656,0.000398042749008158
fixed_q1_oracle_eta,4600.0,0.0023861171590782433,0.0003358339250589185
fixed_q1_oracle_eta,4800.0,0.002694784825737542,0.000415009175194208
fixed_q1_oracle_eta,5000.0,0.0026471058910067357,0.00036621065811439355
fixed_q1_oracle_eta,5200.0,0.0024722651348687372,0.0003217085841457461
fixed_q1_oracle_eta,5400.0,0.0022920707322083267,0.00032028326697468057
fixed_q1_oracle_eta,5600.0,0.0022483188085352557,0.00032815997875723434
fixed_q1_oracle_eta,5800.0,0.0018387917634045477,0.00024469700393589674
fixed_q1_oracle_eta,6000.0,0.0017774057700348047,0.00021718063459648287
fixed_q1_oracle_eta,6200.0,0.0015961427808206914,0.00018031624768467846
fixed_q1_oracle_eta,6400.0,0.0016080423613487693,0.00020592663699026868
fixed_q1_oracle_eta,6600.0,0.0014637976388238829,0.00016858339814843244
fixed_q1_oracle_eta,6800.0,0.00161768462666708,0.00015269666227183683
fixed_q1_oracle_eta,7000.0,0.001620091642015962,0.00017908006394686896
fixed_q1_oracle_eta,7200.0,0.0017318008522209714,0.0001827531075353147
fixed_q1_oracle_eta,7400.0,0.0017080192773735665,0.00020494838008027215
fixed_q1_oracle_eta,7600.0,0.0014558648525701916,0.00016762326623429624
fixed_q1_oracle_eta,7800.0,0.0017630331353265887,0.0001940140366414984
fixed_q1_oracle_eta,8000.0,0.001712970588155812,0.00019727162986122538
fixed_q1_oracle_eta,8200.0,0.0021296426374486014,0.0002809273842972135
fixed_q1_oracle_eta,8400.0,0.002154175247379103,0.00024849599862561303
fixed_q1_oracle_eta,8600.0,0.002009113286250623,0.0002240530137772827
fixed_q1_oracle_eta,8800.0,0.0021911433974767702,0.00027415550587709574
fixed_q1_oracle_eta,9000.0,0.00231195431331307,0.0002624606792547362
fixed_q1_oracle_eta,9200.0,0.002437564633263962,0.00034098095138684333
fixed_q1_oracle_eta,9400.0,0.003015554810118351,0.0004130898613479473
fixed_q1_oracle_eta,9600.0,0.003355836398062901,0.00041258809578958815
fixed_q1_oracle_eta,9800.0,0.00341692998617451,0.0004784839870652766
fixed_q1_oracle_eta,10000.0,0.003669823982169385,0.0006300462892667255
fixed_q1_oracle_eta,10200.0,0.0032508021206388905,0.0004834406544147927
fixed_q1_oracle_eta,10400.0,0.0034909633428998827,0.00047711666153562855
fixed_q1_oracle_eta,10600.0,0.0037520222550569463,0.0005426005263959878
fixed_q1_oracle_eta,10800.0,0.003944557481449833,0.0005510749524266516
fixed_q1_oracle_eta,11000.0,0.0033678525827423177,0.000477208309148316
fixed_q1_oracle_eta,11200.0,0.0035100902183186826,0.000476948741099604
fixed_q1_oracle_eta,11400.0,0.0035192299369828177,0.0005001652843927679
fixed_q1_oracle_eta,11600.0,0.0037614476580235924,0.0005032146205383735
fixed_q1_oracle_eta,11800.0,0.0035286777225182306,0.0004691147116274809
fixed_q1_oracle_eta,12000.0,0.0035264793357311446,0.0004416839221234907
fixed_q1_oracle_eta,12200.0,0.0034562053339100255,0.00042201014580716745
fixed_q1_oracle_eta,12400.0,0.003340845428884794,0.0004740998423934595
fixed_q1_oracle_eta,12600.0,0.003743779670132063,0.0004499048845526742
fixed_q1_oracle_eta,12800.0,0.003646924711322694,0.00040821549891991647
fixed_q1_oracle_eta,13000.0,0.0030847239438849526,0.0003331328286264369
fixed_q1_oracle_eta,13200.0,0.003078830312860312,0.00028950408154894284
fixed_q1_oracle_eta,13400.0,0.0030539657015268653,0.0003524288730760191
fixed_q1_oracle_eta,13600.0,0.002908320465433823,0.00029606178990062903
fixed_q1_oracle_eta,13800.0,0.002965883838812105,0.00029876371030501024
fixed_q1_oracle_eta,14000.0,0.0034292387732895438,0.00034680445245444336
fixed_q1_oracle_eta,14200.0,0.004134300093726632,0.0005150357185187801
fixed_q1_oracle_eta,14400.0,0.004986223250261605,0.0006396287330914429
fixed_q1_oracle_eta,14600.0,0.004864920025618352,0.0005542684413401522
fixed_q1_oracle_eta,14800.0,0.004584758057404501,0.0005510014165785847
fixed_q1_oracle_eta,15000.0,0.004919314005897307,0.0005568473885708956
fixed_q1_oracle_eta,15200.0,0.004337150135724275,0.0004709377459237945
fixed_q1_oracle_eta,15400.0,0.0041273869628784664,0.00041160327518063183
fixed_q1_oracle_eta,15600.0,0.003625340458982813,0.0004087448416364193
fixed_q1_oracle_eta,15800.0,0.003521240211964484,0.0003446613088420788
fixed_q1_oracle_eta,16000.0,0.003347942358935633,0.0004053532019209524
fixed_q1_oracle_eta,16200.0,0.004775183003581247,0.0005567947287614207
fixed_q1_oracle_eta,16400.0,0.006692471260425091,0.0007343127551828485
fixed_q1_oracle_eta,16600.0,0.008643794971451338,0.0008705202557886589
fixed_q1_oracle_eta,16800.0,0.010818290955519809,0.0010724063721535345
fixed_q1_oracle_eta,17000.0,0.011864338762095973,0.0014032963171320104
fixed_q1_oracle_eta,17200.0,0.013452820871119627,0.0016906868050864975
fixed_q1_oracle_eta,17400.0,0.013019514829556008,0.0015022103538954732
fixed_q1_oracle_eta,17600.0,0.01348614161711409,0.0015572533290947174
fixed_q1_oracle_eta,17800.0,0.015619074465684222,0.0014900633784386515
fixed_q1_oracle_eta,18000.0,0.015770639392130983,0.0014994851484227353
fixed_q1_oracle_eta,18200.0,0.01722631669254841,0.0018906281032531759
fixed_q1_oracle_eta,18400.0,0.01759421762238273,0.002035399527347598
fixed_q1_oracle_eta,18600.0,0.018191696916424208,0.0023148612638358417
fixed_q1_oracle_eta,18800.0,0.018540186230238617,0.002758718724012155
fixed_q1_oracle_eta,19000.0,0.017057932000485075,0.0029166059979537154
fixed_q1_oracle_eta,19200.0,0.017389829185221795,0.0026220054511297245
fixed_q1_oracle_eta,19400.0,0.018726915132764733,0.0028991190774681577
fixed_q1_oracle_eta,19600.0,0.018110012152897197,0.002828660843760992
fixed_q1_oracle_eta,19800.0,0.017127568415518015,0.0023541025690369506
fixed_q1_oracle_eta,20000.0,0.016721255926874998,0.0021306847012972276
fixed_q1_oracle_eta,20200.0,0.018517277494161353,0.002300574863949533
fixed_q1_oracle_eta,20400.0,0.019833607686153904,0.0023261248206038307
fixed_q1_oracle_eta,20600.0,0.01902252452136437,0.0020553848169696663
fixed_q1_oracle_eta,20800.0,0.01803917217791933,0.001973330432742559
fixed_q1_oracle_eta,21000.0,0.020070350976861707,0.0019906754041424495
fixed_q1_oracle_eta,21200.0,0.020413584181398135,0.00196798172303886
fixed_q1_oracle_eta,21400.0,0.01736706797873275,0.0017209433719972181
fixed_q1_oracle_eta,21600.0,0.016509625858202405,0.0016844453778163003
fixed_q1_oracle_eta,21800.0,0.016282488266960365,0.0017057687305992956
fixed_q1_oracle_eta,22000.0,0.014207535926873616,0.0015570095502131923
fixed_q1_oracle_eta,22200.0,0.01519259109707107,0.0017168712147674677
fixed_q1_oracle_eta,22400.0,0.015235334606923319,0.0018120530636663525
fixed_q1_oracle_eta,22600.0,0.01390726464144093,0.0017034917771425746
fixed_q1_oracle_eta,22800.0,0.013158533759277622,0.0013932022672511234
fixed_q1_oracle_eta,23000.0,0.012899724457030179,0.0013748247848663837
fixed_q1_oracle_eta,23200.0,0.012718629119176587,0.0013403688190157816
fixed_q1_oracle_eta,23400.0,0.012151880383511542,0.0012744265280529295
fixed_q1_oracle_eta,23600.0,0.012796434370821865,0.001363274920021841
fixed_q1_oracle_eta,23800.0,0.016589749630535944,0.0015430670528434303
fixed_q1_oracle_eta,24000.0,0.019093931274644604,0.0018276081145567995
fixed_q1_oracle_eta,24200.0,0.020946196730463017,0.002623743662344479
fixed_q1_oracle_eta,24400.0,0.01977201095753777,0.0028274859320724754
fixed_q1_oracle_eta,24600.0,0.017876173113735037,0.0022336639987144227
fixed_q1_oracle_eta,24800.0,0.017105483160724536,0.0020658217522709094
fixed_q1_oracle_eta,25000.0,0.018052016565921654,0.0031092270000631856
fixed_q1_oracle_eta,25200.0,0.018141272023531427,0.0034357624876027726
fixed_q1_oracle_eta,25400.0,0.018989511822141775,0.003134932290774702
fixed_q1_oracle_eta,25600.0,0.017616022879248995,0.002602444302919767
fixed_q1_oracle_eta,25800.0,0.014963803975806019,0.001878973232363629
fixed_q1_oracle_eta,26000.0,0.013330064948467871,0.0015960083966366529
fixed_q1_oracle_eta,26200.0,0.013313445900139297,0.0016601442530134246
fixed_q1_oracle_eta,26400.0,0.014009929415721621,0.0017142850803449547
fixed_q1_oracle_eta,26600.0,0.014393682861943216,0.0017471966795515467
fixed_q1_oracle_eta,26800.0,0.014391968951657499,0.0016577144259123482
fixed_q1_oracle_eta,27000.0,0.013731430884023503,0.0016398244826866712
fixed_q1_oracle_eta,27200.0,0.013137499187885203,0.001954861189019412
fixed_q1_oracle_eta,27400.0,0.012034666781280316,0.0016287865358287654
fixed_q1_oracle_eta,27600.0,0.011375864160841005,0.0015476761350763154
fixed_q1_oracle_eta,27800.0,0.01178459593596278,0.0015434509939167877
fixed_q1_oracle_eta,28000.0,0.011270438514897584,0.0014849726121830746
fixed_q1_oracle_eta,28200.0,0.010554041781432051,0.0014047348418991011
fixed_q1_oracle_eta,28400.0,0.012043185343892183,0.0014632748694998576
fixed_q1_oracle_eta,28600.0,0.010942463741663029,0.0012436078932440088
fixed_q1_oracle_eta,28800.0,0.01246275651081293,0.0015120664607612027
fixed_q1_oracle_eta,29000.0,0.011046808152725409,0.0013062257089679335
fixed_q1_oracle_eta,29200.0,0.01039648172951101,0.0011456555398600633
fixed_q1_oracle_eta,29400.0,0.009295315370156815,0.0010974900321687419
fixed_q1_oracle_eta,29600.0,0.009166826440733555,0.001157577074610845
fixed_q1_oracle_eta,29800.0,0.009631852334423732,0.0011529724201277387
fixed_q1_oracle_eta,30000.0,0.009108472339883775,0.0011274582303035243
fixed_q1_oracle_eta,30200.0,0.009416833337054975,0.0011166201874418223
fixed_q1_oracle_eta,30400.0,0.009877329725739098,0.0012964633399076785
fixed_q1_oracle_eta,30600.0,0.00867143770785016,0.0013243866402058964
fixed_q1_oracle_eta,30800.0,0.007596625797991515,0.0009713863850334043
fixed_q1_oracle_eta,31000.0,0.007807258587899398,0.0010388209982656576
fixed_q1_oracle_eta,31200.0,0.007900405567622506,0.0010933407234992511
fixed_q1_oracle_eta,31400.0,0.008704075556237123,0.001084505078081018
fixed_q1_oracle_eta,31600.0,0.011228917933679776,0.0013903454152980684
fixed_q1_oracle_eta,31800.0,0.011928981527880442,0.0015484964524811627
fixed_q1_oracle_eta,32000.0,0.010976520002887217,0.0015053847431033157
fixed_q4_oracle_eta,0.0,1.0,0.0
fixed_q4_oracle_eta,200.0,0.4176222168916849,0.005173341205339065
fixed_q4_oracle_eta,400.0,0.17463934135036102,0.0035333577535003077
fixed_q4_oracle_eta,600.0,0.07129583775118033,0.0024548336471758416
fixed_q4_oracle_eta,800.0,0.03095568497813454,0.0017753406656516848
fixed_q4_oracle_eta,1000.0,0.014849786430509614,0.0011334092758576793
fixed_q4_oracle_eta,1200.0,0.0075703038895941575,0.0006867912990542092
fixed_q4_oracle_eta,1400.0,0.00481860285123418,0.0006288583442145621
fixed_q4_oracle_eta,1600.0,0.003997156695365369,0.000462635335799991
fixed_q4_oracle_eta,1800.0,0.004278956955778693,0.0005555907049111805
fixed_q4_oracle_eta,2000.0,0.0029922686557288304,0.00040039755458512813
fixed_q4_oracle_eta,2200.0,0.0023095932507876896,0.00032666112865071845
fixed_q4_oracle_eta,2400.0,0.0020957825886560163,0.000301784423264053
fixed_q4_oracle_eta,2600.0,0.0018153484175848957,0.000316059605882598
fixed_q4_oracle_eta,2800.0,0.0016663032812626755,0.00031295428666865485
fixed_q4_oracle_eta,3000.0,0.0013874123903515033,0.0002351192201725065
fixed_q4_oracle_eta,3200.0,0.0011822723021410533,0.0001509543901350137
fixed_q4_oracle_eta,3400.0,0.0008546217012709232,9.613601187150103e-05
fixed_q4_oracle_eta,3600.0,0.000677351671862071,8.088677146670555e-05
fixed_q4_oracle_eta,3800.0,0.0006862214864054237,0.00010899154137157582
fixed_q4_oracle_eta,4000.0,0.0006999481693477845,8.696573344058626e-05
fixed_q4_oracle_eta,4200.0,0.0006555203408854627,7.441938245973052e-05
fixed_q4_oracle_eta,4400.0,0.0006786204321437864,7.69378227962872e-05
fixed_q4_oracle_eta,4600.0,0.0006486139556675254,7.416385434805575e-05
fixed_q4_oracle_eta,4800.0,0.0005625145887258412,6.253408929529572e-05
fixed_q4_oracle_eta,5000.0,0.0005488800705312139,6.654586787791292e-05
fixed_q4_oracle_eta,5200.0,0.0005331530960475913,6.0666134301001755e-05
fixed_q4_oracle_eta,5400.0,0.000561758562832887,5.742434727127903e-05
fixed_q4_oracle_eta,5600.0,0.0006023672676137522,6.504921043949436e-05
fixed_q4_oracle_eta,5800.0,0.0006461806342237419,6.720135534200904e-05
fixed_q4_oracle_eta,6000.0,0.0006495070568627605,7.125421463310573e-05
fixed_q4_oracle_eta,6200.0,0.000658693460627588,7.456109784097311e-05
fixed_q4_oracle_eta,6400.0,0.0006383643102704744,6.707887823398477e-05
fixed_q4_oracle_eta,6600.0,0.0006169526154897029,7.342007900326964e-05
fixed_q4_oracle_eta,6800.0,0.0005718360946456133,7.265264842757911e-05
fixed_q4_oracle_eta,7000.0,0.0005385128798432332,8.030435386231106e-05
fixed_q4_oracle_eta,7200.0,0.00049775259236935,7.024568096736342e-05
fixed_q4_oracle_eta,7400.0,0.0004907017188174426,6.880612905512588e-05
fixed_q4_oracle_eta,7600.0,0.000531410262090457,7.640524697597408e-05
fixed_q4_oracle_eta,7800.0,0.0005581875024683824,6.934391981728358e-05
fixed_q4_oracle_eta,8000.0,0.0005579719180939171,6.564011844759749e-05
fixed_q4_oracle_eta,8200.0,0.0006896227090593648,0.00010115220173107299
fixed_q4_oracle_eta,8400.0,0.0007410425333593206,0.00011190515785334465
fixed_q4_oracle_eta,8600.0,0.0007450361761789042,0.00010157900308388698
fixed_q4_oracle_eta,8800.0,0.0007689127713724925,0.00011606223715729257
fixed_q4_oracle_eta,9000.0,0.000755747196303774,0.00010119800337015766
fixed_q4_oracle_eta,9200.0,0.0008467739216645989,0.00010487393125054468
fixed_q4_oracle_eta,9400.0,0.0008259837969880041,9.034249709758987e-05
fixed_q4_oracle_eta,9600.0,0.000780189284943132,8.459508666247238e-05
fixed_q4_oracle_eta,9800.0,0.0007407793546396536,8.565713698505211e-05
fixed_q4_oracle_eta,10000.0,0.0007844386363345674,9.04661954694814e-05
fixed_q4_oracle_eta,10200.0,0.0007389720538774459,7.722364457924288e-05
fixed_q4_oracle_eta,10400.0,0.0008147905856113537,9.089898846834549e-05
fixed_q4_oracle_eta,10600.0,0.0009043401709721468,9.010522162391985e-05
fixed_q4_oracle_eta,10800.0,0.0009842532455990758,9.317148372761758e-05
fixed_q4_oracle_eta,11000.0,0.0011630876748496613,0.0001302075523330031
fixed_q4_oracle_eta,11200.0,0.001231139584917382,0.00012012201422595402
fixed_q4_oracle_eta,11400.0,0.0012257120028333522,0.00011883602523292622
fixed_q4_oracle_eta,11600.0,0.0011970202629835568,0.00011875787684394072
fixed_q4_oracle_eta,11800.0,0.0010378515397722454,0.00011843014461448476
fixed_q4_oracle_eta,12000.0,0.000846729327413323,0.00010681936494151533
fixed_q4_oracle_eta,12200.0,0.0009226190093566711,0.00012340379837472515
fixed_q4_oracle_eta,12400.0,0.0010080860682735895,0.00014474904578252277
fixed_q4_oracle_eta,12600.0,0.0011527236456403457,0.00015221606617343524
fixed_q4_oracle_eta,12800.0,0.0010171364728367778,0.00012722120812704466
fixed_q4_oracle_eta,13000.0,0.001056533572397449,0.00011913910434670228
fixed_q4_oracle_eta,13200.0,0.0009882257761990156,0.00012019536734205208
fixed_q4_oracle_eta,13400.0,0.0009890284387746389,0.0001293168503910193
fixed_q4_oracle_eta,13600.0,0.0010171934317329554,0.00015502044597724677
fixed_q4_oracle_eta,13800.0,0.0010870197121790116,0.00018738190660132494
fixed_q4_oracle_eta,14000.0,0.0010604531203224324,0.0001555575169553056
fixed_q4_oracle_eta,14200.0,0.0010852120965302605,0.00014144244762734934
fixed_q4_oracle_eta,14400.0,0.0008988065484140252,0.00010583003687531103
fixed_q4_oracle_eta,14600.0,0.0008388676843154529,0.00010263676975432031
fixed_q4_oracle_eta,14800.0,0.0008819066665632867,9.58122062928611e-05
fixed_q4_oracle_eta,15000.0,0.0009564082092876889,0.00012491161625610966
fixed_q4_oracle_eta,15200.0,0.000924858830064968,0.00013861214790279803
fixed_q4_oracle_eta,15400.0,0.0009379172937682831,0.00016939561494040917
fixed_q4_oracle_eta,15600.0,0.0007815559261229884,0.0001260551415735602
fixed_q4_oracle_eta,15800.0,0.0008859222006334766,0.00013102424201473265
fixed_q4_oracle_eta,16000.0,0.0009619226551485815,0.00012491467680408066
fixed_q4_oracle_eta,16200.0,0.0018828057856052748,0.0002095662369065014
fixed_q4_oracle_eta,16400.0,0.00364469938048588,0.0004495180993513287
fixed_q4_oracle_eta,16600.0,0.006462191020623933,0.0008449371662060881
fixed_q4_oracle_eta,16800.0,0.008223183049262556,0.0012427216936456793
fixed_q4_oracle_eta,17000.0,0.010324817755184134,0.0015293525378297062
fixed_q4_oracle_eta,17200.0,0.013238589082111648,0.001923661189231744
fixed_q4_oracle_eta,17400.0,0.014591481798659036,0.001720541627119323
fixed_q4_oracle_eta,17600.0,0.016297121558783892,0.0017591226342574607
fixed_q4_oracle_eta,17800.0,0.01791055938533702,0.001950626408154264
fixed_q4_oracle_eta,18000.0,0.018297217118378714,0.0021842129362854013
fixed_q4_oracle_eta,18200.0,0.018642462804117823,0.0024260712507432943
fixed_q4_oracle_eta,18400.0,0.020304703691722777,0.0025818108379255184
fixed_q4_oracle_eta,18600.0,0.02081934034632416,0.0027505833494315545
fixed_q4_oracle_eta,18800.0,0.019985969268973267,0.0027673821155119378
fixed_q4_oracle_eta,19000.0,0.02177630507433053,0.002837121817418505
fixed_q4_oracle_eta,19200.0,0.02477276702200648,0.003158586260582305
fixed_q4_oracle_eta,19400.0,0.025375782660439408,0.00300382599895613
fixed_q4_oracle_eta,19600.0,0.024974344179828516,0.0027601666316265042
fixed_q4_oracle_eta,19800.0,0.024335513343540987,0.002765973889771809
fixed_q4_oracle_eta,20000.0,0.023857404432007713,0.002863100149096333
fixed_q4_oracle_eta,20200.0,0.024324431594043138,0.0026687739729206205
fixed_q4_oracle_eta,20400.0,0.025818994910381657,0.0029307983522903285
fixed_q4_oracle_eta,20600.0,0.02622452450733195,0.002990594068922617
fixed_q4_oracle_eta,20800.0,0.027630253020960772,0.0032067823619622345
fixed_q4_oracle_eta,21000.0,0.02698639613328112,0.0033948210151308845
fixed_q4_oracle_eta,21200.0,0.025812531263582385,0.0032389033753966196
fixed_q4_oracle_eta,21400.0,0.027331700291236785,0.0030119878682181665
fixed_q4_oracle_eta,21600.0,0.027045235412112942,0.002658910046645017
fixed_q4_oracle_eta,21800.0,0.026445652509127705,0.002527655757614495
fixed_q4_oracle_eta,22000.0,0.027056002036556615,0.002615176222774096
fixed_q4_oracle_eta,22200.0,0.024691413197992583,0.002399683106093412
fixed_q4_oracle_eta,22400.0,0.0233176110043754,0.0023604523490746965
fixed_q4_oracle_eta,22600.0,0.021864368765960516,0.0023612285888246144
fixed_q4_oracle_eta,22800.0,0.02164828313433296,0.0025649896185429458
fixed_q4_oracle_eta,23000.0,0.023317453785759057,0.0028801961925830483
fixed_q4_oracle_eta,23200.0,0.024364740492287155,0.0030211999399050622
fixed_q4_oracle_eta,23400.0,0.02631953609096987,0.0032285833921164887
fixed_q4_oracle_eta,23600.0,0.02732770460188414,0.003417085373284923
fixed_q4_oracle_eta,23800.0,0.02647495450595066,0.00335411833751749
fixed_q4_oracle_eta,24000.0,0.02387668988208072,0.0032225479943926087
fixed_q4_oracle_eta,24200.0,0.02062300450587269,0.002710754213445142
fixed_q4_oracle_eta,24400.0,0.019367946337095387,0.0028367392421427173
fixed_q4_oracle_eta,24600.0,0.016675997694583274,0.002634916700614318
fixed_q4_oracle_eta,24800.0,0.01455907933427802,0.0025144079449924716
fixed_q4_oracle_eta,25000.0,0.014689842471783957,0.0024161297693677487
fixed_q4_oracle_eta,25200.0,0.015477881955396997,0.002252726854309773
fixed_q4_oracle_eta,25400.0,0.01579495257456669,0.002250332685363409
fixed_q4_oracle_eta,25600.0,0.015045222376020944,0.002243595735968809
fixed_q4_oracle_eta,25800.0,0.014228125269481471,0.0020530053482754242
fixed_q4_oracle_eta,26000.0,0.01304397219036547,0.0018602927302271827
fixed_q4_oracle_eta,26200.0,0.012911911758937694,0.0017754415070384093
fixed_q4_oracle_eta,26400.0,0.013545008849664123,0.001853321165859258
fixed_q4_oracle_eta,26600.0,0.012928039320260343,0.0018653687526005531
fixed_q4_oracle_eta,26800.0,0.011410698933711964,0.001611683762227361
fixed_q4_oracle_eta,27000.0,0.011608673759133374,0.0017669156712489126
fixed_q4_oracle_eta,27200.0,0.011486722846085932,0.0020176300090427833
fixed_q4_oracle_eta,27400.0,0.011739757022039261,0.0023343300456903776
fixed_q4_oracle_eta,27600.0,0.011596421723944294,0.0021439730845824443
fixed_q4_oracle_eta,27800.0,0.010641861362360231,0.0017016677256499427
fixed_q4_oracle_eta,28000.0,0.01063793149374971,0.0014504466139755934
fixed_q4_oracle_eta,28200.0,0.01176606007707558,0.0017297134650123085
fixed_q4_oracle_eta,28400.0,0.013667966260810257,0.002025607926909906
fixed_q4_oracle_eta,28600.0,0.013777102736224612,0.0018718848500655727
fixed_q4_oracle_eta,28800.0,0.01336558955704888,0.0019001489720885134
fixed_q4_oracle_eta,29000.0,0.01348020290064708,0.0021646841791764957
fixed_q4_oracle_eta,29200.0,0.014451809571569703,0.002128747379150293
fixed_q4_oracle_eta,29400.0,0.013561663774745585,0.0018973667010649974
fixed_q4_oracle_eta,29600.0,0.012351742200724075,0.0016050070393027983
fixed_q4_oracle_eta,29800.0,0.012776135212446837,0.0017225792789098044
fixed_q4_oracle_eta,30000.0,0.01305010637973931,0.0017561754743861773
fixed_q4_oracle_eta,30200.0,0.012256159716554303,0.0016806440719684696
fixed_q4_oracle_eta,30400.0,0.011316448511875469,0.0015573029238931794
fixed_q4_oracle_eta,30600.0,0.010667701876979414,0.0012622187437023055
fixed_q4_oracle_eta,30800.0,0.010793574434007469,0.0013144047141712468
fixed_q4_oracle_eta,31000.0,0.011584167154985558,0.0014880984204116885
fixed_q4_oracle_eta,31200.0,0.010868477365277183,0.0014941753120046588
fixed_q4_oracle_eta,31400.0,0.011014801820488382,0.0014970269927137038
fixed_q4_oracle_eta,31600.0,0.011137213099185094,0.001398522581783678
fixed_q4_oracle_eta,31800.0,0.011284558021654902,0.001271686349922113
fixed_q4_oracle_eta,32000.0,0.010971146960185823,0.001269944924352831
fixed_q8_oracle_eta,0.0,1.0,0.0
fixed_q8_oracle_eta,200.0,0.4531388545680245,0.005297070493852697
fixed_q8_oracle_eta,400.0,0.19814971530381267,0.004264996722953857
fixed_q8_oracle_eta,600.0,0.08765184522941241,0.00293255287535902
fixed_q8_oracle_eta,800.0,0.04028845779498357,0.0017723140823602483
fixed_q8_oracle_eta,1000.0,0.017814379274869126,0.00113166551418292
fixed_q8_oracle_eta,1200.0,0.009211133725687255,0.0007898987700243815
fixed_q8_oracle_eta,1400.0,0.0054932582714041925,0.000543760460064613
fixed_q8_oracle_eta,1600.0,0.003626395961794556,0.0004017977957849154
fixed_q8_oracle_eta,1800.0,0.0028678763951528945,0.00026902519276625
fixed_q8_oracle_eta,2000.0,0.0027441448306858647,0.0003276282397631767
fixed_q8_oracle_eta,2200.0,0.001990762830848687,0.0002434487955843204
fixed_q8_oracle_eta,2400.0,0.0016249152832272492,0.00020034654336422689
fixed_q8_oracle_eta,2600.0,0.001281618356138259,0.00015236393607552786
fixed_q8_oracle_eta,2800.0,0.001061674797604038,0.00014443573737236168
fixed_q8_oracle_eta,3000.0,0.0008510682131801731,0.00010682389083520918
fixed_q8_oracle_eta,3200.0,0.000671244939570769,9.287100746796296e-05
fixed_q8_oracle_eta,3400.0,0.0006395478188046214,8.159869504552013e-05
fixed_q8_oracle_eta,3600.0,0.0005737977793226394,8.054779138706741e-05
fixed_q8_oracle_eta,3800.0,0.000422903351474772,5.018522630336702e-05
fixed_q8_oracle_eta,4000.0,0.0004417500884585151,7.197374865499569e-05
fixed_q8_oracle_eta,4200.0,0.0004253087544454255,6.636288568861624e-05
fixed_q8_oracle_eta,4400.0,0.0003585673573162726,4.971497869412287e-05
fixed_q8_oracle_eta,4600.0,0.00036726569244821376,5.929691579694906e-05
fixed_q8_oracle_eta,4800.0,0.0003487868940146128,5.667417535696357e-05
fixed_q8_oracle_eta,5000.0,0.00032299860752706914,5.220215576538072e-05
fixed_q8_oracle_eta,5200.0,0.0002420391920778714,3.6426328651731263e-05
fixed_q8_oracle_eta,5400.0,0.00020205440213417816,2.6788612022033288e-05
fixed_q8_oracle_eta,5600.0,0.00019310418413424844,2.6957880955047866e-05
fixed_q8_oracle_eta,5800.0,0.00020324390631967028,3.5509829043906715e-05
fixed_q8_oracle_eta,6000.0,0.00022137896153982776,3.7012029067674046e-05
fixed_q8_oracle_eta,6200.0,0.00020745535853906012,3.237722150126648e-05
fixed_q8_oracle_eta,6400.0,0.00021809034772594992,3.566440128383596e-05
fixed_q8_oracle_eta,6600.0,0.00020057490804833078,3.298166112632712e-05
fixed_q8_oracle_eta,6800.0,0.0001891386170424898,2.595664693799748e-05
fixed_q8_oracle_eta,7000.0,0.00019489206609894612,3.062604719903831e-05
fixed_q8_oracle_eta,7200.0,0.00020338954988757994,2.9337941139466927e-05
fixed_q8_oracle_eta,7400.0,0.00019660930589719336,3.018295260976468e-05
fixed_q8_oracle_eta,7600.0,0.00020487380198890901,3.0109735193487004e-05
fixed_q8_oracle_eta,7800.0,0.00020468346086415472,2.1664892248680252e-05
fixed_q8_oracle_eta,8000.0,0.00020570570761406178,2.5998458470305744e-05
fixed_q8_oracle_eta,8200.0,0.00025521403520269815,2.998632966502823e-05
fixed_q8_oracle_eta,8400.0,0.0002779095320485562,3.243468913655148e-05
fixed_q8_oracle_eta,8600.0,0.00032669591017146457,3.9022705551439884e-05
fixed_q8_oracle_eta,8800.0,0.00041633140263465075,5.8304387771347966e-05
fixed_q8_oracle_eta,9000.0,0.0005131805485640898,7.263965814027766e-05
fixed_q8_oracle_eta,9200.0,0.000560256162297592,8.519067506932881e-05
fixed_q8_oracle_eta,9400.0,0.0005923645354815604,8.575967947020855e-05
fixed_q8_oracle_eta,9600.0,0.0006657802455903508,8.47033043712974e-05
fixed_q8_oracle_eta,9800.0,0.0006832272597657611,8.657033454631717e-05
fixed_q8_oracle_eta,10000.0,0.0007296593982967551,8.409739441772845e-05
fixed_q8_oracle_eta,10200.0,0.0007609754510713344,9.224941387688623e-05
fixed_q8_oracle_eta,10400.0,0.00082537209945634,0.00010902611065112491
fixed_q8_oracle_eta,10600.0,0.000849791807956756,0.00010303362165677298
fixed_q8_oracle_eta,10800.0,0.0008876593068703815,9.901085404405228e-05
fixed_q8_oracle_eta,11000.0,0.0008449012932853935,9.951479562101038e-05
fixed_q8_oracle_eta,11200.0,0.0008657798394603364,0.0001023302348897657
fixed_q8_oracle_eta,11400.0,0.0008693821734463001,9.236849180546328e-05
fixed_q8_oracle_eta,11600.0,0.0009023724983616996,9.646919661290802e-05
fixed_q8_oracle_eta,11800.0,0.00097051073236015,0.00011598519991833382
fixed_q8_oracle_eta,12000.0,0.0009874375533375787,0.00011592513089794006
fixed_q8_oracle_eta,12200.0,0.0010548027131929703,0.00013606305512822893
fixed_q8_oracle_eta,12400.0,0.0011133634946117364,0.0001458027114025394
fixed_q8_oracle_eta,12600.0,0.0010075993049020182,0.00013274379662257333
fixed_q8_oracle_eta,12800.0,0.0010237104256427686,0.0001347957198939612
fixed_q8_oracle_eta,13000.0,0.0010723564341083146,0.00013588045847980746
fixed_q8_oracle_eta,13200.0,0.001052789355562678,0.00012133692697038002
fixed_q8_oracle_eta,13400.0,0.0010461866249560294,0.00012190916984133959
fixed_q8_oracle_eta,13600.0,0.0010910986305912773,0.00013338316171286447
fixed_q8_oracle_eta,13800.0,0.001231735209016835,0.00015045877593517374
fixed_q8_oracle_eta,14000.0,0.0011601072431440841,0.00012560634908875823
fixed_q8_oracle_eta,14200.0,0.001100993395434875,0.00010418483791858031
fixed_q8_oracle_eta,14400.0,0.0010233573624881594,9.599435019801108e-05
fixed_q8_oracle_eta,14600.0,0.0009655505971506185,9.041508399057328e-05
fixed_q8_oracle_eta,14800.0,0.0009316582835409853,8.561095957980041e-05
fixed_q8_oracle_eta,15000.0,0.0009736866037997822,9.58746065841519e-05
fixed_q8_oracle_eta,15200.0,0.000951459201660994,0.00010310809596053871
fixed_q8_oracle_eta,15400.0,0.0009314426613669016,9.560288808876905e-05
fixed_q8_oracle_eta,15600.0,0.0009722318874180786,9.748856969786591e-05
fixed_q8_oracle_eta,15800.0,0.0010305476419144436,0.00010241152249339839
fixed_q8_oracle_eta,16000.0,0.0010639976932942117,0.00010159030621665968
fixed_q8_oracle_eta,16200.0,0.001655663154260578,0.00018651140806749862
fixed_q8_oracle_eta,16400.0,0.0032031662247602693,0.0004130720269255972
fixed_q8_oracle_eta,16600.0,0.004808489576460771,0.000597764760880442
fixed_q8_oracle_eta,16800.0,0.005897437362825706,0.0007088146076744797
fixed_q8_oracle_eta,17000.0,0.006871305671952539,0.0008440739170083232
fixed_q8_oracle_eta,17200.0,0.00820145087096826,0.0009736674439321672
fixed_q8_oracle_eta,17400.0,0.009149633004473672,0.0010477594541576612
fixed_q8_oracle_eta,17600.0,0.009958060563810512,0.001060013911126129
fixed_q8_oracle_eta,17800.0,0.010741818566643954,0.0011234443201673995
fixed_q8_oracle_eta,18000.0,0.011676964774331553,0.0012857922302392355
fixed_q8_oracle_eta,18200.0,0.012482216344289872,0.0015013134214731173
fixed_q8_oracle_eta,18400.0,0.013682097531510883,0.001624137477274312
fixed_q8_oracle_eta,18600.0,0.015623347526182087,0.0016444880437035548
fixed_q8_oracle_eta,18800.0,0.016893340712277792,0.001700231818114753
fixed_q8_oracle_eta,19000.0,0.01737429544206863,0.0017878945892629017
fixed_q8_oracle_eta,19200.0,0.017608623723027444,0.0018930128568236013
fixed_q8_oracle_eta,19400.0,0.018087706689387164,0.002004663208246879
fixed_q8_oracle_eta,19600.0,0.017362918858181496,0.0019200705954888276
fixed_q8_oracle_eta,19800.0,0.017076933749670533,0.0018041382910754485
fixed_q8_oracle_eta,20000.0,0.017645481768704997,0.0018345634234469932
fixed_q8_oracle_eta,20200.0,0.0179421750498515,0.0017840142311719685
fixed_q8_oracle_eta,20400.0,0.018799417607110205,0.001776380792865725
fixed_q8_oracle_eta,20600.0,0.019721322180368612,0.0018249220370980365
fixed_q8_oracle_eta,20800.0,0.02092276245287195,0.0020782447350405618
fixed_q8_oracle_eta,21000.0,0.022057426878918377,0.002391221634817855
fixed_q8_oracle_eta,21200.0,0.022664403788071573,0.00264625853251943
fixed_q8_oracle_eta,21400.0,0.02411796660379727,0.0027064207882996757
fixed_q8_oracle_eta,21600.0,0.0249918072711677,0.00239868901493941
fixed_q8_oracle_eta,21800.0,0.024912780180889264,0.0021471469936614803
fixed_q8_oracle_eta,22000.0,0.025627884540893875,0.0020900710010266052
fixed_q8_oracle_eta,22200.0,0.026553113723570696,0.0021543878066319746
fixed_q8_oracle_eta,22400.0,0.027510882304749962,0.002263188582587307
fixed_q8_oracle_eta,22600.0,0.028042837674407777,0.0023515338841472596
fixed_q8_oracle_eta,22800.0,0.02836080323324761,0.0025564914770386388
fixed_q8_oracle_eta,23000.0,0.02757846364008602,0.002614912240037437
fixed_q8_oracle_eta,23200.0,0.026543806901025337,0.002503660136664531
fixed_q8_oracle_eta,23400.0,0.0259303187594223,0.002422306798508665
fixed_q8_oracle_eta,23600.0,0.026125648440344564,0.002606887018117011
fixed_q8_oracle_eta,23800.0,0.02602429550488261,0.0027175436002110386
fixed_q8_oracle_eta,24000.0,0.025799848462529862,0.00275762048648288
fixed_q8_oracle_eta,24200.0,0.025130106138593903,0.0026296064051438677
fixed_q8_oracle_eta,24400.0,0.02526683052907868,0.002749368999295996
fixed_q8_oracle_eta,24600.0,0.024337989989639517,0.0026285085823142
fixed_q8_oracle_eta,24800.0,0.022721753234674243,0.002317921441188697
fixed_q8_oracle_eta,25000.0,0.021580782987555384,0.0022664507930140244
fixed_q8_oracle_eta,25200.0,0.02033921096947151,0.0024818979523245762
fixed_q8_oracle_eta,25400.0,0.019604482880350674,0.0025006256510291215
fixed_q8_oracle_eta,25600.0,0.01882802683191843,0.002407301541122329
fixed_q8_oracle_eta,25800.0,0.019851496323524065,0.0026120390898813285
fixed_q8_oracle_eta,26000.0,0.02009153184106387,0.0026185590589204223
fixed_q8_oracle_eta,26200.0,0.018680440558025396,0.0022310351693718166
fixed_q8_oracle_eta,26400.0,0.01812538713696338,0.0021207224745711426
fixed_q8_oracle_eta,26600.0,0.017370172722834375,0.002019238856663763
fixed_q8_oracle_eta,26800.0,0.0172934401283397,0.002140955241506749
fixed_q8_oracle_eta,27000.0,0.0180428325718233,0.0025132344679636587
fixed_q8_oracle_eta,27200.0,0.017851411768344715,0.0026113795345345386
fixed_q8_oracle_eta,27400.0,0.01803586884514692,0.0027356062502870144
fixed_q8_oracle_eta,27600.0,0.017866887124500623,0.0026287939018001705
fixed_q8_oracle_eta,27800.0,0.018382093444669515,0.002588182146739166
fixed_q8_oracle_eta,28000.0,0.017821530012150887,0.002593859468834557
fixed_q8_oracle_eta,28200.0,0.016910078101443557,0.00266349501476145
fixed_q8_oracle_eta,28400.0,0.015822726538679593,0.0024281917608612435
fixed_q8_oracle_eta,28600.0,0.015354613306323189,0.002154302454734125
fixed_q8_oracle_eta,28800.0,0.015946580391634005,0.002210512372626002
fixed_q8_oracle_eta,29000.0,0.015945714463630422,0.0021210558371912384
fixed_q8_oracle_eta,29200.0,0.015334566066086717,0.0018554541069082785
fixed_q8_oracle_eta,29400.0,0.01531967439152492,0.0018094613888926347
fixed_q8_oracle_eta,29600.0,0.015066057514180876,0.0017693092197688595
fixed_q8_oracle_eta,29800.0,0.014834614630445178,0.0016381459897193418
fixed_q8_oracle_eta,30000.0,0.014748013876674461,0.0016515265566465385
fixed_q8_oracle_eta,30200.0,0.014514378024133839,0.0016637658382162046
fixed_q8_oracle_eta,30400.0,0.01456868921583039,0.0016331813681468668
fixed_q8_oracle_eta,30600.0,0.015063242630096358,0.001797334048968239
fixed_q8_oracle_eta,30800.0,0.01531183868513287,0.0019015449423626734
fixed_q8_oracle_eta,31000.0,0.015373303164995357,0.0018925692501282946
fixed_q8_oracle_eta,31200.0,0.01586741505612407,0.00191348600309469
fixed_q8_oracle_eta,31400.0,0.015944395346658553,0.001997022901422935
fixed_q8_oracle_eta,31600.0,0.015166145202509654,0.001997363108767268
fixed_q8_oracle_eta,31800.0,0.014547132341741702,0.0019389467253321387
fixed_q8_oracle_eta,32000.0,0.014617244762122535,0.0019726090759407252
fixed_q32_oracle_eta,0.0,1.0,0.0
fixed_q32_oracle_eta,200.0,0.523269870702171,0.0041751872783667
fixed_q32_oracle_eta,400.0,0.21124247437196347,0.0030231509183262385
fixed_q32_oracle_eta,600.0,0.09152362589260767,0.0021235263479869536
fixed_q32_oracle_eta,800.0,0.030928160811329913,0.0014066861001806512
fixed_q32_oracle_eta,1000.0,0.013062598588780278,0.0009484629201212496
fixed_q32_oracle_eta,1200.0,0.005325090517454839,0.0005711833397059826
fixed_q32_oracle_eta,1400.0,0.0033042567634794873,0.00034617238238892825
fixed_q32_oracle_eta,1600.0,0.0022198701122264964,0.00026290436473445954
fixed_q32_oracle_eta,1800.0,0.002061045401661429,0.0002495637549816502
fixed_q32_oracle_eta,2000.0,0.0018191125817349492,0.00021824340988161323
fixed_q32_oracle_eta,2200.0,0.0016020468634931652,0.00019747755758475885
fixed_q32_oracle_eta,2400.0,0.001210694635019556,0.00014580178105924504
fixed_q32_oracle_eta,2600.0,0.0009758315058837478,0.00012004102724799506
fixed_q32_oracle_eta,2800.0,0.0008171694220317459,0.00010671023353433056
fixed_q32_oracle_eta,3000.0,0.0006912211917377175,8.704685563829271e-05
fixed_q32_oracle_eta,3200.0,0.0005822263479912633,7.544618263272624e-05
fixed_q32_oracle_eta,3400.0,0.0005462413622470653,6.600222722738888e-05
fixed_q32_oracle_eta,3600.0,0.0005406050758008064,7.125063961407249e-05
fixed_q32_oracle_eta,3800.0,0.00047971061554636393,5.995873996523783e-05
fixed_q32_oracle_eta,4000.0,0.00046169712340044856,6.705758862581903e-05
fixed_q32_oracle_eta,4200.0,0.00043881986575096556,7.189571442008668e-05
fixed_q32_oracle_eta,4400.0,0.00043006353136133656,7.391780283062302e-05
fixed_q32_oracle_eta,4600.0,0.0004165745206815525,7.334370545349162e-05
fixed_q32_oracle_eta,4800.0,0.0003518714226629356,5.8897853458320124e-05
fixed_q32_oracle_eta,5000.0,0.00031185107826628053,5.155304763729331e-05
fixed_q32_oracle_eta,5200.0,0.0002756229056345293,3.780104367396727e-05
fixed_q32_oracle_eta,5400.0,0.00025737536133403334,3.657429685814586e-05
fixed_q32_oracle_eta,5600.0,0.00024909216745754676,4.173413281656557e-05
fixed_q32_oracle_eta,5800.0,0.00021590715722957316,2.93135212860745e-05
fixed_q32_oracle_eta,6000.0,0.0002070941604017743,3.072900684979377e-05
fixed_q32_oracle_eta,6200.0,0.0002142036330134904,3.859543446660162e-05
fixed_q32_oracle_eta,6400.0,0.00019732784285950457,3.680053186190823e-05
fixed_q32_oracle_eta,6600.0,0.00017279383951310576,3.316736096571217e-05
fixed_q32_oracle_eta,6800.0,0.00016509154561057836,3.310856494883707e-05
fixed_q32_oracle_eta,7000.0,0.00017275830514980464,3.827917440300204e-05
fixed_q32_oracle_eta,7200.0,0.00014703697677356892,2.8396561266790847e-05
fixed_q32_oracle_eta,7400.0,0.00013086220175553592,1.969056467414274e-05
fixed_q32_oracle_eta,7600.0,0.00012500648660402144,1.706009181329069e-05
fixed_q32_oracle_eta,7800.0,0.00013372076661688067,2.261690934177943e-05
fixed_q32_oracle_eta,8000.0,0.0001344892798154811,2.150679001434414e-05
fixed_q32_oracle_eta,8200.0,0.00014590177525048535,2.242117647879698e-05
fixed_q32_oracle_eta,8400.0,0.00015655391135318563,2.131866157991065e-05
fixed_q32_oracle_eta,8600.0,0.0001757067711800427,2.0753715234902015e-05
fixed_q32_oracle_eta,8800.0,0.00018075313301517377,2.0124378334113098e-05
fixed_q32_oracle_eta,9000.0,0.00018956690600414154,2.009097243015042e-05
fixed_q32_oracle_eta,9200.0,0.0001993219674401585,2.2802964343373313e-05
fixed_q32_oracle_eta,9400.0,0.00021377630875601055,2.5262729025970532e-05
fixed_q32_oracle_eta,9600.0,0.00026191977394976923,2.9238584721123717e-05
fixed_q32_oracle_eta,9800.0,0.0002863606626966528,3.135032930298084e-05
fixed_q32_oracle_eta,10000.0,0.00032434124330788167,3.4646348442028926e-05
fixed_q32_oracle_eta,10200.0,0.0003357570919566975,3.361345149532073e-05
fixed_q32_oracle_eta,10400.0,0.0003656630775503595,3.455639711992382e-05
fixed_q32_oracle_eta,10600.0,0.00040748808642731616,4.016082614961821e-05
fixed_q32_oracle_eta,10800.0,0.00044075240510865196,4.3819996391257935e-05
fixed_q32_oracle_eta,11000.0,0.0004650886393292569,4.698485032249596e-05
fixed_q32_oracle_eta,11200.0,0.0004901492442667206,5.249753384542232e-05
fixed_q32_oracle_eta,11400.0,0.0005115921871527938,5.597560838870922e-05
fixed_q32_oracle_eta,11600.0,0.000526786473794447,6.072226468738675e-05
fixed_q32_oracle_eta,11800.0,0.0005472031268462385,5.7637081286252744e-05
fixed_q32_oracle_eta,12000.0,0.0005919465404085807,6.208285418245263e-05
fixed_q32_oracle_eta,12200.0,0.0006018937056271879,6.223713374000042e-05
fixed_q32_oracle_eta,12400.0,0.0006142662927119013,6.498063805176944e-05
fixed_q32_oracle_eta,12600.0,0.0006412671743271238,6.962264729868639e-05
fixed_q32_oracle_eta,12800.0,0.0006337643281525134,7.171759922010514e-05
fixed_q32_oracle_eta,13000.0,0.0006455018050400391,7.085782971331202e-05
fixed_q32_oracle_eta,13200.0,0.0006640892520835824,7.461415501499937e-05
fixed_q32_oracle_eta,13400.0,0.0006805365691434559,7.948315454153053e-05
fixed_q32_oracle_eta,13600.0,0.0007388855921819587,8.693574078219292e-05
fixed_q32_oracle_eta,13800.0,0.0007671326487199464,9.25668864906613e-05
fixed_q32_oracle_eta,14000.0,0.000790491021628408,9.797457182239382e-05
fixed_q32_oracle_eta,14200.0,0.0007800349607977211,9.303811040289018e-05
fixed_q32_oracle_eta,14400.0,0.0007961559719254563,9.526662710072956e-05
fixed_q32_oracle_eta,14600.0,0.0008181538243002877,0.00010060443392758921
fixed_q32_oracle_eta,14800.0,0.000845617985856116,0.00010725797367863623
fixed_q32_oracle_eta,15000.0,0.0008735411862135188,0.00011195363728536404
fixed_q32_oracle_eta,15200.0,0.0008606737350420192,0.00011046802783823148
fixed_q32_oracle_eta,15400.0,0.000846661830192236,0.00010897754408766518
fixed_q32_oracle_eta,15600.0,0.0008362432314337763,0.00010549546449414615
fixed_q32_oracle_eta,15800.0,0.0007955793410002603,9.79511661229772e-05
fixed_q32_oracle_eta,16000.0,0.0007885062531168508,9.34708141018203e-05
fixed_q32_oracle_eta,16200.0,0.0009762172149445421,0.00011803989243316765
fixed_q32_oracle_eta,16400.0,0.0014198948631006843,0.0001666176261520896
fixed_q32_oracle_eta,16600.0,0.0019033086082101201,0.0002215027100135018
fixed_q32_oracle_eta,16800.0,0.0026226669047580706,0.00029952757664916023
fixed_q32_oracle_eta,17000.0,0.0032127011761955257,0.00036980158433958557
fixed_q32_oracle_eta,17200.0,0.004046270801067736,0.00046808548996822737
fixed_q32_oracle_eta,17400.0,0.004744315281803902,0.0005586940145883493
fixed_q32_oracle_eta,17600.0,0.00558299754566001,0.0006857324945116208
fixed_q32_oracle_eta,17800.0,0.0063910135096089315,0.0008077438775960051
fixed_q32_oracle_eta,18000.0,0.007131202835202723,0.0009313716550269388
fixed_q32_oracle_eta,18200.0,0.007916197155341113,0.0010545152259335507
fixed_q32_oracle_eta,18400.0,0.008769946323366716,0.001202449502212492
fixed_q32_oracle_eta,18600.0,0.009544498880388195,0.0013390138764721477
fixed_q32_oracle_eta,18800.0,0.01035738976454251,0.0015120529948590583
fixed_q32_oracle_eta,19000.0,0.01105336113319819,0.0016887296338543706
fixed_q32_oracle_eta,19200.0,0.011625167662865109,0.00188874811275335
fixed_q32_oracle_eta,19400.0,0.011891149043416416,0.0020084537517272697
fixed_q32_oracle_eta,19600.0,0.012043539281556763,0.002115549430085274
fixed_q32_oracle_eta,19800.0,0.012025281475925546,0.002144431389092556
fixed_q32_oracle_eta,20000.0,0.012042667306527158,0.0021356196859527777
fixed_q32_oracle_eta,20200.0,0.012118608414722095,0.0020650059817920135
fixed_q32_oracle_eta,20400.0,0.012241406648008499,0.001984207494301043
fixed_q32_oracle_eta,20600.0,0.012372458162767028,0.0019143506501865235
fixed_q32_oracle_eta,20800.0,0.01266609619553074,0.0019099778283363637
fixed_q32_oracle_eta,21000.0,0.012992655307548933,0.001963405048162519
fixed_q32_oracle_eta,21200.0,0.013222070802080984,0.001952691901153075
fixed_q32_oracle_eta,21400.0,0.01333013245028228,0.0019196954741352115
fixed_q32_oracle_eta,21600.0,0.013345615786525293,0.001799451648457281
fixed_q32_oracle_eta,21800.0,0.013037752206816066,0.0016419071664613301
fixed_q32_oracle_eta,22000.0,0.012927882942878425,0.001582600917337533
fixed_q32_oracle_eta,22200.0,0.012702165239675814,0.0015619814698444685
fixed_q32_oracle_eta,22400.0,0.012626845361980122,0.001574700202794192
fixed_q32_oracle_eta,22600.0,0.012627489206833783,0.0015712597586728758
fixed_q32_oracle_eta,22800.0,0.012848411255455362,0.001591348535333443
fixed_q32_oracle_eta,23000.0,0.01314765396655061,0.0016012228186501262
fixed_q32_oracle_eta,23200.0,0.013545127578270092,0.0016456401375707919
fixed_q32_oracle_eta,23400.0,0.013769385362599047,0.0016708849042708636
fixed_q32_oracle_eta,23600.0,0.014094915309871078,0.0017386091758343227
fixed_q32_oracle_eta,23800.0,0.014337222911153542,0.001832661848638587
fixed_q32_oracle_eta,24000.0,0.01466630350673181,0.0019173552028145932
fixed_q32_oracle_eta,24200.0,0.015260068573849268,0.0021430437958620623
fixed_q32_oracle_eta,24400.0,0.01609080973076804,0.0023513477986909542
fixed_q32_oracle_eta,24600.0,0.016520894294433007,0.0024360548884288123
fixed_q32_oracle_eta,24800.0,0.016817712564523062,0.002465052163040561
fixed_q32_oracle_eta,25000.0,0.016703360680094027,0.0023443911478869643
fixed_q32_oracle_eta,25200.0,0.016477889383055715,0.002266155144107957
fixed_q32_oracle_eta,25400.0,0.016172361586763193,0.002173549826220312
fixed_q32_oracle_eta,25600.0,0.0160371521525229,0.0021247190912444722
fixed_q32_oracle_eta,25800.0,0.015687220084428695,0.0020361319402756838
fixed_q32_oracle_eta,26000.0,0.015426467888204409,0.0020064397304077972
fixed_q32_oracle_eta,26200.0,0.01538024791223833,0.0019627649148378635
fixed_q32_oracle_eta,26400.0,0.015104769404702328,0.0018773310217541205
fixed_q32_oracle_eta,26600.0,0.015130740605262498,0.0018392536918642756
fixed_q32_oracle_eta,26800.0,0.015191484925228533,0.001810329028275673
fixed_q32_oracle_eta,27000.0,0.015356133030458687,0.0018422978014491118
fixed_q32_oracle_eta,27200.0,0.015397713679665465,0.001877207600119859
fixed_q32_oracle_eta,27400.0,0.015551585809278722,0.0019672742810888763
fixed_q32_oracle_eta,27600.0,0.015402610203614437,0.001976266932199495
fixed_q32_oracle_eta,27800.0,0.015397724934289269,0.0020488503781613794
fixed_q32_oracle_eta,28000.0,0.015276179597062688,0.002071545621453075
fixed_q32_oracle_eta,28200.0,0.015428844779358195,0.002191627889522873
fixed_q32_oracle_eta,28400.0,0.015573728965751469,0.002344591218914048
fixed_q32_oracle_eta,28600.0,0.015530188211931842,0.002546360951308454
fixed_q32_oracle_eta,28800.0,0.015637767538631622,0.002758183061521287
fixed_q32_oracle_eta,29000.0,0.015231384403777243,0.0028443950723426813
fixed_q32_oracle_eta,29200.0,0.014714221090707089,0.0029301157817303034
fixed_q32_oracle_eta,29400.0,0.013937992684733835,0.0027555516066630308
fixed_q32_oracle_eta,29600.0,0.013251891077212242,0.0024656850203475474
fixed_q32_oracle_eta,29800.0,0.012330819197535139,0.002048219623879544
fixed_q32_oracle_eta,30000.0,0.011956787829619162,0.0018239778411679897
fixed_q32_oracle_eta,30200.0,0.011505274628122543,0.0014877106445982011
fixed_q32_oracle_eta,30400.0,0.011007145788043734,0.0012009314325159407
fixed_q32_oracle_eta,30600.0,0.010835639976081156,0.0011039861768278216
fixed_q32_oracle_eta,30800.0,0.010825798680333744,0.001051723214644695
fixed_q32_oracle_eta,31000.0,0.010820470220845792,0.0010222285798917557
fixed_q32_oracle_eta,31200.0,0.010924570979607789,0.001002236810494724
fixed_q32_oracle_eta,31400.0,0.011006176992995428,0.000995293230277056
fixed_q32_oracle_eta,31600.0,0.011154939876282903,0.0009779155266807496
fixed_q32_oracle_eta,31800.0,0.01133933119079414,0.0009991874804277422
fixed_q32_oracle_eta,32000.0,0.011459963305219974,0.0010104470733243007
